id,reportId,auditType,severity,code,description,evidence,fixSuggestion,status,createdAt,updatedAt
cmr26iwf604iwv16zafw6fmzz,cmr26iwf504ivv16zhkx4bp8x,continuity,medium,continuity_gap,阿条询问见面地点后，跳过阿力的回复，直接转到她前往天台，缺少必要的信息传递。,阿条发出“在哪？几点。”后，下一段落已是“七点四十分。阿条走出公司大楼……”，中间未显示阿力如何告知地点。,插入一句阿力的微信回复（如“老地方天台”），或让阿条在前往时想起他的指示。,open,2026-07-01T14:37:05.057+00:00,2026-07-01T14:37:05.057+00:00
cmr26iwf604ixv16zbe9xs7js,cmr26iwf504ivv16zhkx4bp8x,continuity,low,continuity_setup_weak,阿力指出阿条说谎摸手腕的习惯，但前文未提供此类行为的描写，读者可能感到突然。,阿力说“你每次说谎的时候会摸你左手腕”，而之前章节中阿条敷衍小菲或他人时未有此动作。,在前文阿条说谎的场景中悄悄加入她无意识捻红绳或摸手腕的细节作为伏笔。,open,2026-07-01T14:37:05.057+00:00,2026-07-01T14:37:05.057+00:00
cmr26iwfd04j0v16zbbtcmalr,cmr26iwfc04izv16zqz49xwvy,plot,low,plot_thin,本章核心情节为一场对话，虽然情感推进有效，但缺少能够加剧张力的次级事件。,自阿条上天台到离开，全程为两人互动，外部打断仅有一次脚步声和一次手机震动，未构成实质威胁。,可考虑在规则协商过程中增加一次更切近的暴露风险（如天台门被风吹开），强化紧张感。,open,2026-07-01T14:37:05.064+00:00,2026-07-01T14:37:05.064+00:00
cmr26k45n04j7v16zxw6k0149,cmr26k45m04j6v16zpp5zo4fc,plot,low,supervision_missing,正文没有展示王总或公司制度对阿条阿力造成监控压力，而任务要求体现'上下级监控'这一状态。,正文没有展示王总或公司制度对阿条阿力造成监控压力，而任务要求体现'上下级监控'这一状态。,在王总开会或日常场景中加入一两个细节，如王总视线停留或对二人同组的注意，暗示监控存在但未被触发。,open,2026-07-01T14:38:01.738+00:00,2026-07-01T14:38:01.738+00:00
cmr26mcga04kmv16z8fjzq8rs,cmr26mcg904klv16z409ae907,character,low,missing_preserve_trait,阿条看到陈默消息时直接冷淡回复，内心无任何怀念波动，与 must preserve 的“阿条：怀念的过去”轻微冲突。,阿条看到陈默消息时直接冷淡回复，内心无任何怀念波动，与 must preserve 的“阿条：怀念的过去”轻微冲突。,在阿条看到陈默消息或回复时，补入一句极短的内心独白或下意识动作，体现她仍有一丝怀念但主动切断。,open,2026-07-01T14:39:45.801+00:00,2026-07-01T14:39:45.801+00:00
cmr271lg304rdv16z2ikut4vz,cmr271lg204rcv16zxvad75no,plot,high,obligation_missing,正文未出现小菲 goal changed 的任何内容，而这是本章 must hit now 的核心推进点。,正文未出现小菲 goal changed 的任何内容，而这是本章 must hit now 的核心推进点。,通过阿条的回忆或手机消息插入小菲的动态，例如她外勤回来态度转变，或群聊中表现出不再关注阿力手链等，以明确其怀疑消退。,open,2026-07-01T14:51:37.298+00:00,2026-07-01T14:51:37.298+00:00
cmr271lg304rev16zll9kdhdp,cmr271lg204rcv16zxvad75no,plot,high,obligation_missing,正文未体现阿力 goal changed，虽然有消息互动，但未展示其目标从配合测试转向任何新方向。,正文未体现阿力 goal changed，虽然有消息互动，但未展示其目标从配合测试转向任何新方向。,在阿条与阿力的消息往来中，让阿力主动提出一条新暗语或规则调整，暗示他正主导关系节奏的变化。,open,2026-07-01T14:51:37.298+00:00,2026-07-01T14:51:37.298+00:00
cmr271lg304rfv16zx6c9pcpe,cmr271lg204rcv16zxvad75no,plot,medium,obligation_missing,同事怀疑升级 regressed 未在任何情节中呈现，读者无法感知怀疑消退。,同事怀疑升级 regressed 未在任何情节中呈现，读者无法感知怀疑消退。,在阿条浏览工作群或回想小菲下午表现时，点明小菲不再打探或阿力手链话题已经冷却，以体现怀疑升级已逆转。,open,2026-07-01T14:51:37.298+00:00,2026-07-01T14:51:37.298+00:00
cmr271lg604rhv16z04ki8kox,cmr271lg504rgv16z3kgqtcx0,character,high,obligation_missing,陈默作为 required character appearance 未以任何形式出场，仅作为对话框静默存在。,陈默作为 required character appearance 未以任何形式出场，仅作为对话框静默存在。,安排陈默再次发来问候消息，阿条阅读后产生简短的回忆或冷漠疏离的回应，以完成出场要求并触发‘怀念的过去’状态。,open,2026-07-01T14:51:37.301+00:00,2026-07-01T14:51:37.301+00:00
cmr271lga04rjv16zw8k25xfg,cmr271lg904riv16z894kocx6,continuity,medium,obligation_missing,必须保留的‘阿条: 上下级监控’压力完全未提及，与上一章王总对表格有意见等伏笔断裂。,必须保留的‘阿条: 上下级监控’压力完全未提及，与上一章王总对表格有意见等伏笔断裂。,在工作群消息或阿条临睡前的思绪中，带过王总对明日晨会的严厉要求，以维持职场监控压力。,open,2026-07-01T14:51:37.305+00:00,2026-07-01T14:51:37.305+00:00
cmr27a1hh04usv16zov3iuzgd,cmr27a1hh04urv16zuy05eofv,plot,medium,praise_event_missing,章节目标要求“阿力称赞小菲后以冷淡一瞥回应”，正文仅展现阿力微笑致谢，未体现明确称赞，嫉妒触发稍弱。,章节目标要求“阿力称赞小菲后以冷淡一瞥回应”，正文仅展现阿力微笑致谢，未体现明确称赞，嫉妒触发稍弱。,可在小菲称赞手链后，阿力追加一句诸如“你眼光不错”或对小菲其他方面的肯定，以强化触发。,open,2026-07-01T14:58:11.332+00:00,2026-07-01T14:58:11.332+00:00
cmr27tggv04xdv16zie182frg,cmr27tggu04xcv16z6v5xthaj,plot,high,ending_missing,正文在陈默消息处截断，未出现深夜独处、预感未来等结尾钩子。,正文在陈默消息处截断，未出现深夜独处、预感未来等结尾钩子。,必须续写至结尾钩子完成，确保主题揭示和情感转化到位。,open,2026-07-01T15:13:17.214+00:00,2026-07-01T15:13:17.214+00:00
cmr27tggy04xfv16zxvetxx39,cmr27tggx04xev16zwgegb3pi,continuity,high,missing_obligation,多个必须推进项未兑现：plot/praise_event_missing、payoff/payoff_missing_progress、阿条的未来意识转折。,多个必须推进项未兑现：plot/praise_event_missing、payoff/payoff_missing_progress、阿条的未来意识转折。,补充赞美事件、payoff 推进，并在结尾明确阿条从刺激到疲惫的认知变化。,open,2026-07-01T15:13:17.217+00:00,2026-07-01T15:13:17.217+00:00
cmr281yfi04zyv16zdl543f6p,cmr281yfh04zxv16zoe81w3xh,continuity,low,opening_cut,本章开头直接切入周一午休，未像任务要求那样直接承接上一章尾段团建烧烤的场景、人物状态及未回复陈默的伏笔。,本章开头直接切入周一午休，未像任务要求那样直接承接上一章尾段团建烧烤的场景、人物状态及未回复陈默的伏笔。,可在开头增加一句短暂过渡，如“团建后的第一个周一，阿条在食堂坐下时，下意识把手机翻到陈默的对话框——她还没回复。”再切入食堂场景。,open,2026-07-01T15:19:53.741+00:00,2026-07-01T15:19:53.741+00:00
cmr289bv7052zv16z5xed2n18,cmr289bv6052yv16z8m2ni6uk,plot,medium,ending_hook_soft,结尾虽呈现怀疑念头与不再主动的决定，但未明确表达‘关系像踩在薄冰上，下一脚就可能碎裂’的危机感，削弱了对峙蓄能的紧张度。,结尾虽呈现怀疑念头与不再主动的决定，但未明确表达‘关系像踩在薄冰上，下一脚就可能碎裂’的危机感，削弱了对峙蓄能的紧张度。,在结尾添加一句强化薄冰碎裂感的比喻，使钩子更尖锐。,open,2026-07-01T15:25:37.746+00:00,2026-07-01T15:25:37.746+00:00
cmr30pebo0akgv16zije6ffx0,cmr30pebn0akfv16z902kwtno,continuity,medium,elevator_timing,阿力先离开工位前往电梯，阿条随后跟去；电梯显示停在1楼，阿条按下行键后电梯从1楼升至8楼，门开阿力仍在电梯内，暗示阿力下到一楼后未离开电梯并滞留其中，行为动机不明确，容易让读者困惑。,阿力先离开工位前往电梯，阿条随后跟去；电梯显示停在1楼，阿条按下行键后电梯从1楼升至8楼，门开阿力仍在电梯内，暗示阿力下到一楼后未离开电梯并滞留其中，行为动机不明确，容易让读者困惑。,可调整为：阿条到达电梯间时电梯正从某一楼层下行，或在阿条按下行键后电梯从楼上下来时里面已有阿力，或明确阿力从一楼折返的合理动机（如发现忘带文件）。,open,2026-07-02T04:41:56.675+00:00,2026-07-02T04:41:56.675+00:00
cmr310q0w0anov16zt4dadb8q,cmr310q0v0annv16zrgzd6szy,plot,medium,goal_change_missing,李晴仅以观察者身份简短出场，未显示其观察目标或行动策略有任何改变。,李晴仅以观察者身份简短出场，未显示其观察目标或行动策略有任何改变。,在李晴的某处对话或行为中，加入她从单纯观察转为担忧或主动试探的暗示，例如在递酸奶时多问一句‘你和阿力最近怪怪的’。,open,2026-07-02T04:50:45.055+00:00,2026-07-02T04:50:45.055+00:00
cmr310q0w0anpv16zsx5hv2we,cmr310q0v0annv16zrgzd6szy,plot,medium,goal_change_missing,阿力仅被动回避，没有展现新目标或态度转变，与“阿力 goal changed”的要求不符。,阿力仅被动回避，没有展现新目标或态度转变，与“阿力 goal changed”的要求不符。,在阿力移开视线后，增加他主动转向小菲讨论工作的细节，或通过阿条视角捕捉到他突然放松的肩膀等外部信号，暗示他已做出某种决定。,open,2026-07-02T04:50:45.055+00:00,2026-07-02T04:50:45.055+00:00
cmr3186z90ar2v16z3xl2cdov,cmr3186z90ar1v16zd3iqedlt,continuity,high,missing_required_character,章节任务要求陈默出场，但正文无任何陈默相关描写或提及。,章节任务要求陈默出场，但正文无任何陈默相关描写或提及。,在适当场景插入陈默的微信消息或提及聚会安排，例如让阿条在回避间隙收到陈默确认聚会细节的消息。,open,2026-07-02T04:56:33.621+00:00,2026-07-02T04:56:33.621+00:00
cmr3186zf0ar6v16zfrw5xi4p,cmr3186ze0ar5v16zjmf06rcm,character,medium,friend_care_not_advanced,李晴在偷听对话中仅回应‘嗯’，未展现对阿条的实质加深关心，与‘阿条: 朋友加深关心’的必须保留项不符。,李晴在偷听对话中仅回应‘嗯’，未展现对阿条的实质加深关心，与‘阿条: 朋友加深关心’的必须保留项不符。,在章末增加李晴下班前私下询问或发消息关心阿条状态的场景，体现朋友察觉异常但不过度干涉。,open,2026-07-02T04:56:33.626+00:00,2026-07-02T04:56:33.626+00:00
cmr31ahe70arev16zrccdt1i0,cmr31ahe60ardv16zc9bij80c,plot,medium,missing_payoff_touches,正文未触及陈默聚会干扰压力、阿力的条件‘别让我猜’、食堂暗语规则，暗语系统仅以内心拒绝一笔带过，影响后续节奏铺垫。,正文未触及陈默聚会干扰压力、阿力的条件‘别让我猜’、食堂暗语规则，暗语系统仅以内心拒绝一笔带过，影响后续节奏铺垫。,在阿条回忆或心理活动中补入对暗语、规则、陈默聚会的自然联想，并补充一句对王总审视的轻微恐惧，保持上下文连贯。,open,2026-07-02T04:58:20.430+00:00,2026-07-02T04:58:20.430+00:00
cmr31g9zo0au5v16z5gb8bo0s,cmr31g9zo0au4v16zd4dtphz0,plot,high,text_duplication,从“她等。这次她等了十分钟。……”之后的大段内容（约 600 字）几乎完全复制了前文的质问与等待描写，造成阅读中断与冗余。,从“她等。这次她等了十分钟。……”之后的大段内容（约 600 字）几乎完全复制了前文的质问与等待描写，造成阅读中断与冗余。,删除重复部分，保留一次完整的质问流程，并确保逻辑推进层次分明。,open,2026-07-02T05:02:50.771+00:00,2026-07-02T05:02:50.771+00:00
cmr31g9zs0au7v16zvz32g2ek,cmr31g9zr0au6v16zi70z1sic,continuity,medium,obligation_missing,Must hit now 要求李晴 goal changed，但正文仅回忆其问候，未体现她目标从观察到主动介入的转变；Required character appearance 要求陈默出场，但全文无其任何痕迹。,Must hit now 要求李晴 goal changed，但正文仅回忆其问候，未体现她目标从观察到主动介入的转变；Required character appearance 要求陈默出场，但全文无其任何痕迹。,补充李晴主动跟进（如再发消息或采取行动）的细节，并加入陈默的微信问候或电话震动，完成必须出场。,open,2026-07-02T05:02:50.775+00:00,2026-07-02T05:02:50.775+00:00
cmr31k0v20auev16zkknxphfb,cmr31k0v00audv16z5z8gn8oj,character,high,goal_change_missing_liqing,李晴仅延续关心，未达成本章要求的‘goal changed’（如从旁观转为主动介入）。,李晴仅延续关心，未达成本章要求的‘goal changed’（如从旁观转为主动介入）。,在李晴发消息后，增加她决定次日直接找阿条谈话的内心描写或行动暗示，体现目标升级。,open,2026-07-02T05:05:45.564+00:00,2026-07-02T05:05:45.564+00:00
cmr31k0v20aufv16z58crzjdi,cmr31k0v00audv16z5z8gn8oj,character,high,goal_change_missing_ali,阿力全程未展现目标变化，仍停留在回避模式，未体现本章应有的内在转折。,阿力全程未展现目标变化，仍停留在回避模式，未体现本章应有的内在转折。,在阿力已读不回期间，加入他线下微小动作（如摩挲手链、盯对话框）暗示内心动摇，为下一章铺垫。,open,2026-07-02T05:05:45.564+00:00,2026-07-02T05:05:45.564+00:00
cmr31k0v20augv16z3u5f4o0w,cmr31k0v00audv16z5z8gn8oj,character,medium,required_appearance_missing,王总、小菲未以任何形式出场，违反章节必出角色清单。,王总、小菲未以任何形式出场，违反章节必出角色清单。,通过阿条回忆或查看工作群消息的方式，自然引入王总对小菲/阿力工作的指示，实现角色间接出场。,open,2026-07-02T05:05:45.564+00:00,2026-07-02T05:05:45.564+00:00
cmr32mcl00b74v16zr47n89w4,cmr32mckz0b73v16zatc6rblo,character,high,missing_required_character,正文中陈默未以任何形式（出场、消息、提及）出现，但本章要求其出场。,正文中陈默未以任何形式（出场、消息、提及）出现，但本章要求其出场。,在章节合适位置（如会议后、结尾前）加入陈默的微信消息或简短提及，如‘陈默发来消息问周六聚会点菜’，阿条冷淡回应或不回，完成出场要求。,open,2026-07-02T05:35:33.683+00:00,2026-07-02T05:35:33.683+00:00
cmr334nzt0bcbv16z02bmpc20,cmr334nzs0bcav16zfkb0p3id,continuity,medium,character_missing,王总与小菲未在章节任何位置出现或提及，违反required character appearances硬约束。,王总与小菲未在章节任何位置出现或提及，违反required character appearances硬约束。,在阿条回到工位时加入李晴提及“王总刚走，脸色不好”的对话；或在李晴关心时顺带提到“小菲今晚请假”，自然完成出场义务。,open,2026-07-02T05:49:48.280+00:00,2026-07-02T05:49:48.280+00:00
cmr3374qg0bciv16zg3xd52hr,cmr3374qg0bchv16zff1mjq77,character,medium,required_character_missing,王总和小菲仅被李晴口中提及，未在正文中直接出场，违反required character appearances。,王总和小菲仅被李晴口中提及，未在正文中直接出场，违反required character appearances。,安排王总在走廊或工位附近路过，或让小菲在加班现场短暂出现，实现直接出场。,open,2026-07-02T05:51:43.287+00:00,2026-07-02T05:51:43.287+00:00
cmr3374qg0bcjv16zafld1ewg,cmr3374qg0bchv16zff1mjq77,character,medium,goal_change_unclear,阿力在本章中仅以回避和反问应对，未显示其目标产生任何可见变化。,阿力在本章中仅以回避和反问应对，未显示其目标产生任何可见变化。,通过阿力接电话后的细微神情或后续动作暗示他内心的波动或策略调整。,open,2026-07-02T05:51:43.287+00:00,2026-07-02T05:51:43.287+00:00
cmr33fmoj0bfbv16zfj8qt8r8,cmr33fmof0bfav16zp0gz0xdi,plot,high,missing_active_investigation,章节仅记录阿条被动观察手机消息，没有实施任何主动试探（如故意提及相关话题观察阿力反应）或当夜的实质性查证行动（仅存书签，未进行号码查询或暗查），与“试探刺破掩饰”“当晚首次主动查证行动”的必须达成目标不符。,章节仅记录阿条被动观察手机消息，没有实施任何主动试探（如故意提及相关话题观察阿力反应）或当夜的实质性查证行动（仅存书签，未进行号码查询或暗查），与“试探刺破掩饰”“当晚首次主动查证行动”的必须达成目标不符。,在文中插入一次阿条对阿力的言语试探（如用“最近晚上常接电话？”），并补全回家后执行至少一个具体查证动作的片段，例如回拨未接、搜索微信号、对比通讯录等。,open,2026-07-02T05:58:19.791+00:00,2026-07-02T05:58:19.791+00:00
cmr33xs1f0bkjv16zyrzawacp,cmr33xs1d0bkiv16zj4rgflpm,continuity,medium,unsupported_evidence,阿条质问‘在家接电话，为什么会有商场广播的背景音？’但前文从未提及这通电话中有广播声，读者会困惑阿条如何获知该细节。,阿条质问‘在家接电话，为什么会有商场广播的背景音？’但前文从未提及这通电话中有广播声，读者会困惑阿条如何获知该细节。,可在大巴回程或对峙前插入一句阿条回听通话录音/回想时注意到背景广播，或明确交代她是以李晴的目击为依据故意诈阿力。,open,2026-07-02T06:12:26.545+00:00,2026-07-02T06:12:26.545+00:00
cmr34yog20bv3v16zr25doq0s,cmr34yog10bv2v16zbxrqkfy4,plot,high,mission_misalignment,整章场景为陈默私人聚会，阿力仅通过消息出现，未发生任何公开示好被拒事件，同事（李晴、小菲、王总）全未出场，冲突未升级至公开僵持。,整章场景为陈默私人聚会，阿力仅通过消息出现，未发生任何公开示好被拒事件，同事（李晴、小菲、王总）全未出场，冲突未升级至公开僵持。,需重写本章，将场景设在办公室或工作日，让阿力在同事面前公开示好并被阿条拒绝，引发私下议论，明确指向隐瞒真相的指认。,open,2026-07-02T06:41:08.161+00:00,2026-07-02T06:41:08.161+00:00
cmr34yog20bv4v16zp2vpavt4,cmr34yog10bv2v16zbxrqkfy4,plot,high,obligation_gap,must hit now 中‘阿力公开示好被拒’、‘冲突升级至同事可见’、‘阿条将矛盾指向隐瞒真相’、‘同事反应暗示关系公开破裂’均未执行。,must hit now 中‘阿力公开示好被拒’、‘冲突升级至同事可见’、‘阿条将矛盾指向隐瞒真相’、‘同事反应暗示关系公开破裂’均未执行。,必须在本章内完成这些事件，不能跳过或转嫁给下一章。,open,2026-07-02T06:41:08.161+00:00,2026-07-02T06:41:08.161+00:00
cmr34yog50bv6v16zftmxcbz8,cmr34yog40bv5v16zwqxuojc0,character,high,missing_required_appearances,规定必须出场的李晴、小菲、王总全未出现，仅陈默和阿条在场。,规定必须出场的李晴、小菲、王总全未出现，仅陈默和阿条在场。,必须将剧情移至有同事在场的办公场景，确保这些角色出场并产生互动。,open,2026-07-02T06:41:08.164+00:00,2026-07-02T06:41:08.164+00:00
cmr35fv5z0bz3v16z0uzt5xx6,cmr35fv5z0bz2v16z1ndieftb,plot,medium,character_absence,正文中王总和小菲均未以任何形式出现，但本章结构义务要求他们出场。,正文中王总和小菲均未以任何形式出现，但本章结构义务要求他们出场。,在不打断节奏的前提下，可通过一句背景提及（如王总在群内发消息、小菲从过道经过等）补全存在感。,open,2026-07-02T06:54:30.023+00:00,2026-07-02T06:54:30.023+00:00
cmr35fv630bz5v16zy8bxa67n,cmr35fv620bz4v16z0flr0m5g,character,low,trust_goal_unmet,阿条全程未展现出对李晴信任的加深，仅保持距离，未呼应“加深信任”这一保留目标。,阿条全程未展现出对李晴信任的加深，仅保持距离，未呼应“加深信任”这一保留目标。,在结尾或李晴对话中增添一个微小互动，例如阿条将纸巾推回时附带一句默认的感谢，或李晴不再追问的默契，自然体现代偿式的信任。,open,2026-07-02T06:54:30.026+00:00,2026-07-02T06:54:30.026+00:00
cmr35sv480c24v16z9fiujj24,cmr35sv470c23v16za5sdpako,character,medium,missing_required_appearance,正文从头到尾未出现陈默的直接描写或间接提及，而required character appearances明确包含陈默。,正文从头到尾未出现陈默的直接描写或间接提及，而required character appearances明确包含陈默。,在章节开头或办公室场景中插入陈默的微信消息或简短通话，体现其存在。,open,2026-07-02T07:04:36.486+00:00,2026-07-02T07:04:36.486+00:00
cmr361yo00c54v16zofd68wk9,cmr361yo00c53v16zs7svkwze,continuity,high,missing_character_appearance,正文未出现陈默出场，甚至未提及任何来自陈默的消息或互动，违反 required character appearance。,正文未出现陈默出场，甚至未提及任何来自陈默的消息或互动，违反 required character appearance。,在阿条回到工位或离开公司前的任意场景中插入陈默的微信消息，内容可为聚会确认或简单问候，阿条已读未回，保持疏离感。,open,2026-07-02T07:11:40.991+00:00,2026-07-02T07:11:40.991+00:00
cmr364wbl0c5dv16zpw0xw2ax,cmr364wbj0c5cv16zyhryxe13,character,low,character_missing_appearance,陈默仅通过一句微信消息出现，无实际角色描写，不满足 Required character appearances 中的出场要求。,陈默仅通过一句微信消息出现，无实际角色描写，不满足 Required character appearances 中的出场要求。,将陈默的微信消息改为来电，阿条看到来电显示后未接，以此完成角色“出场”的替代笔法。,open,2026-07-02T07:13:57.919+00:00,2026-07-02T07:13:57.919+00:00
cmr36enxp0c8gv16zklh2908y,cmr36enxo0c8fv16zacnhi6mm,plot,medium,missing_required_characters,正文仅出现阿条，但系统要求阿力、李晴、王总、小菲、陈默出场，本章封闭空间禁止外部接触，无法实现。,正文仅出现阿条，但系统要求阿力、李晴、王总、小菲、陈默出场，本章封闭空间禁止外部接触，无法实现。,确认这些出场是否为本章强制需求；若是，则需调整章节设定或重排出场计划。,open,2026-07-02T07:21:33.612+00:00,2026-07-02T07:21:33.612+00:00
cmr36eny30c8iv16zahoer87i,cmr36enxx0c8hv16zzii2r0gg,character,medium,goal_change_unfulfilled,李晴和阿力的目标变化未能在本章体现，且无替代交代。,李晴和阿力的目标变化未能在本章体现，且无替代交代。,在后续章节通过对话或回忆补足目标变化，或明确这两项义务推迟至下一章。,open,2026-07-02T07:21:33.620+00:00,2026-07-02T07:21:33.620+00:00
cmr4cxmel0caov16zzpgx65jo,cmr4cxmel0canv16z8apbts1g,continuity,high,continuity_missing_action,必须推进的剧情“阿力在嘴角轻碰”未实际发生，只表现为靠近未触碰。,正文中阿力靠近嘴唇，差一点碰到，阿条即挣脱，缺少实际触碰。,在阿条挣脱前，让阿力的嘴唇轻触到她的嘴角，哪怕只是一瞬间。,open,2026-07-03T03:12:01.965+00:00,2026-07-03T03:12:01.965+00:00
cmr4cxmel0capv16zzsrp3r5a,cmr4cxmel0canv16z8apbts1g,continuity,high,continuity_missing_characters,本章要求出场的王总和陈默未出现。,全文未提到王总或陈默的任何活动。,在茶水间危机前后或工位场景中，安排王总或陈默短暂出场，如王总路过询问工作，或陈默发来消息被阿条看到。,open,2026-07-03T03:12:01.965+00:00,2026-07-03T03:12:01.965+00:00
cmr4cxmeo0carv16zo6qtl54e,cmr4cxmen0caqv16zaq2nbryc,character,medium,character_goal_unmet,阿条目标“彻底破裂、主导权转换、加深信任”未充分体现，尤其“彻底破裂”与故事开局状态冲突。,章节中阿条推开阿力说出“我们不能这样”，仅体现警觉和挣扎，未显示关系破裂或主导权转换的明确迹象。,修改阿条的心理活动，使其更明确地感到自己在这段关系中占据主动，同时为未来的破裂埋下伏笔；或调整目标设定。,open,2026-07-03T03:12:01.967+00:00,2026-07-03T03:12:01.967+00:00
cmr4cxmeo0casv16zjr3trqsh,cmr4cxmen0caqv16zaq2nbryc,character,low,character_behavior_slight_inconsistency,阿力在茶水间突然拉入阿条的动机解释稍显薄弱，仅通过事后一句话提及昨天的事，可能让读者感到突兀。,阿力说“刚才跟你说话，你都没反应。我以为你生气了”，但前面并未铺垫阿条昨天约他被拒后的情绪波动，导致突袭动机不够自然。,在开头或阿条经过阿力工位时，增加一两句暗示阿条昨天被拒后仍有些冷淡或情绪低落，使阿力的行为更有铺垫。,open,2026-07-03T03:12:01.967+00:00,2026-07-03T03:12:01.967+00:00
cmr4cxmes0cauv16zloj49we3,cmr4cxmes0catv16z87c1oxd0,plot,medium,plot_point_missing,关键情节“阿力在嘴角轻碰”未实现，削弱了瞬间的冲击力和禁忌感的建立。,正文中接近亲吻但未碰到，与任务要求不符。,加入描写：阿力的嘴唇擦过她的嘴角，或许带着一丝润唇膏的触感，然后她推开他。,open,2026-07-03T03:12:01.972+00:00,2026-07-03T03:12:01.972+00:00
cmr8kc8ni0d0cv16za5srho6s,cmr8kc8nh0d0bv16zprpqf5ep,character,medium,missing_required_character,正文未出现陈默，而required character appearances明确要求陈默出场。,正文未出现陈默，而required character appearances明确要求陈默出场。,在章节末尾或中间加入陈默通过微信联系阿条的场景，既满足出场也推进后续聚会。,open,2026-07-06T01:50:25.997+00:00,2026-07-06T01:50:25.997+00:00
cmr8kp1o00d5av16zt4xaea18,cmr8kp1nz0d59v16zmbxlpwan,plot,medium,missing_payoff_touch,正文未出现秘密通信与暗语系统的任何提及、回忆或废弃暗示，也未触及阿力的条件“别让我猜”，食堂场景缺乏暗语相关的压力表现。,正文未出现秘密通信与暗语系统的任何提及、回忆或废弃暗示，也未触及阿力的条件“别让我猜”，食堂场景缺乏暗语相关的压力表现。,在食堂场景或结尾心理描写中插入阿条对暗语系统已失效的认知，以及“别让我猜”这句话的反讽性回响，强化冷战彻底性。,open,2026-07-06T02:00:23.470+00:00,2026-07-06T02:00:23.470+00:00
cmr8l4teh0dawv16zvepl5ddk,cmr8l4teg0davv16zch26i6od,plot,high,ending_state_mismatch,正文结尾仅写到阿条搜索招聘信息并决定查证，未出现「发起最后试探：团建中用红裙打破沉默」的明确决定，与 forbidden crossings 要求的结束态冲突。,正文结尾仅写到阿条搜索招聘信息并决定查证，未出现「发起最后试探：团建中用红裙打破沉默」的明确决定，与 forbidden crossings 要求的结束态冲突。,在结尾搜索招聘信息之后，加入阿条明确决定在团建中穿红裙试探阿力的内心动作，使章节结束在「试探决心已定」的状态。,open,2026-07-06T02:12:39.256+00:00,2026-07-06T02:12:39.256+00:00
cmr8ldio50de4v16zloc9uruv,cmr8ldio40de3v16zsv4gma7p,plot,medium,missing_goal_changes,本章未展现李晴和阿力的目标变化，而这是must hit now义务。,本章未展现李晴和阿力的目标变化，而这是must hit now义务。,在阿条整理记录或最后躺下时，自然植入她对李晴立场转变的察觉（如李晴更坚定支持她）以及对阿力可能已在寻找退路的推断。,open,2026-07-06T02:19:25.252+00:00,2026-07-06T02:19:25.252+00:00
cmr8lg7hf0deav16z2ovbhxu7,cmr8lg7he0de9v16zi74343qn,continuity,medium,missing_goal_changes,李晴和阿力的目标变化在章节中未体现，而章末义务要求这些改变必须在本章发生。,李晴和阿力的目标变化在章节中未体现，而章末义务要求这些改变必须在本章发生。,在阿条处理记录或独处时，通过外部信息（如李晴的一则消息或她发现的招聘记录）暗示阿力已改变目标（如寻找退路），并让李晴表现出更主动的支援或态度转变。,open,2026-07-06T02:21:30.722+00:00,2026-07-06T02:21:30.722+00:00
cmr8lr7fd0dh7v16z1wxuxr4d,cmr8lr7fd0dh6v16zkyj9ysgp,continuity,medium,forbidden_crossing,正文第X段详细描写阿条清空聊天记录并保留截屏留档文件夹，违反forbidden crossings中'不得提前揭露：她已截图留档、废除暗语、删除聊天，完成绝情准备'的约束。,正文第X段详细描写阿条清空聊天记录并保留截屏留档文件夹，违反forbidden crossings中'不得提前揭露：她已截图留档、废除暗语、删除聊天，完成绝情准备'的约束。,删除或替换为模糊表述，如仅说明她做了某种决裂性的手机清理，但不透露截屏留档具体细节。,open,2026-07-06T02:30:03.865+00:00,2026-07-06T02:30:03.865+00:00
cmr8lr7fg0dh9v16z9t05easl,cmr8lr7fg0dh8v16zmej3c2v3,plot,medium,missing_must_hit_now,正文中阿条未向阿力发送任何决绝信息，未满足must hit now中的'发送决绝信息'要求，也未封印红裙，未完全实现'不再回头的封闭'。,正文中阿条未向阿力发送任何决绝信息，未满足must hit now中的'发送决绝信息'要求，也未封印红裙，未完全实现'不再回头的封闭'。,在合适位置（如大巴上或结尾）插入阿条编辑一条简短的决绝消息（如'不必再联系'）并发送后关机的场景，完成外部行动转化。或通过其他外部行动（如扔掉信物）体现封闭。,open,2026-07-06T02:30:03.867+00:00,2026-07-06T02:30:03.867+00:00
