id,novelId,chapterId,auditType,overallScore,summary,legacyScoreJson,createdAt,updatedAt
cmr266aji049iv16zjv4o5lr8,cmr23pgks000fv16zpwg1ms38,cmr24zob501riv16zlk7xxqvy,mode_fit,91,章节完整履行了所有义务：陌生演技展现充分，心理转变细腻，结尾悬念设置到位，伏笔兑现和约束遵守均无遗漏。可以继续推进。,"{""coherence"":92,""repetition"":90,""pacing"":88,""voice"":93,""engagement"":91,""overall"":91,""acceptanceStatus"":""accepted"",""continuePolicy"":""continue"",""riskTags"":[],""assetSyncRecommendation"":{""priority"":""normal"",""reason"":""本章推进了主线但没有明显伏笔对账风险，常规同步即可。"",""requiresFullPayoffReconcile"":false},""repairDirectives"":[]}",2026-07-01T14:27:16.830+00:00,2026-07-01T14:27:16.830+00:00
cmr26iwf504ivv16zhkx4bp8x,cmr23pgks000fv16zpwg1ms38,cmr24zob701rjv16zoa3pmbkg,continuity,82,时间、地点、人物状态总体连续，但阿力告知天台地点的信息缺失形成明显断点；阿力观察阿条说谎习惯的揭示缺乏前文铺垫，略微影响连贯性。,"{""coherence"":85,""repetition"":88,""pacing"":87,""voice"":90,""engagement"":90,""overall"":88}",2026-07-01T14:37:05.057+00:00,2026-07-01T14:37:05.057+00:00
cmr26iwf804iyv16ziwy9htuy,cmr23pgks000fv16zpwg1ms38,cmr24zob701rjv16zoa3pmbkg,character,90,阿条从被动到主动的心理转折通过行动展现，主导规则制定，符合角色发展；阿力保持神秘与克制，陈默作为背景出现，角色一致性强。,"{""coherence"":85,""repetition"":88,""pacing"":87,""voice"":90,""engagement"":90,""overall"":88}",2026-07-01T14:37:05.060+00:00,2026-07-01T14:37:05.060+00:00
cmr26iwfc04izv16zqz49xwvy,cmr23pgks000fv16zpwg1ms38,cmr24zob701rjv16zoa3pmbkg,plot,85,天台对话情节集中完成了秘密关系确立与信物埋设，但情节密度较低，基本为单一场次对话，未设置明显抵抗或波折。,"{""coherence"":85,""repetition"":88,""pacing"":87,""voice"":90,""engagement"":90,""overall"":88}",2026-07-01T14:37:05.064+00:00,2026-07-01T14:37:05.064+00:00
cmr26iwff04j1v16zi3mt6ml2,cmr23pgks000fv16zpwg1ms38,cmr24zob701rjv16zoa3pmbkg,mode_fit,90,语境保持职场偷情的紧张克制，外部风险自然植入，情感表达未滑向甜腻或过度告白，符合故事要求的氛围。,"{""coherence"":85,""repetition"":88,""pacing"":87,""voice"":90,""engagement"":90,""overall"":88}",2026-07-01T14:37:05.067+00:00,2026-07-01T14:37:05.067+00:00
cmr26k45m04j6v16zpp5zo4fc,cmr23pgks000fv16zpwg1ms38,cmr24zob901rkv16z4obgdvth,plot,89,本章主线清晰，暗语系统建立和测试完成，结尾钩子有效。但缺少对'上下级监控'的体现，且阿条内心禁忌自觉的刻画略弱。可通过局部补丁加强。,"{""coherence"":90,""repetition"":95,""pacing"":85,""voice"":90,""engagement"":88,""overall"":89,""acceptanceStatus"":""continue_with_risk"",""continuePolicy"":""repair_once"",""riskTags"":[""supervision_underrepresented""],""assetSyncRecommendation"":{""priority"":""normal"",""reason"":""暗语系统和食堂约定有记录价值，伏笔对账无紧急需求。"",""requiresFullPayoffReconcile"":false},""repairDirectives"":[{""mode"":""patch"",""target"":""plot"",""instruction"":""在办公室场景中（如开会时）增加王总对阿条和阿力同组的轻微注意，或阿条感知到王总审视的目光，体现上下级监控背景。同时，可在阿条心理活动中加入一点关于暴露风险的闪念，强化禁忌自觉。""}]}",2026-07-01T14:38:01.738+00:00,2026-07-01T14:38:01.738+00:00
cmr26mcg904klv16z409ae907,cmr23pgks000fv16zpwg1ms38,cmr24zob901rkv16z4obgdvth,character,83,主线完成度好，暗语系统和表演测试有趣且贴合角色，节奏轻快；但阿条对陈默消息的处理缺少对过去的怀念波动，需轻修。,"{""coherence"":85,""repetition"":88,""pacing"":80,""voice"":83,""engagement"":82,""overall"":83,""acceptanceStatus"":""continue_with_risk"",""continuePolicy"":""repair_once"",""riskTags"":[""character_consistency""],""assetSyncRecommendation"":{""priority"":""normal"",""reason"":""本章新增暗语系统、阿力附加条件等可记录资产；未见伏笔冲突，无需全量对账。"",""requiresFullPayoffReconcile"":false},""repairDirectives"":[{""mode"":""patch"",""target"":""character"",""instruction"":""在阿条收到陈默消息或回复场景中，增加 1-2 句内心波动（如手机屏幕停留、指尖迟疑、快速压下的回忆闪回等），保持第三人称有限视角，不破坏整体疏离基调。""}]}",2026-07-01T14:39:45.801+00:00,2026-07-01T14:39:45.801+00:00
cmr26tjzz04o4v16z4bycqir0,cmr23pgks000fv16zpwg1ms38,cmr24zobb01rlv16z1chjyonq,mode_fit,85,本章主线完成，暗语测试、脱险表演、默契升级均到位，结尾钩子有效。部分次要推进（如阿力目标变化、怀念过去）表现较弱，但不影响下一章入口，可在后续补强。,"{""coherence"":85,""repetition"":92,""pacing"":80,""voice"":86,""engagement"":84,""overall"":85,""acceptanceStatus"":""continue_with_risk"",""continuePolicy"":""continue"",""riskTags"":[""阿力目标变化不明显，可能影响后续角色弧线连贯性"",""怀念过去元素仅通过陈默消息浅触，若后续需深化应加强"",""脱险过程过于顺利，缺乏可见纰漏，可能稍弱刺激感，但不影响可读性""],""assetSyncRecommendation"":{""priority"":""normal"",""reason"":""本章新增暗语规则、角色状态微调，可正常入库；无需要求全量伏笔对账的重大风险。"",""requiresFullPayoffReconcile"":false},""repairDirectives"":[]}",2026-07-01T14:45:22.174+00:00,2026-07-01T14:45:22.174+00:00
cmr271lg204rcv16zxvad75no,cmr23pgks000fv16zpwg1ms38,cmr24zobd01rmv16z1nhh9ss5,plot,72,正文以细腻的心理描写展现了阿条从回味到主动联系的过程，静谧氛围和暗语默契保持良好，但完全缺失了小菲 goal changed、阿力 goal changed、同事怀疑升级 regressed 等多项必须推进的义务，且陈默未出场、上下级监控压力未体现，导致章节任务严重不完整。,"{""coherence"":70,""repetition"":85,""pacing"":65,""voice"":85,""engagement"":75,""overall"":72,""acceptanceStatus"":""needs_manual_review"",""continuePolicy"":""pause"",""riskTags"":[""核心义务大面积缺失"",""连续性断裂风险"",""人物状态滞后""],""assetSyncRecommendation"":{""priority"":""high"",""reason"":""大量必须推进的线索在本章断线，后续衔接需要全面对账伏笔和人物状态，建议优先同步以便人工修复。"",""requiresFullPayoffReconcile"":true},""repairDirectives"":[]}",2026-07-01T14:51:37.298+00:00,2026-07-01T14:51:37.298+00:00
cmr271lg504rgv16z3kgqtcx0,cmr23pgks000fv16zpwg1ms38,cmr24zobd01rmv16z1nhh9ss5,character,72,正文以细腻的心理描写展现了阿条从回味到主动联系的过程，静谧氛围和暗语默契保持良好，但完全缺失了小菲 goal changed、阿力 goal changed、同事怀疑升级 regressed 等多项必须推进的义务，且陈默未出场、上下级监控压力未体现，导致章节任务严重不完整。,"{""coherence"":70,""repetition"":85,""pacing"":65,""voice"":85,""engagement"":75,""overall"":72,""acceptanceStatus"":""needs_manual_review"",""continuePolicy"":""pause"",""riskTags"":[""核心义务大面积缺失"",""连续性断裂风险"",""人物状态滞后""],""assetSyncRecommendation"":{""priority"":""high"",""reason"":""大量必须推进的线索在本章断线，后续衔接需要全面对账伏笔和人物状态，建议优先同步以便人工修复。"",""requiresFullPayoffReconcile"":true},""repairDirectives"":[]}",2026-07-01T14:51:37.301+00:00,2026-07-01T14:51:37.301+00:00
cmr271lg904riv16z894kocx6,cmr23pgks000fv16zpwg1ms38,cmr24zobd01rmv16z1nhh9ss5,continuity,72,正文以细腻的心理描写展现了阿条从回味到主动联系的过程，静谧氛围和暗语默契保持良好，但完全缺失了小菲 goal changed、阿力 goal changed、同事怀疑升级 regressed 等多项必须推进的义务，且陈默未出场、上下级监控压力未体现，导致章节任务严重不完整。,"{""coherence"":70,""repetition"":85,""pacing"":65,""voice"":85,""engagement"":75,""overall"":72,""acceptanceStatus"":""needs_manual_review"",""continuePolicy"":""pause"",""riskTags"":[""核心义务大面积缺失"",""连续性断裂风险"",""人物状态滞后""],""assetSyncRecommendation"":{""priority"":""high"",""reason"":""大量必须推进的线索在本章断线，后续衔接需要全面对账伏笔和人物状态，建议优先同步以便人工修复。"",""requiresFullPayoffReconcile"":true},""repairDirectives"":[]}",2026-07-01T14:51:37.305+00:00,2026-07-01T14:51:37.305+00:00
cmr27a1hh04urv16zuy05eofv,cmr23pgks000fv16zpwg1ms38,cmr24zobf01rnv16zemm40alv,plot,81,本章完成嫉妒试探和团建距离策略的铺垫，主体情节符合任务要求，但个别触发细节未严格对齐，后续可继续推进。,"{""coherence"":85,""repetition"":86,""pacing"":78,""voice"":82,""engagement"":80,""overall"":81,""acceptanceStatus"":""continue_with_risk"",""continuePolicy"":""continue"",""riskTags"":[""jealousy_trigger_mild"",""past_nostalgia_missing"",""upcoming_cold_war_setup""],""assetSyncRecommendation"":{""priority"":""normal"",""reason"":""本章推进了嫉妒试探并种下团建策略种子，资产无重大冲突。"",""requiresFullPayoffReconcile"":false},""repairDirectives"":[]}",2026-07-01T14:58:11.332+00:00,2026-07-01T14:58:11.332+00:00
cmr27tggu04xcv16z6v5xthaj,cmr23pgks000fv16zpwg1ms38,cmr24zobh01rov16z0c34j46e,plot,73,正文在关键钩子前中断，缺失结尾孤独感渲染、未来认知转折及猜疑伏笔，无法构成完整章节。,"{""coherence"":70,""repetition"":80,""pacing"":65,""voice"":75,""engagement"":75,""overall"":73,""acceptanceStatus"":""needs_manual_review"",""continuePolicy"":""pause"",""riskTags"":[""incomplete_ending"",""missing_character_goal_change"",""unfulfilled_payoff""],""assetSyncRecommendation"":{""priority"":""high"",""reason"":""章节不完整，强行接收会导致资产同步混乱，必须全量伏笔对账。"",""requiresFullPayoffReconcile"":true},""repairDirectives"":[{""mode"":""rewrite"",""target"":""ending"",""instruction"":""从陈默消息后继续，补全烧烤场景，过渡到深夜独处，完成孤独感渲染、猜疑种子和结尾钩子。""},{""mode"":""patch"",""target"":""plot"",""instruction"":""在团建活动中插入一个自然的赞美事件（如教练或王总对某人的表扬），并让阿条通过此事触发对关系的反思。""}]}",2026-07-01T15:13:17.214+00:00,2026-07-01T15:13:17.214+00:00
cmr27tggx04xev16zwgegb3pi,cmr23pgks000fv16zpwg1ms38,cmr24zobh01rov16z0c34j46e,continuity,73,正文在关键钩子前中断，缺失结尾孤独感渲染、未来认知转折及猜疑伏笔，无法构成完整章节。,"{""coherence"":70,""repetition"":80,""pacing"":65,""voice"":75,""engagement"":75,""overall"":73,""acceptanceStatus"":""needs_manual_review"",""continuePolicy"":""pause"",""riskTags"":[""incomplete_ending"",""missing_character_goal_change"",""unfulfilled_payoff""],""assetSyncRecommendation"":{""priority"":""high"",""reason"":""章节不完整，强行接收会导致资产同步混乱，必须全量伏笔对账。"",""requiresFullPayoffReconcile"":true},""repairDirectives"":[{""mode"":""rewrite"",""target"":""ending"",""instruction"":""从陈默消息后继续，补全烧烤场景，过渡到深夜独处，完成孤独感渲染、猜疑种子和结尾钩子。""},{""mode"":""patch"",""target"":""plot"",""instruction"":""在团建活动中插入一个自然的赞美事件（如教练或王总对某人的表扬），并让阿条通过此事触发对关系的反思。""}]}",2026-07-01T15:13:17.217+00:00,2026-07-01T15:13:17.217+00:00
cmr281yfh04zxv16zoe81w3xh,cmr23pgks000fv16zpwg1ms38,cmr24zobj01rpv16zet3olxnq,continuity,86,本章主线完成度高，核心情节全部到位，结尾钩子有力，但小菲目标转变缺失和开头承接略跳，可通过后续章节自然弥补。,"{""coherence"":85,""repetition"":90,""pacing"":82,""voice"":88,""engagement"":85,""overall"":86,""acceptanceStatus"":""continue_with_risk"",""continuePolicy"":""continue"",""riskTags"":[""小菲目标变化延后"",""开头承接跳跃""],""assetSyncRecommendation"":{""priority"":""normal"",""reason"":""本章有重要剧情推进和情绪转折，但无需紧急全量伏笔对账。"",""requiresFullPayoffReconcile"":false},""repairDirectives"":[]}",2026-07-01T15:19:53.741+00:00,2026-07-01T15:19:53.741+00:00
cmr289bv6052yv16z8m2ni6uk,cmr23pgks000fv16zpwg1ms38,cmr24zobt01rqv16zbto61e2r,plot,83,本章主线推进扎实，冷落实感和怀疑萌芽已有效累积，但结尾钩子可再强化以完全贴合任务要求的蓄能效果。,"{""coherence"":85,""repetition"":82,""pacing"":80,""voice"":85,""engagement"":83,""overall"":83,""acceptanceStatus"":""repairable"",""continuePolicy"":""repair_once"",""riskTags"":[""ending_hook""],""assetSyncRecommendation"":{""priority"":""normal"",""reason"":""本章推进了冷落伏笔与怀疑萌芽，记录状态变化即可，暂无全量对账必要。"",""requiresFullPayoffReconcile"":false},""repairDirectives"":[{""mode"":""patch"",""target"":""ending"",""instruction"":""在‘她把手机放下。不再发消息。’之后，插入一句：‘像踩在薄冰上，不知道下一脚会不会碎裂。’或类似表述，直接点明关系危如累卵的状态，与任务钩子咬合。""}]}",2026-07-01T15:25:37.746+00:00,2026-07-01T15:25:37.746+00:00
cmr28an130535v16zyfnl985x,cmr23pgks000fv16zpwg1ms38,cmr24zobt01rqv16zbto61e2r,mode_fit,88,本章冷落累积到位，结尾钩子精准，义务完成度高，可以继续推进。,"{""coherence"":90,""repetition"":92,""pacing"":85,""voice"":85,""engagement"":88,""overall"":88,""acceptanceStatus"":""accepted"",""continuePolicy"":""continue"",""riskTags"":[],""assetSyncRecommendation"":{""priority"":""normal"",""reason"":""本章正常推进剧情，无需要立即更新的高优先级资产变化。"",""requiresFullPayoffReconcile"":false},""repairDirectives"":[]}",2026-07-01T15:26:38.871+00:00,2026-07-01T15:26:38.871+00:00
cmr30pebn0akfv16z902kwtno,cmr23pgks000fv16zpwg1ms38,cmr24zobw01rrv16zsmqcorpc,continuity,83,章节主线完整，情绪递进自然，但电梯相遇的逻辑存在轻微时序矛盾，可通过局部修补优化。,"{""coherence"":78,""repetition"":88,""pacing"":82,""voice"":85,""engagement"":84,""overall"":83,""acceptanceStatus"":""repairable"",""continuePolicy"":""repair_once"",""riskTags"":[""elevator_logic""],""assetSyncRecommendation"":{""priority"":""normal"",""reason"":""本章主要推进人物关系和心理状态，无大量新资产或伏笔，但陈默聚会提醒、暗语提及等可记录。"",""requiresFullPayoffReconcile"":false},""repairDirectives"":[{""mode"":""patch"",""target"":""continuity"",""instruction"":""调整电梯相遇的逻辑，确保阿力出现在电梯内的方式自然。例如，让阿条按下行键时电梯正在下行，门开时阿力恰好站在里面准备前往一楼；或提示阿力下到一楼后未立即出梯，短暂处理文件，电梯被阿条叫回。""}]}",2026-07-02T04:41:56.675+00:00,2026-07-02T04:41:56.675+00:00
cmr30r3hl0aklv16z39gnbce0,cmr23pgks000fv16zpwg1ms38,cmr24zobw01rrv16zsmqcorpc,mode_fit,82,本章按计划完成了电梯对峙和猜疑升级，结尾钩子有效；但赌气离场的具体动作与任务说明略有出入，且部分可推迟的伏笔未触碰，建议后续章节留意。,"{""coherence"":82,""repetition"":88,""pacing"":80,""voice"":84,""engagement"":78,""overall"":82,""acceptanceStatus"":""continue_with_risk"",""continuePolicy"":""continue"",""riskTags"":[""ending_hook_soft"",""deferred_payoff_touches""],""assetSyncRecommendation"":{""priority"":""normal"",""reason"":""主要推进人物关系，新增测试方向伏笔，但未涉及复杂线索对账。"",""requiresFullPayoffReconcile"":false},""repairDirectives"":[]}",2026-07-02T04:43:15.945+00:00,2026-07-02T04:43:15.945+00:00
cmr310q0v0annv16zrgzd6szy,cmr23pgks000fv16zpwg1ms38,cmr24zoby01rsv16zxnuxclfi,plot,84,本章通过阿条主动测试阿力反应，实现了猜疑升级的核心推进，但李晴和阿力的目标变化未明确体现，需要通过轻修补足。,"{""coherence"":85,""repetition"":90,""pacing"":82,""voice"":85,""engagement"":83,""overall"":84,""acceptanceStatus"":""repairable"",""continuePolicy"":""repair_once"",""riskTags"":[""character_goal_change""],""assetSyncRecommendation"":{""priority"":""normal"",""reason"":""本章完成测试环节，猜疑升级，为后续对峙蓄能，但无高优先级资产冲突。"",""requiresFullPayoffReconcile"":false},""repairDirectives"":[{""mode"":""patch"",""target"":""character"",""instruction"":""在李晴与阿条食堂对话或走廊相遇时，添加一句李晴略带担忧的试探或内心独白提示，表明她开始将观察转化为具体行动。""},{""mode"":""patch"",""target"":""character"",""instruction"":""在阿力目光移开后，插入他主动与小菲交谈并拉近座位距离的细节，或通过阿条注意到他手链停止捻转等微动作，暗示他选择了新的应对策略。""}]}",2026-07-02T04:50:45.055+00:00,2026-07-02T04:50:45.055+00:00
cmr3186z90ar1v16zd3iqedlt,cmr23pgks000fv16zpwg1ms38,cmr24zoc001rtv16zdbja58rs,continuity,82,本章主线情绪推进扎实，偷听与回避转变自然，但多项计划义务（陈默出场、payoff touches、朋友关心）未兑现，需局部补丁后继续。,"{""coherence"":80,""repetition"":85,""pacing"":82,""voice"":84,""engagement"":83,""overall"":82,""acceptanceStatus"":""repairable"",""continuePolicy"":""repair_once"",""riskTags"":[""missing_payoff_touches"",""missing_character_appearance"",""friend_care_flat""],""assetSyncRecommendation"":{""priority"":""normal"",""reason"":""修补后陈默出场和payoff兑现会新增可记录资产，但无颠覆性伏笔变动。"",""requiresFullPayoffReconcile"":false},""repairDirectives"":[{""mode"":""patch"",""target"":""plot"",""instruction"":""在正文中后段（如阿条回避后或傍晚）插入陈默的微信消息确认聚会时间地点，同时让阿条在内心闪回暗语规则却主动放弃使用，以兑现所有缺失的payoff touches和角色出场；在结尾前增加李晴的简短关心互动。""}]}",2026-07-02T04:56:33.621+00:00,2026-07-02T04:56:33.621+00:00
cmr3186ze0ar5v16zjmf06rcm,cmr23pgks000fv16zpwg1ms38,cmr24zoc001rtv16zdbja58rs,character,82,本章主线情绪推进扎实，偷听与回避转变自然，但多项计划义务（陈默出场、payoff touches、朋友关心）未兑现，需局部补丁后继续。,"{""coherence"":80,""repetition"":85,""pacing"":82,""voice"":84,""engagement"":83,""overall"":82,""acceptanceStatus"":""repairable"",""continuePolicy"":""repair_once"",""riskTags"":[""missing_payoff_touches"",""missing_character_appearance"",""friend_care_flat""],""assetSyncRecommendation"":{""priority"":""normal"",""reason"":""修补后陈默出场和payoff兑现会新增可记录资产，但无颠覆性伏笔变动。"",""requiresFullPayoffReconcile"":false},""repairDirectives"":[{""mode"":""patch"",""target"":""plot"",""instruction"":""在正文中后段（如阿条回避后或傍晚）插入陈默的微信消息确认聚会时间地点，同时让阿条在内心闪回暗语规则却主动放弃使用，以兑现所有缺失的payoff touches和角色出场；在结尾前增加李晴的简短关心互动。""}]}",2026-07-02T04:56:33.626+00:00,2026-07-02T04:56:33.626+00:00
cmr31ahe60ardv16zc9bij80c,cmr23pgks000fv16zpwg1ms38,cmr24zoc001rtv16zdbja58rs,plot,83,本章主线成立，偷听与回避转变完成度高，但部分必需伏笔触达不足，可通过局部补丁修复。,"{""coherence"":85,""repetition"":82,""pacing"":80,""voice"":85,""engagement"":83,""overall"":83,""acceptanceStatus"":""continue_with_risk"",""continuePolicy"":""repair_once"",""riskTags"":[""missing_payoff_touches"",""lacking_upper_monitor_stress""],""assetSyncRecommendation"":{""priority"":""normal"",""reason"":""有偷听与回避等重要推进，但无重大伏笔断裂风险。"",""requiresFullPayoffReconcile"":false},""repairDirectives"":[{""mode"":""patch"",""target"":""plot"",""instruction"":""在正文以下位置嵌入心理描写：1）阿条收到陈默微信时，增加对聚会可能暴露关系的瞬间不安；2）阿条决定不用暗语时，浮现‘苏打水’‘芒果’等暗语记忆；3）在回忆阿力时插入‘别让我猜’的条件；4）中午不去食堂时，想起食堂隔座暗语规则；5）王总过问数据时，增加一句阿条因担心被审视而心跳加速的细节。以上修补均保持在200字以内，不改变现有情节走向。""}]}",2026-07-02T04:58:20.430+00:00,2026-07-02T04:58:20.430+00:00
cmr31g9zo0au4v16zd4dtphz0,cmr23pgks000fv16zpwg1ms38,cmr24zoc101ruv16zr0qqiis6,plot,69,主线质问与冷墙成立，但正文出现严重文本重复，且缺失李晴目标变化、陈默出场等必须义务，需局部修复。,"{""coherence"":65,""repetition"":50,""pacing"":74,""voice"":80,""engagement"":78,""overall"":69,""acceptanceStatus"":""repairable"",""continuePolicy"":""repair_once"",""riskTags"":[""obligation_gap"",""text_duplication""],""assetSyncRecommendation"":{""priority"":""normal"",""reason"":""本章推进了关系破裂的关键一步，但修补后无需全量伏笔对账。"",""requiresFullPayoffReconcile"":false},""repairDirectives"":[{""mode"":""rewrite"",""target"":""plot"",""instruction"":""删除“她等。这次她等了十分钟。……”之后的所有重复段落，重新组织该处的等待与自我对话，保持一次流畅的质问→等待→失望→最终绝望的推进，避免内容回退。""},{""mode"":""patch"",""target"":""character"",""instruction"":""在不破坏质问主线的前提下，插入李晴再度发消息（如“要不明天午饭聊聊？”）体现其关心升级，以及陈默的微信震动（如询问聚会确认），体现必须出场。""}]}",2026-07-02T05:02:50.771+00:00,2026-07-02T05:02:50.771+00:00
cmr31g9zr0au6v16zi70z1sic,cmr23pgks000fv16zpwg1ms38,cmr24zoc101ruv16zr0qqiis6,continuity,69,主线质问与冷墙成立，但正文出现严重文本重复，且缺失李晴目标变化、陈默出场等必须义务，需局部修复。,"{""coherence"":65,""repetition"":50,""pacing"":74,""voice"":80,""engagement"":78,""overall"":69,""acceptanceStatus"":""repairable"",""continuePolicy"":""repair_once"",""riskTags"":[""obligation_gap"",""text_duplication""],""assetSyncRecommendation"":{""priority"":""normal"",""reason"":""本章推进了关系破裂的关键一步，但修补后无需全量伏笔对账。"",""requiresFullPayoffReconcile"":false},""repairDirectives"":[{""mode"":""rewrite"",""target"":""plot"",""instruction"":""删除“她等。这次她等了十分钟。……”之后的所有重复段落，重新组织该处的等待与自我对话，保持一次流畅的质问→等待→失望→最终绝望的推进，避免内容回退。""},{""mode"":""patch"",""target"":""character"",""instruction"":""在不破坏质问主线的前提下，插入李晴再度发消息（如“要不明天午饭聊聊？”）体现其关心升级，以及陈默的微信震动（如询问聚会确认），体现必须出场。""}]}",2026-07-02T05:02:50.775+00:00,2026-07-02T05:02:50.775+00:00
cmr31k0v00audv16z5z8gn8oj,cmr23pgks000fv16zpwg1ms38,cmr24zoc101ruv16zr0qqiis6,character,82,质问主线完成度高，但部分角色目标转变和必需出场缺失，可通过局部修补解决。,"{""coherence"":83,""repetition"":85,""pacing"":76,""voice"":84,""engagement"":82,""overall"":82,""acceptanceStatus"":""repairable"",""continuePolicy"":""repair_once"",""riskTags"":[""character_goal_unclear"",""obligation_gap""],""assetSyncRecommendation"":{""priority"":""high"",""reason"":""本章是关系破裂关键转折点，阿条状态转变需即时同步，并标记李晴、阿力目标为待更新。"",""requiresFullPayoffReconcile"":false},""repairDirectives"":[{""mode"":""patch"",""target"":""character"",""instruction"":""在质问前插入一段公司白天速写：王总分派任务给阿力和小菲，阿条目睹后内心波澜；同时让李晴的消息中透露已决定找阿条谈话。阿力则在收到质问时有一个微动作特写。""}]}",2026-07-02T05:05:45.564+00:00,2026-07-02T05:05:45.564+00:00
cmr31pnrl0awtv16z8zutwawo,cmr23pgks000fv16zpwg1ms38,cmr24zoc301rvv16zsof6hdh2,mode_fit,84,本章成功完成从期待到决绝的心理转折，冷暴力具象化清晰，结尾为下一章压力铺垫到位，正文可直接推进。,"{""coherence"":85,""repetition"":90,""pacing"":82,""voice"":82,""engagement"":83,""overall"":84,""acceptanceStatus"":""accepted"",""continuePolicy"":""continue"",""riskTags"":[""李晴过早获悉秘密关系可能削弱后续同事试探的神秘感，需在下一章调整压力来源""],""assetSyncRecommendation"":{""priority"":""normal"",""reason"":""本章推进了阿条和李晴的核心状态变化，陈默聚会确认，暗语回忆出现，但无紧急同步需求。"",""requiresFullPayoffReconcile"":false},""repairDirectives"":[]}",2026-07-02T05:10:08.529+00:00,2026-07-02T05:10:08.529+00:00
cmr31xus80b00v16zpurw1us9,cmr23pgks000fv16zpwg1ms38,cmr24zoc501rwv16zvt0vmmu0,mode_fit,84,本章成功完成了咖啡试探事件，阿条的心理防线建立自然，钩子清晰，可继续推进。,"{""coherence"":85,""repetition"":88,""pacing"":82,""voice"":84,""engagement"":83,""overall"":84,""acceptanceStatus"":""continue_with_risk"",""continuePolicy"":""continue"",""riskTags"":[""group_test_scene""],""assetSyncRecommendation"":{""priority"":""normal"",""reason"":""本章有明确的剧情推进和角色状态更新，但无明显需要紧急对账的伏笔。"",""requiresFullPayoffReconcile"":false},""repairDirectives"":[]}",2026-07-02T05:16:30.872+00:00,2026-07-02T05:16:30.872+00:00
cmr323wm50b2jv16zqete469j,cmr23pgks000fv16zpwg1ms38,cmr24zoc701rxv16z1uyp5r52,mode_fit,84,章节完整执行团队聚餐疏离策略，推进阿条内心转折，符合所有结构义务与禁止项，无明显阻断性问题。,"{""coherence"":85,""repetition"":88,""pacing"":80,""voice"":84,""engagement"":83,""overall"":84,""acceptanceStatus"":""accepted"",""continuePolicy"":""continue"",""riskTags"":[],""assetSyncRecommendation"":{""priority"":""normal"",""reason"":""本章推进了聚餐场景与阿条内心转折，但无新伏笔或急迫对账需求。"",""requiresFullPayoffReconcile"":false},""repairDirectives"":[]}",2026-07-02T05:21:13.181+00:00,2026-07-02T05:21:13.181+00:00
cmr32bl9o0b4nv16z3vidqse7,cmr23pgks000fv16zpwg1ms38,cmr24zoc901ryv16zxu2sbz7r,mode_fit,84,章节主线准确完成，按掉来电且已读不回的心理转折清晰，结尾钩子有效建立，可直接继续。,"{""coherence"":88,""repetition"":84,""pacing"":80,""voice"":85,""engagement"":82,""overall"":84,""acceptanceStatus"":""accepted"",""continuePolicy"":""continue"",""riskTags"":[""pacing_slow"",""repetition_minor""],""assetSyncRecommendation"":{""priority"":""normal"",""reason"":""本章推进了阿条心理转折和关系状态，为下章合作冲突铺垫，但无新资产或复杂伏笔，正常同步即可。"",""requiresFullPayoffReconcile"":false},""repairDirectives"":[]}",2026-07-02T05:27:11.724+00:00,2026-07-02T05:27:11.724+00:00
cmr32mckz0b73v16zatc6rblo,cmr23pgks000fv16zpwg1ms38,cmr24zocb01rzv16zba9tkamt,character,83,本章通过茶水间试探与会议中的暗中较劲，完成了阿条主动出击与关系冰裂的核心任务，但必须角色陈默未出场，需补丁修复。,"{""coherence"":85,""repetition"":88,""pacing"":80,""voice"":83,""engagement"":82,""overall"":83,""acceptanceStatus"":""repairable"",""continuePolicy"":""repair_once"",""riskTags"":[],""assetSyncRecommendation"":{""priority"":""normal"",""reason"":""关系状态从冷战转为猜疑拉扯，可记录为剧情推进，但无需立即全量伏笔对账。"",""requiresFullPayoffReconcile"":false},""repairDirectives"":[{""mode"":""patch"",""target"":""character"",""instruction"":""在正文中插入一处陈默的出场：可通过微信消息、电话震动未接、或阿条扫一眼锁屏通知等细节，内容围绕周六聚会提醒，篇幅控制在30字以内，不打断主情绪流。""}]}",2026-07-02T05:35:33.683+00:00,2026-07-02T05:35:33.683+00:00
cmr32ort10b7av16zpe5ag4kd,cmr23pgks000fv16zpwg1ms38,cmr24zocb01rzv16zba9tkamt,mode_fit,89,本章严格完成茶水间试探事件，情绪弧从伪装轻松到失望、决绝、冰冷收场自然完整，关系彻底转为猜疑拉扯，所有硬合同义务均已满足，无需修复。,"{""coherence"":92,""repetition"":89,""pacing"":87,""voice"":91,""engagement"":88,""overall"":89,""acceptanceStatus"":""accepted"",""continuePolicy"":""continue"",""riskTags"":[],""assetSyncRecommendation"":{""priority"":""normal"",""reason"":""本章推进了关系状态，但无急剧转折，资产同步常规即可。"",""requiresFullPayoffReconcile"":false},""repairDirectives"":[]}",2026-07-02T05:37:26.725+00:00,2026-07-02T05:37:26.725+00:00
cmr32yfkd0b9pv16zmmfbhrfj,cmr23pgks000fv16zpwg1ms38,cmr24zocd01s0v16zaocty107,mode_fit,87,主线完成度高，疏离感刻画充分，结尾情绪积蓄到位，所有必达义务均已满足。王总仅通过邮件和群聊出场，但未造成实质缺失。钩子偏内化，但能为下一章强烈冲突蓄能。,"{""coherence"":92,""repetition"":86,""pacing"":83,""voice"":88,""engagement"":85,""overall"":87,""acceptanceStatus"":""continue_with_risk"",""continuePolicy"":""continue"",""riskTags"":[""boss_indirect_appearance"",""ending_hook_internal""],""assetSyncRecommendation"":{""priority"":""normal"",""reason"":""本章推进了人物关系与状态变化，但未涉及关键伏笔或资源变动，无需全量对账。"",""requiresFullPayoffReconcile"":false},""repairDirectives"":[]}",2026-07-02T05:44:57.421+00:00,2026-07-02T05:44:57.421+00:00
cmr334nzs0bcav16zfkb0p3id,cmr23pgks000fv16zpwg1ms38,cmr24zocf01s1v16zorowoe4i,continuity,83,走廊对峙主线完成，阿条心理转折清晰，但阿力目标变化刻画不足，且王总、小菲未按硬性要求出场，需轻修补齐。,"{""coherence"":85,""repetition"":88,""pacing"":80,""voice"":84,""engagement"":82,""overall"":83,""acceptanceStatus"":""repairable"",""continuePolicy"":""repair_once"",""riskTags"":[""ali_goal_vague"",""missing_required_appearance""],""assetSyncRecommendation"":{""priority"":""normal"",""reason"":""剧情推进明显，但无新增高风险伏笔或关键线索断裂。"",""requiresFullPayoffReconcile"":false},""repairDirectives"":[{""mode"":""patch"",""target"":""character"",""instruction"":""在阿条回到工位与李晴对话中，让李晴补充一句“刚才王总过来转了一圈，脸色可不好看”或类似信息；同时让李晴提一句“小菲今天请假了”，无需改变现有情节。""},{""mode"":""patch"",""target"":""character"",""instruction"":""在阿力接电话离开的描写后，插入阿条视角：阿力在消防门内停顿了一秒，捻手链的动作突然停住，再转身离开，暗示其心理波动。""}]}",2026-07-02T05:49:48.280+00:00,2026-07-02T05:49:48.280+00:00
cmr3374qg0bchv16zff1mjq77,cmr23pgks000fv16zpwg1ms38,cmr24zocf01s1v16zorowoe4i,character,78,本章核心对峙成立，但字数严重不足，且遗漏王总、小菲必须直接出场的要求，阿力目标变化也未明确体现。,"{""coherence"":80,""repetition"":90,""pacing"":70,""voice"":85,""engagement"":75,""overall"":78,""acceptanceStatus"":""repairable"",""continuePolicy"":""repair_once"",""riskTags"":[""length_short"",""missing_characters"",""goal_change_gap""],""assetSyncRecommendation"":{""priority"":""normal"",""reason"":""无新伏笔或大规模资产变化，修补后常规同步即可。"",""requiresFullPayoffReconcile"":false},""repairDirectives"":[{""mode"":""patch"",""target"":""character"",""instruction"":""在阿力接电话离开后，增加阿条对他细微变化的观察，暗示其目标状态已发生改变，比如他在楼梯间停下脚步的片刻犹豫。""},{""mode"":""patch"",""target"":""ending"",""instruction"":""强化结尾阿条决心的质感，补充环境描写与内心独白，使其‘够了’的决绝感更厚重，并为下一章留下清晰悬念。""}]}",2026-07-02T05:51:43.287+00:00,2026-07-02T05:51:43.287+00:00
cmr33fmof0bfav16zp0gz0xdi,cmr23pgks000fv16zpwg1ms38,cmr24zoch01s2v16zud5yqsvh,plot,80,主线逻辑成立，角色行为基本符合设定，但缺少关键的主动试探动作和当晚查证行动，导致章节结尾分量不足，核心转折完成度不够。,"{""coherence"":85,""repetition"":90,""pacing"":75,""voice"":82,""engagement"":78,""overall"":80,""acceptanceStatus"":""repairable"",""continuePolicy"":""repair_once"",""riskTags"":[""ending_hook"",""missing_active_probe""],""assetSyncRecommendation"":{""priority"":""normal"",""reason"":""本章主要为过渡和蓄力章节，推进了怀疑证据的收集，但未触发重大伏笔变更，普通同步即可。"",""requiresFullPayoffReconcile"":false},""repairDirectives"":[{""mode"":""patch"",""target"":""plot"",""instruction"":""在周六下午自由活动时段或返程车上，添加一段阿条主动接近阿力并进行简短试探对话的场景，体现她刻意用话语刺破对方掩饰的心理动作。""},{""mode"":""patch"",""target"":""ending"",""instruction"":""在大巴返城后，增加约200-300字的夜晚落点，描写阿条回到家后打开电脑或手机，执行一项具体的查证操作（如拨打号码后挂断、通过微信搜索“若若”关联账号、或比对其他社交线索），形成明确的主动调查行动，并以此收束全章。""}]}",2026-07-02T05:58:19.791+00:00,2026-07-02T05:58:19.791+00:00
cmr33ia370bfhv16zm5a7zqub,cmr23pgks000fv16zpwg1ms38,cmr24zoch01s2v16zud5yqsvh,mode_fit,89,本章完整履行了合同：通过两次‘若若’消息曝光和一次试探，阿条获得明确怀疑证据，当晚主动查证，完成从被动忍耐到暗中调查的关键转折，信任裂痕加剧。结尾自然收束，为下一章铺垫充分。无严重缺陷，可继续推进。,"{""coherence"":92,""repetition"":90,""pacing"":85,""voice"":90,""engagement"":88,""overall"":89,""acceptanceStatus"":""accepted"",""continuePolicy"":""continue"",""riskTags"":[],""assetSyncRecommendation"":{""priority"":""normal"",""reason"":""本章引入新伏笔‘若若’并推进了阿条的行动模式，建议记录，但尚无全量伏笔对账的紧迫需要。"",""requiresFullPayoffReconcile"":false},""repairDirectives"":[]}",2026-07-02T06:00:23.442+00:00,2026-07-02T06:00:23.442+00:00
cmr33pmum0bhxv16zr6rywalt,cmr23pgks000fv16zpwg1ms38,cmr24zocj01s3v16zyc692fv8,mode_fit,89,本章完整实现了通过手写号码发现、试探与存号的核心任务，信任滑落与公开证据收集的转折清晰，节奏紧凑，结尾钩子有效。,"{""coherence"":90,""repetition"":92,""pacing"":85,""voice"":90,""engagement"":88,""overall"":89,""acceptanceStatus"":""accepted"",""continuePolicy"":""continue"",""riskTags"":[],""assetSyncRecommendation"":{""priority"":""normal"",""reason"":""新增阿条手机中的空白联系人、备忘录记录及李晴目击线索，可记录。"",""requiresFullPayoffReconcile"":false},""repairDirectives"":[]}",2026-07-02T06:06:06.574+00:00,2026-07-02T06:06:06.574+00:00
cmr33xs1d0bkiv16zj4rgflpm,cmr23pgks000fv16zpwg1ms38,cmr24zocl01s4v16zvlgu20mm,continuity,82,对峙主线完成度高，但阿条在质询中使用的‘商场广播背景音’缺乏前文铺垫，造成轻微连续性断裂。,"{""coherence"":78,""repetition"":85,""pacing"":84,""voice"":83,""engagement"":82,""overall"":82,""acceptanceStatus"":""repairable"",""continuePolicy"":""repair_once"",""riskTags"":[""continuity_breach""],""assetSyncRecommendation"":{""priority"":""normal"",""reason"":""本章有重要关系转折和证据存档，但无明显伏笔冲突需要紧急对账。"",""requiresFullPayoffReconcile"":false},""repairDirectives"":[{""mode"":""patch"",""target"":""continuity"",""instruction"":""在阿条出示通话记录前，添加 5-10 字说明她重听电话录音时发现了商场广播声，或直接点明她依据李晴的银泰目击编造背景音来试探阿力。""}]}",2026-07-02T06:12:26.545+00:00,2026-07-02T06:12:26.545+00:00
cmr340iye0bkov16zdg0x3dib,cmr23pgks000fv16zpwg1ms38,cmr24zocl01s4v16zvlgu20mm,mode_fit,81,对峙主线完成且符合所有硬性约束，但正文明显短于目标长度下限，且节奏过快、缺乏部分角色出场与压力事件承接，建议通过补写扩展至目标长度并充实过渡与负担。,"{""coherence"":88,""repetition"":90,""pacing"":60,""voice"":85,""engagement"":80,""overall"":81,""acceptanceStatus"":""repairable"",""continuePolicy"":""repair_once"",""riskTags"":[""under_length"",""missing_character_appearances"",""missing_payoff_touches""],""assetSyncRecommendation"":{""priority"":""normal"",""reason"":""本章完成信任破裂的关键转折，需记录对峙证据与关系状态变更，但无伏笔对账高风险。"",""requiresFullPayoffReconcile"":false},""repairDirectives"":[{""mode"":""patch"",""target"":""plot"",""instruction"":""在现有对峙结束后，增加回工位后的心理细节、与李晴的简短消息互动、王总交代任务的延伸、或对小菲的侧写，同时自然引入至少一个payoff touch（如陈默聚会确认消息），使章节长度补足至3000字左右，并缓和节奏。""}]}",2026-07-02T06:14:34.742+00:00,2026-07-02T06:14:34.742+00:00
cmr3489400bmyv16zb37vt6lt,cmr23pgks000fv16zpwg1ms38,cmr24zocn01s5v16z4foypq0m,mode_fit,89,本章圆满执行了部门聚餐中的公开划界，所有must hit obligations均完成，角色反应合理，结尾空虚感符合结束态要求，可直接继续。,"{""coherence"":90,""repetition"":90,""pacing"":88,""voice"":90,""engagement"":88,""overall"":89,""acceptanceStatus"":""accepted"",""continuePolicy"":""continue"",""riskTags"":[],""assetSyncRecommendation"":{""priority"":""normal"",""reason"":""本章主要推进聚餐暴露危机和关系公开破裂，无新增复杂伏笔，常规资产同步即可。"",""requiresFullPayoffReconcile"":false},""repairDirectives"":[]}",2026-07-02T06:20:35.232+00:00,2026-07-02T06:20:35.232+00:00
cmr34h3140bpov16zrxpx0tqs,cmr23pgks000fv16zpwg1ms38,cmr24zocp01s6v16z2iksh8ll,mode_fit,88,本章高强度冲突与任务目标高度吻合，争吵与决裂处理到位，结尾意象有力，无需修改。,"{""coherence"":89,""repetition"":88,""pacing"":85,""voice"":90,""engagement"":87,""overall"":88,""acceptanceStatus"":""continue_with_risk"",""continuePolicy"":""continue"",""riskTags"":[],""assetSyncRecommendation"":{""priority"":""high"",""reason"":""红绳断裂象征关系终结，资产状态重大改变，需同步更新角色关系与红绳物品状态。"",""requiresFullPayoffReconcile"":false},""repairDirectives"":[]}",2026-07-02T06:27:27.256+00:00,2026-07-02T06:27:27.256+00:00
cmr34r0l00bs5v16ze03nmny9,cmr23pgks000fv16zpwg1ms38,cmr24zocr01s7v16zu5ywg96j,mode_fit,87,本章完成了大巴团建中的关系冰冻固化，阿条心理分离明确，所有必须义务和禁止事项均严格遵守，可以继续推进。少量伏笔未触碰和结尾钩子偏弱作为后续风险标记。,"{""coherence"":90,""repetition"":90,""pacing"":85,""voice"":88,""engagement"":85,""overall"":87,""acceptanceStatus"":""continue_with_risk"",""continuePolicy"":""continue"",""riskTags"":[""code_system_touch_missed"",""ending_hook_soft""],""assetSyncRecommendation"":{""priority"":""normal"",""reason"":""本章推进了关系冰冻状态，但无明显需要全量伏笔对账的风险。"",""requiresFullPayoffReconcile"":false},""repairDirectives"":[]}",2026-07-02T06:35:10.644+00:00,2026-07-02T06:35:10.644+00:00
cmr34yog10bv2v16zbxrqkfy4,cmr23pgks000fv16zpwg1ms38,cmr24zoct01s8v16z41r4h1i7,plot,68,本章完全偏离既定任务：未发生公开示好被拒、冲突未升级至同事围观、核心论述缺失，必须重写才能对齐章节使命。,"{""coherence"":70,""repetition"":85,""pacing"":65,""voice"":80,""engagement"":72,""overall"":68,""acceptanceStatus"":""needs_manual_review"",""continuePolicy"":""pause"",""riskTags"":[""mission_misalignment"",""public_conflict_missing"",""character_appearance_gap""],""assetSyncRecommendation"":{""priority"":""normal"",""reason"":""当前正文未产生有效剧情推进，无需紧急同步，但重写后需重新评估。"",""requiresFullPayoffReconcile"":false},""repairDirectives"":[{""mode"":""rewrite"",""target"":""plot"",""instruction"":""放弃当前陈默聚会场景，重新设计以办公室为背景的公开示好事件：阿力在同事面前做出具体示好举动（如留下礼物、当众邀请），阿条明确拒绝并点破‘你一直在隐瞒’，同事私下议论，结尾为次日摊牌积蓄决心。""}]}",2026-07-02T06:41:08.161+00:00,2026-07-02T06:41:08.161+00:00
cmr34yog40bv5v16zwqxuojc0,cmr23pgks000fv16zpwg1ms38,cmr24zoct01s8v16z41r4h1i7,character,68,本章完全偏离既定任务：未发生公开示好被拒、冲突未升级至同事围观、核心论述缺失，必须重写才能对齐章节使命。,"{""coherence"":70,""repetition"":85,""pacing"":65,""voice"":80,""engagement"":72,""overall"":68,""acceptanceStatus"":""needs_manual_review"",""continuePolicy"":""pause"",""riskTags"":[""mission_misalignment"",""public_conflict_missing"",""character_appearance_gap""],""assetSyncRecommendation"":{""priority"":""normal"",""reason"":""当前正文未产生有效剧情推进，无需紧急同步，但重写后需重新评估。"",""requiresFullPayoffReconcile"":false},""repairDirectives"":[{""mode"":""rewrite"",""target"":""plot"",""instruction"":""放弃当前陈默聚会场景，重新设计以办公室为背景的公开示好事件：阿力在同事面前做出具体示好举动（如留下礼物、当众邀请），阿条明确拒绝并点破‘你一直在隐瞒’，同事私下议论，结尾为次日摊牌积蓄决心。""}]}",2026-07-02T06:41:08.164+00:00,2026-07-02T06:41:08.164+00:00
cmr357nes0bwgv16zruypj8nb,cmr23pgks000fv16zpwg1ms38,cmr24zocv01s9v16zuaz9jx84,mode_fit,90,本章完美实现木栈道对峙任务，节奏紧凑，对话有力，情感爆发到位，所有硬性义务均已满足。,"{""coherence"":92,""repetition"":95,""pacing"":88,""voice"":85,""engagement"":90,""overall"":90,""acceptanceStatus"":""accepted"",""continuePolicy"":""continue"",""riskTags"":[],""assetSyncRecommendation"":{""priority"":""normal"",""reason"":""剧情推进正常，没有明显需要全量伏笔对账的风险。"",""requiresFullPayoffReconcile"":false},""repairDirectives"":[]}",2026-07-02T06:48:06.723+00:00,2026-07-02T06:48:06.723+00:00
cmr35fv5z0bz2v16z1ndieftb,cmr23pgks000fv16zpwg1ms38,cmr24zocw01sav16z8wprb5vx,plot,84,本章主线完成度高，删除动作细致有力，结尾钩子到位。但王总、小菲完全未出场，且“阿条: 加深信任”这一保留目标未见落实，需轻修补全。,"{""coherence"":85,""repetition"":88,""pacing"":82,""voice"":84,""engagement"":83,""overall"":84,""acceptanceStatus"":""continue_with_risk"",""continuePolicy"":""repair_once"",""riskTags"":[],""assetSyncRecommendation"":{""priority"":""normal"",""reason"":""本章完成关键切割动作并发出摊牌消息，有明确进度推进，无伏笔误用风险。"",""requiresFullPayoffReconcile"":false},""repairDirectives"":[{""mode"":""patch"",""target"":""plot"",""instruction"":""在车厢环境描写中加入以下轻量补丁：王总在部门群@所有人通知下周任务，并顺带让小菲在过道路过时与阿条有目光接触（无需对话）；同时补全李晴与阿条关于纸巾的互动，用简单动作传递理解与信任。""}]}",2026-07-02T06:54:30.023+00:00,2026-07-02T06:54:30.023+00:00
cmr35fv620bz4v16z0flr0m5g,cmr23pgks000fv16zpwg1ms38,cmr24zocw01sav16z8wprb5vx,character,84,本章主线完成度高，删除动作细致有力，结尾钩子到位。但王总、小菲完全未出场，且“阿条: 加深信任”这一保留目标未见落实，需轻修补全。,"{""coherence"":85,""repetition"":88,""pacing"":82,""voice"":84,""engagement"":83,""overall"":84,""acceptanceStatus"":""continue_with_risk"",""continuePolicy"":""repair_once"",""riskTags"":[],""assetSyncRecommendation"":{""priority"":""normal"",""reason"":""本章完成关键切割动作并发出摊牌消息，有明确进度推进，无伏笔误用风险。"",""requiresFullPayoffReconcile"":false},""repairDirectives"":[{""mode"":""patch"",""target"":""plot"",""instruction"":""在车厢环境描写中加入以下轻量补丁：王总在部门群@所有人通知下周任务，并顺带让小菲在过道路过时与阿条有目光接触（无需对话）；同时补全李晴与阿条关于纸巾的互动，用简单动作传递理解与信任。""}]}",2026-07-02T06:54:30.026+00:00,2026-07-02T06:54:30.026+00:00
cmr35k6zh0bzhv16zbay472c8,cmr23pgks000fv16zpwg1ms38,cmr24zocw01sav16z8wprb5vx,mode_fit,86,本章以阿条删除手机影像与聊天记录为核心动作，完成物理切割，并冷静积蓄摊牌决心，主线明确，视角与叙述风格符合要求，可继续推进。,"{""coherence"":88,""repetition"":90,""pacing"":85,""voice"":87,""engagement"":82,""overall"":86,""acceptanceStatus"":""continue_with_risk"",""continuePolicy"":""continue"",""riskTags"":[""ending_hook_soft""],""assetSyncRecommendation"":{""priority"":""normal"",""reason"":""本章推进了阿条的情感切割与对若若的摊牌，有可记录的剧情进展，但无全量伏笔对账的紧迫需求。"",""requiresFullPayoffReconcile"":false},""repairDirectives"":[]}",2026-07-02T06:57:51.965+00:00,2026-07-02T06:57:51.965+00:00
cmr35sv470c23v16za5sdpako,cmr23pgks000fv16zpwg1ms38,cmr24zocy01sbv16zja8tq08e,character,84,本章主线质问与回避完成良好，但缺少必须出场的角色陈默，部分payoff未触及，可通过局部补丁修复。,"{""coherence"":85,""repetition"":90,""pacing"":80,""voice"":85,""engagement"":82,""overall"":84,""acceptanceStatus"":""continue_with_risk"",""continuePolicy"":""repair_once"",""riskTags"":[""missing_required_character"",""untouched_payoff""],""assetSyncRecommendation"":{""priority"":""normal"",""reason"":""本章有角色出场缺失需补丁，补丁后资产同步正常，不需要全量伏笔对账。"",""requiresFullPayoffReconcile"":false},""repairDirectives"":[{""mode"":""patch"",""target"":""character"",""instruction"":""在阿条查看手机或办公间隙，插入一条陈默的消息（如确认聚会时间）或简短来电，使陈默在本章出场。""}]}",2026-07-02T07:04:36.486+00:00,2026-07-02T07:04:36.486+00:00
cmr35vhfe0c2cv16zo9cb5bpu,cmr23pgks000fv16zpwg1ms38,cmr24zocy01sbv16zja8tq08e,mode_fit,87,本章完整执行了核心任务，阿条当面质问、阿力回避敷衍、信任进一步崩塌的过程清晰且克制，情绪弧线到位，结尾收束有力。,"{""coherence"":88,""repetition"":92,""pacing"":85,""voice"":89,""engagement"":83,""overall"":87,""acceptanceStatus"":""accepted"",""continuePolicy"":""continue"",""riskTags"":[],""assetSyncRecommendation"":{""priority"":""normal"",""reason"":""状态推进稳定，无新增伏笔冲突或资产丢失风险。"",""requiresFullPayoffReconcile"":false},""repairDirectives"":[]}",2026-07-02T07:06:38.713+00:00,2026-07-02T07:06:38.713+00:00
cmr361yo00c53v16zs7svkwze,cmr23pgks000fv16zpwg1ms38,cmr24zod001scv16zh2hhfj2q,continuity,86,主线拆穿谎言与信任崩塌完成度很高，但缺失必须出场的角色陈默，且一项必须保留的目标“加深信任”未能体现，需局部补丁。,"{""coherence"":88,""repetition"":90,""pacing"":82,""voice"":87,""engagement"":85,""overall"":86,""acceptanceStatus"":""repairable"",""continuePolicy"":""repair_once"",""riskTags"":[""missing_character_chenmo"",""trust_goal_ambiguous""],""assetSyncRecommendation"":{""priority"":""normal"",""reason"":""本章为关键转折，但伏笔变动较少，仅需记录阿条目标变更和发夹象征，无需全量对账。"",""requiresFullPayoffReconcile"":false},""repairDirectives"":[{""mode"":""patch"",""target"":""continuity"",""instruction"":""在阿条回到工位收拾抽屉时，加入手机屏幕上陈默发来的微信消息，内容为聚会时间地点的最终确认，阿条扫了一眼但未回复，仍收好抽屉离开。""},{""mode"":""patch"",""target"":""character"",""instruction"":""在阿条摔发夹后捡起时，插入一句内心独白，强调她此刻唯一坚信的是自己看到的时间戳和谎言，这种确信就是她重建信任的起点。""}]}",2026-07-02T07:11:40.991+00:00,2026-07-02T07:11:40.991+00:00
cmr364wbj0c5cv16zyhryxe13,cmr23pgks000fv16zpwg1ms38,cmr24zod001scv16zh2hhfj2q,character,85,拆穿谎言的核心情节完成度很高，情绪转折到位。陈默的出场仅以微信呈现，未满足角色出场义务，需局部轻修。,"{""coherence"":85,""repetition"":90,""pacing"":82,""voice"":85,""engagement"":83,""overall"":85,""acceptanceStatus"":""continue_with_risk"",""continuePolicy"":""repair_once"",""riskTags"":[""character_appearance_gap""],""assetSyncRecommendation"":{""priority"":""normal"",""reason"":""本章只有常规剧情推进，无伏笔全量对账需求。"",""requiresFullPayoffReconcile"":false},""repairDirectives"":[{""mode"":""patch"",""target"":""continuity"",""instruction"":""在结尾处将陈默发微信改为打来电话，阿条看到来电显示“陈默”，但选择不接，然后走向公交站。""}]}",2026-07-02T07:13:57.919+00:00,2026-07-02T07:13:57.919+00:00
cmr36enxo0c8fv16zacnhi6mm,cmr23pgks000fv16zpwg1ms38,cmr24zod201sdv16zyjm3gz4z,plot,85,本章核心任务完成度很高，在封闭空间内通过短信编辑与记录删除完整展现了心理切割仪式，单视角执行严格，达到了信任破裂与决绝的转折点。但部分角色出场及目标变化义务因封闭设定无法兑现，存在计划对齐缺口，建议后续章节补足。,"{""coherence"":88,""repetition"":90,""pacing"":80,""voice"":83,""engagement"":85,""overall"":85,""acceptanceStatus"":""needs_manual_review"",""continuePolicy"":""pause"",""riskTags"":[""character_appearances_deferred"",""goal_changes_deferred""],""assetSyncRecommendation"":{""priority"":""normal"",""reason"":""本章主要推进心理状态与关系终结，无可直接同步的伏笔或资源变化，暂不需要全量对账。"",""requiresFullPayoffReconcile"":false},""repairDirectives"":[]}",2026-07-02T07:21:33.612+00:00,2026-07-02T07:21:33.612+00:00
cmr36enxx0c8hv16zzii2r0gg,cmr23pgks000fv16zpwg1ms38,cmr24zod201sdv16zyjm3gz4z,character,85,本章核心任务完成度很高，在封闭空间内通过短信编辑与记录删除完整展现了心理切割仪式，单视角执行严格，达到了信任破裂与决绝的转折点。但部分角色出场及目标变化义务因封闭设定无法兑现，存在计划对齐缺口，建议后续章节补足。,"{""coherence"":88,""repetition"":90,""pacing"":80,""voice"":83,""engagement"":85,""overall"":85,""acceptanceStatus"":""needs_manual_review"",""continuePolicy"":""pause"",""riskTags"":[""character_appearances_deferred"",""goal_changes_deferred""],""assetSyncRecommendation"":{""priority"":""normal"",""reason"":""本章主要推进心理状态与关系终结，无可直接同步的伏笔或资源变化，暂不需要全量对账。"",""requiresFullPayoffReconcile"":false},""repairDirectives"":[]}",2026-07-02T07:21:33.620+00:00,2026-07-02T07:21:33.620+00:00
cmr4cxmel0canv16z8apbts1g,cmr23pgks000fv16zpwg1ms38,cmr24zoaz01rhv16zmcjv20hl,continuity,70,章节连续性存在缺失，关键动作未发生，必须出场角色未出现。,"{""coherence"":83,""repetition"":90,""pacing"":92,""voice"":88,""engagement"":90,""overall"":85}",2026-07-03T03:12:01.965+00:00,2026-07-03T03:12:01.965+00:00
cmr4cxmen0caqv16zaq2nbryc,cmr23pgks000fv16zpwg1ms38,cmr24zoaz01rhv16zmcjv20hl,character,72,角色行为基本符合设定，但部分角色目标未实现，且阿条的某些内心变化不符合当前阶段。,"{""coherence"":83,""repetition"":90,""pacing"":92,""voice"":88,""engagement"":90,""overall"":85}",2026-07-03T03:12:01.967+00:00,2026-07-03T03:12:01.967+00:00
cmr4cxmes0catv16z87c1oxd0,cmr23pgks000fv16zpwg1ms38,cmr24zoaz01rhv16zmcjv20hl,plot,78,主线情节基本推进，制造了禁忌氛围，但部分任务点缺失，导致开篇力度不足。,"{""coherence"":83,""repetition"":90,""pacing"":92,""voice"":88,""engagement"":90,""overall"":85}",2026-07-03T03:12:01.972+00:00,2026-07-03T03:12:01.972+00:00
cmr4cxmeu0cavv16zmw773ml6,cmr23pgks000fv16zpwg1ms38,cmr24zoaz01rhv16zmcjv20hl,mode_fit,90,完全符合故事模式约束，采用有限视角，动作描写细腻，未出现内心独白或设定违规。,"{""coherence"":83,""repetition"":90,""pacing"":92,""voice"":88,""engagement"":90,""overall"":85}",2026-07-03T03:12:01.974+00:00,2026-07-03T03:12:01.974+00:00
cmr8kc8nh0d0bv16zprpqf5ep,cmr23pgks000fv16zpwg1ms38,cmr24zod401sev16zgn0j08q9,character,83,本章主线正确执行了全天零接触，但缺少必要角色陈默的出场，可通过局部补丁解决。,"{""coherence"":85,""repetition"":90,""pacing"":80,""voice"":85,""engagement"":78,""overall"":83,""acceptanceStatus"":""continue_with_risk"",""continuePolicy"":""repair_once"",""riskTags"":[""missing_chenmo_appearance""],""assetSyncRecommendation"":{""priority"":""normal"",""reason"":""本章无明显伏笔变动，但需要记录阿条状态改变。"",""requiresFullPayoffReconcile"":false},""repairDirectives"":[{""mode"":""patch"",""target"":""character"",""instruction"":""在阿条下午工作或结尾地铁前加入陈默发微信询问聚会事宜，阿条简短回复或已读不回，完成陈默出场并埋伏笔。""}]}",2026-07-06T01:50:25.997+00:00,2026-07-06T01:50:25.997+00:00
cmr8kdpzq0d0nv16zesld0xlm,cmr23pgks000fv16zpwg1ms38,cmr24zod401sev16zgn0j08q9,mode_fit,83,本章完整履行了‘一桌之隔的沉默’任务，全天零接触、同事试探和内心克制均到位，可继续推进。,"{""coherence"":86,""repetition"":90,""pacing"":82,""voice"":83,""engagement"":78,""overall"":83,""acceptanceStatus"":""accepted"",""continuePolicy"":""continue"",""riskTags"":[],""assetSyncRecommendation"":{""priority"":""normal"",""reason"":""本章推进了阿条执行彻底切割的日常状态，同事怀疑加深，但没有触发需紧急对账的伏笔。"",""requiresFullPayoffReconcile"":false},""repairDirectives"":[]}",2026-07-06T01:51:35.126+00:00,2026-07-06T01:51:35.126+00:00
cmr8kj6q00d2wv16zzezordo6,cmr23pgks000fv16zpwg1ms38,cmr24zod601sfv16zz52rk4y9,mode_fit,86,本章主线完成度很高，团建通知带来的压力刻画细腻，结尾钩子有力，所有 must hit obligations 均已满足。零交流状态维持严密，压抑感贯穿全文，未发现任何阻断性问题。,"{""coherence"":90,""repetition"":88,""pacing"":85,""voice"":85,""engagement"":82,""overall"":86,""acceptanceStatus"":""accepted"",""continuePolicy"":""continue"",""riskTags"":[],""assetSyncRecommendation"":{""priority"":""normal"",""reason"":""本章仅推进主线压力，未引入新的关键伏笔或需要立即同步的资产变更。"",""requiresFullPayoffReconcile"":false},""repairDirectives"":[]}",2026-07-06T01:55:50.088+00:00,2026-07-06T01:55:50.088+00:00
cmr8kp1nz0d59v16zmbxlpwan,cmr23pgks000fv16zpwg1ms38,cmr252ped020zv16zhk3ez4ic,plot,85,本章通过便签交接将冷战升级为制度性隔离的核心目标已达成，角色状态和禁忌约束保持良好，但部分 payoff touch 和 goal change 表现不足，需轻度补丁。,"{""coherence"":88,""repetition"":90,""pacing"":82,""voice"":83,""engagement"":85,""overall"":85,""acceptanceStatus"":""continue_with_risk"",""continuePolicy"":""repair_once"",""riskTags"":[""missing_payoff_touch"",""goal_change_underdelivered""],""assetSyncRecommendation"":{""priority"":""normal"",""reason"":""本章完成冷战制度性升级的转折，资产状态变化明确，但无新增伏笔或复杂对账需求。"",""requiresFullPayoffReconcile"":false},""repairDirectives"":[{""mode"":""patch"",""target"":""ending"",""instruction"":""在结尾电梯反思或工位收尾处，增加 200 字以内的心理补丁：阿条意识到便签取代了所有暗语，阿力曾要她“别让我猜”而现在一切只剩格式文本，由此明确自我防御性决定并点出主导权转换。""}]}",2026-07-06T02:00:23.470+00:00,2026-07-06T02:00:23.470+00:00
cmr8kr6tx0d5lv16zosjen1mx,cmr23pgks000fv16zpwg1ms38,cmr252ped020zv16zhk3ez4ic,mode_fit,86,本章通过五张公务化便签成功将冷战升级为制度性隔离，阿条以工作麻醉自己并做出防御性决定，完全达成章节任务。结尾为团建铺垫，无严重阻塞问题。,"{""coherence"":92,""repetition"":88,""pacing"":85,""voice"":87,""engagement"":82,""overall"":86,""acceptanceStatus"":""accepted"",""continuePolicy"":""continue"",""riskTags"":[],""assetSyncRecommendation"":{""priority"":""normal"",""reason"":""本章稳定推进剧情，完成便签制度化和情感麻醉，无突增伏笔或高风险资产变动。"",""requiresFullPayoffReconcile"":false},""repairDirectives"":[]}",2026-07-06T02:02:03.477+00:00,2026-07-06T02:02:03.477+00:00
cmr8kytg60d86v16zqju6rq3q,cmr23pgks000fv16zpwg1ms38,cmr252pef0210v16zltbhbtdh,mode_fit,84,本章通过工作邮件试探、已读不回、电梯冷漠回应等细节成功完成阿条的心态转折，行动切割清晰，铺垫团建自然，角色行为符合约束。结尾决心有力，无需修补。,"{""coherence"":85,""repetition"":88,""pacing"":82,""voice"":84,""engagement"":83,""overall"":84,""acceptanceStatus"":""accepted"",""continuePolicy"":""continue"",""riskTags"":[],""assetSyncRecommendation"":{""priority"":""normal"",""reason"":""本章推进了角色状态和关系阶段，有常规资产更新价值，但没有紧急风险需要立即对账。"",""requiresFullPayoffReconcile"":false},""repairDirectives"":[]}",2026-07-06T02:07:59.382+00:00,2026-07-06T02:07:59.382+00:00
cmr8l4teg0davv16zch26i6od,cmr23pgks000fv16zpwg1ms38,cmr252peh0211v16zss2kflem,plot,83,章节主体完成度较高，主线推进清晰，但结尾未按任务要求明确导出「红裙试探」决定，需局部补强。,"{""coherence"":85,""repetition"":88,""pacing"":80,""voice"":83,""engagement"":82,""overall"":83,""acceptanceStatus"":""repairable"",""continuePolicy"":""repair_once"",""riskTags"":[""ending_hook""],""assetSyncRecommendation"":{""priority"":""normal"",""reason"":""本章有重要剧情推进（招聘线索、试探萌芽），但无全量伏笔对账需求。"",""requiresFullPayoffReconcile"":false},""repairDirectives"":[{""mode"":""patch"",""target"":""ending"",""instruction"":""在现有结尾「但她的手指不再去摸它了」之后，补写200字左右，让阿条联想起团建，并做出「穿那条红裙子去千岛湖」的决定，点明这是最后一次试探，既逼阿力正视，也逼自己死心。""}]}",2026-07-06T02:12:39.256+00:00,2026-07-06T02:12:39.256+00:00
cmr8l6kc00db1v16z316vfsyq,cmr23pgks000fv16zpwg1ms38,cmr252peh0211v16zss2kflem,mode_fit,88,本章主体完成领导点名与阿条觉醒的任务，结尾红裙试探决定有力。但‘阿力 goal changed’这一必须兑现的义务仅通过搜索记录和陈默间接暗示，未在正文中形成直接可见的行动痕迹，可通过局部补丁明确。,"{""coherence"":90,""repetition"":90,""pacing"":85,""voice"":90,""engagement"":88,""overall"":88,""acceptanceStatus"":""repairable"",""continuePolicy"":""repair_once"",""riskTags"":[],""assetSyncRecommendation"":{""priority"":""normal"",""reason"":""本章推进了多条剧情线，但未出现需要紧急对账的伏笔矛盾。"",""requiresFullPayoffReconcile"":false},""repairDirectives"":[{""mode"":""patch"",""target"":""continuity"",""instruction"":""在阿条走回工位途中（如经过阿力工位时），插入一个极短细节：她余光扫到阿力的电脑屏幕上有一个浏览器标签页，标题模糊但可辨出‘前端开发招聘’等字样（不进入阿力内心）。该补丁应控制在两句话内，不改变既有叙事视角与节奏。""}]}",2026-07-06T02:14:00.816+00:00,2026-07-06T02:14:00.816+00:00
cmr8ldio40de3v16zsv4gma7p,cmr23pgks000fv16zpwg1ms38,cmr252pei0212v16zr43naa61,plot,83,红裙仪式与情感清理主线完成度很高，但义务合同中李晴和阿力的目标变化未在本章体现，可通过局部补丁解决。,"{""coherence"":85,""repetition"":88,""pacing"":80,""voice"":84,""engagement"":82,""overall"":83,""acceptanceStatus"":""repairable"",""continuePolicy"":""repair_once"",""riskTags"":[""goal_change_gap""],""assetSyncRecommendation"":{""priority"":""normal"",""reason"":""本章推进了阿条的情感整理和证据收集，但未产生全量伏笔对账需求。"",""requiresFullPayoffReconcile"":false},""repairDirectives"":[{""mode"":""patch"",""target"":""plot"",""instruction"":""在阿条翻看聊天记录后、试穿红裙前，插入一段简短的心理活动或信息（如李晴发来暗示阿力异常的消息），或让阿条从记录中直接意识到阿力立场变化，从而完成goal change体现，不超过200字。""}]}",2026-07-06T02:19:25.252+00:00,2026-07-06T02:19:25.252+00:00
cmr8lg7he0de9v16zi74343qn,cmr23pgks000fv16zpwg1ms38,cmr252pei0212v16zr43naa61,continuity,85,本章主线完成任务，文风符合要求，但缺少李晴和阿力的目标变化展示，可通过局部修补解决。,"{""coherence"":85,""repetition"":90,""pacing"":80,""voice"":88,""engagement"":82,""overall"":85,""acceptanceStatus"":""repairable"",""continuePolicy"":""repair_once"",""riskTags"":[""missing_goal_changes""],""assetSyncRecommendation"":{""priority"":""normal"",""reason"":""本章涉及截图存档、实物信封等资产更新，建议同步。"",""requiresFullPayoffReconcile"":false},""repairDirectives"":[{""mode"":""patch"",""target"":""continuity"",""instruction"":""在阿条查看招聘搜索记录后，添加一两句内心推断，明确阿力可能在找退路，从而完成阿力目标变化的暗示；在李晴得知团建消息时，让她表现出更明确的协助或态度转变。""}]}",2026-07-06T02:21:30.722+00:00,2026-07-06T02:21:30.722+00:00
cmr8lr7fd0dh6v16zkyj9ysgp,cmr23pgks000fv16zpwg1ms38,cmr252pek0213v16zuwcfd0ck,continuity,85,本章主线推进清晰，成功引入拼房变量，但存在提前泄露秘密和未完成部分硬性义务的问题，需局部修复。,"{""coherence"":85,""repetition"":90,""pacing"":80,""voice"":90,""engagement"":85,""overall"":85,""acceptanceStatus"":""repairable"",""continuePolicy"":""repair_once"",""riskTags"":[""secret_leak"",""incomplete_closure""],""assetSyncRecommendation"":{""priority"":""normal"",""reason"":""本章推进了团建出发和拼房变量，可记录进度，但无明显需要立即同步的高风险资产。"",""requiresFullPayoffReconcile"":false},""repairDirectives"":[{""mode"":""patch"",""target"":""continuity"",""instruction"":""删除或重写关于阿条手机操作的具体描述（清空聊天、截屏留档文件夹），改为更模糊的暗示，如'她清理了手机上所有与他有关的痕迹'，避免直接揭露截图留档。""},{""mode"":""patch"",""target"":""plot"",""instruction"":""添加阿条发送决绝信息的外部行动，可在大巴上或到达基地后、关机前，让她编辑并发送一条简短信息（如'我们到此为止'）给阿力，然后关机，以完成发送决绝信息和外部封闭的转化。同时可暗示或明确红裙的封印（如决定不穿）。""}]}",2026-07-06T02:30:03.865+00:00,2026-07-06T02:30:03.865+00:00
cmr8lr7fg0dh8v16zmej3c2v3,cmr23pgks000fv16zpwg1ms38,cmr252pek0213v16zuwcfd0ck,plot,85,本章主线推进清晰，成功引入拼房变量，但存在提前泄露秘密和未完成部分硬性义务的问题，需局部修复。,"{""coherence"":85,""repetition"":90,""pacing"":80,""voice"":90,""engagement"":85,""overall"":85,""acceptanceStatus"":""repairable"",""continuePolicy"":""repair_once"",""riskTags"":[""secret_leak"",""incomplete_closure""],""assetSyncRecommendation"":{""priority"":""normal"",""reason"":""本章推进了团建出发和拼房变量，可记录进度，但无明显需要立即同步的高风险资产。"",""requiresFullPayoffReconcile"":false},""repairDirectives"":[{""mode"":""patch"",""target"":""continuity"",""instruction"":""删除或重写关于阿条手机操作的具体描述（清空聊天、截屏留档文件夹），改为更模糊的暗示，如'她清理了手机上所有与他有关的痕迹'，避免直接揭露截图留档。""},{""mode"":""patch"",""target"":""plot"",""instruction"":""添加阿条发送决绝信息的外部行动，可在大巴上或到达基地后、关机前，让她编辑并发送一条简短信息（如'我们到此为止'）给阿力，然后关机，以完成发送决绝信息和外部封闭的转化。同时可暗示或明确红裙的封印（如决定不穿）。""}]}",2026-07-06T02:30:03.867+00:00,2026-07-06T02:30:03.867+00:00
