id,planId,sortOrder,title,objective,conflict,reveal,emotionBeat,createdAt,updatedAt
cmr2631n2049bv16z5xqrcmdr,cmr2631mu049av16znb1g6lyy,1,余悸未消,从阿条回到工位开始，展现她努力平复心跳、观察同事反应，同时被隔间回忆侵扰，强化“我们不能这样”的禁忌自觉,阿条渴望回味亲密接触的悸动 vs. 理智警告她必须彻底抹去痕迹、扮演正常,阿条意识到同事李晴等人完全没有异样，秘密暂时安全，但她更深刻感受到两人之间从此多了一层危险的纽带,紧张—后怕—压抑的悸动—强迫冷静,2026-07-01T14:24:45.326+00:00,2026-07-01T14:24:45.326+00:00
cmr2631n2049cv16zw4ens7lb,cmr2631mu049av16znb1g6lyy,2,当众的陌生演技,通过午餐场景，让阿条和阿力在同事环绕下完成第一次默契的“陌生人表演”，用非语言细节传递秘密张力，并让阿条初次感受到这种表演带来的刺激,同事们的自然交谈、潜在的怀疑目光 vs. 两人必须装作普通同事，不能有任何异常交集,阿力递餐具时指尖轻触、一次短暂对视，让阿条读到他眼底的冷静与隐蔽热情，她发现这种当众偷渡秘密的游戏令人上瘾,忐忑—观察—试探—隐秘的兴奋,2026-07-01T14:24:45.326+00:00,2026-07-01T14:24:45.326+00:00
cmr2631n2049dv16zjieu4rxy,cmr2631mu049av16znb1g6lyy,3,陈默的意外消息,借陈默的微信问候做一个外部扰动，检验阿条此刻的情感重心已偏移，同时为她下一阶段主动享受秘密游戏提供内心支点,过去熟悉而安全的问候 vs. 当下危险却刺激的秘密关系，阿条必须在内心迅速做出情感站位,阿条对陈默的消息只有短暂的怀念，很快被刚尝到的刺激覆盖，她意识到自己更贪恋阿力带来的未知与战栗,意外—短暂恍惚—切断怀念—重新锚定在当下的刺激,2026-07-01T14:24:45.326+00:00,2026-07-01T14:24:45.326+00:00
cmr2631n2049ev16zn71dzug3,cmr2631mu049av16znb1g6lyy,4,私信邀约,以阿力下班前的私信作为章节结尾，制造强烈悬念，让阿条从白天的被动配合转为面对“下一步”的主动期待,阿条已经尝到刺激的甜头，想要更多 vs. 她知道答应私见意味着危险升级，但无法抗拒,阿力选择在工作时间刚结束、人群未散时发信，显示他游刃有余的掌控感，也暗示他对阿条的把握,期待—紧张—禁忌的颤栗—迫不及待的悬念,2026-07-01T14:24:45.326+00:00,2026-07-01T14:24:45.326+00:00
cmr26gwjp04hlv16zz32zurvd,cmr26gwjm04hkv16zt3lgscet,1,暗号设计,展现阿条上班后打开IM，主动设计一套隐秘的书写暗语系统，并测试与阿力的默契。,内驱：阿条想用暗语绑紧关系，但需要确保系统不露痕迹；阿力配合但回复简短，阿条需判断他是否真心投入。,暗语系统建构成型（例如用特定表情包、错别字、文件命名代表不同意思），阿力测试成功，但回复中缺少她期待的附加热情，暗示他仍在适应规则。,兴奋中带着警觉，像在写只有两人懂的密电码，手指在键盘上轻快又小心，收到阿力确认回复时心头一甜，但又迅速压下翘起的嘴角。,2026-07-01T14:35:31.909+00:00,2026-07-01T14:35:31.909+00:00
cmr26gwjp04hmv16zhfzfsw2d,cmr26gwjm04hkv16zt3lgscet,2,晨会传讯,在部门晨会中，利用自己座位视角与PPT翻页笔的关联，用暗语向阿力传递只有他懂的信息，同时维持表面专注。,阿条要克服在同事齐坐的会议室里搞小动作的紧张，以及王总偶尔扫来的目光风险；阿力收到信息后能否不露破绽地回应。,阿力用旋转笔帽的方向回应了暗语，证明他不但懂了还愿意配合游戏，但动作微小的不自然被小菲多看了一眼。,心跳在发送‘讯号’时加快，表面却一脸严肃记笔记；收到回应时手心微汗，混合着偷情般的快感和对暴露的微妙恐惧，偷偷扫了小菲一眼又迅速收回。,2026-07-01T14:35:31.909+00:00,2026-07-01T14:35:31.909+00:00
cmr26gwjp04hnv16zp3gbnxcl,cmr26gwjm04hkv16zt3lgscet,3,打印机边的密语,借打印文件的独处片段，用提前约定的物品摆放法传递下一步计划，同时防备同事突然出现。,物理空间上的近距离接触可能打破‘表演距离’，李晴随时可能来取文件，两人必须在极短窗口完成信息交换并恢复常态。,阿条放下一枚圆形针作为信号，阿力拿走并留下草莓糖纸（天台信物的重复），暗示他记得暗语约定且愿意延续象征，但对明天的食堂暗语未置一词。,指尖碰触整理好的纸张时短暂相触，像微弱电流；听到脚步声立即分开，转身对李晴微笑，心跳未平时已拿出‘同事阿条’的完美面具，暗自得意于自己的演技。,2026-07-01T14:35:31.909+00:00,2026-07-01T14:35:31.909+00:00
cmr26gwjp04hov16zn2vyh0e2,cmr26gwjm04hkv16zt3lgscet,4,邻座交谈的障眼法,李晴找阿条聊闲事时，阿力用工作群名义发来一条暗语消息，阿条借助和李晴的对话打掩护，用回复工作问题的方式嵌入暗语。,一边要应付李晴的闲聊不露出分心，一边要解读阿力的暗语并构思嵌码回复，口与手的高难度双轨操作。,阿力的暗语透露出对明天食堂游戏的轻微抗拒（例如一个表示‘危险’的约定符号），这让阿条意识到他并非完全享受游戏，埋下细微不安。,一边对李晴的话机械点头，一边用眼角余光飞速解码，心里翻腾着‘他怕了？还是嫌麻烦？’的猜疑，但即刻用职业笑容掩盖，回复时故意打错一个字，等待他的纠正，像在测试他的投入底线。,2026-07-01T14:35:31.909+00:00,2026-07-01T14:35:31.909+00:00
cmr26gwjp04hpv16ztuywy624,cmr26gwjm04hkv16zt3lgscet,5,收尾与明天的预告,下班前通过最后一条暗语确认明天食堂游戏的进行，同时陈默发来问候，阿条简短回复对比出她对阿力关系的投入。,阿条想推动明日计划，但阿力回复含糊；陈默的再次联系触动了阿条对过去轻松关系的怀念，与此刻需要步步为营的秘密恋形成反差，但她随后更坚定选择当下的刺激。,阿力最终同意了明天的暗语接头，但附加了一个他自己的条件（例如要求只能隔一个座位而不是两个），暗示他想调整规则；陈默信息被冷淡处理，象征阿条主动割断部分过往。,成功定下明天游戏的满足感，夹杂对阿力要求的不解和轻微斗气；回复陈默时短暂的恍惚被压下去，抬头看向阿力工位的后脑勺，对自己说：我已经在一条更刺激的路上了。然后收拾包离开，脚步带着掌控者的轻快。,2026-07-01T14:35:31.909+00:00,2026-07-01T14:35:31.909+00:00
cmr26gzqp04hqv16zygst43j7,cmr268y3h04apv16z1un8z0jg,1,天台赴约,阿条独自来到天台，与阿力在暮色中对峙，她打破沉默，表明要“谈规则”，确立自己不再被动等待的姿态。,天台空寂的环境放大暴露风险（随时可能有人上来），阿条必须克服紧张和犹豫，主动开口；阿力则用等待和沉默施加情感张力，两人博弈在视线与呼吸间展开。,阿条发现，当她不再等待阿力主导，率先抛出话题时，阿力的轻松掌控感出现一丝裂缝，他下意识站直身体，神情严肃起来。,紧张、决意、隐约的掌控快感。,2026-07-01T14:35:36.049+00:00,2026-07-01T14:35:36.049+00:00
cmr26gzqp04hrv16zoql8l36v,cmr268y3h04apv16z1un8z0jg,2,规则谈判,阿条一口气说出三条职场隐蔽规则及附加条件，阿力听完后非但没有反驳，反而全部接受，并郑重请求“别让我猜”，两人关系正式确立。,阿条制定的规则限制了阿力惯常的暧昧节奏，他本能地想讨价还价（如“加班后也不行吗？”），但阿条用“会被开除”的现实压力堵回；阿力最终妥协，却反手提出“别让我猜”的要求，将压力部分传回阿条。,阿力摘下平日轻松的面具，在阿条说规则时，他眼中闪过意外和欣赏，接受时甚至露出难得一见的真诚笑容，让阿条第一次感到他也有柔软之处；草莓糖纸作为信物被递出，象征关系进入新阶段。,试探、紧张、被接受的甜蜜、夹杂一丝对他真诚度的隐约不安。,2026-07-01T14:35:36.049+00:00,2026-07-01T14:35:36.049+00:00
cmr26gzqp04hsv16z7qo8q0tl,cmr268y3h04apv16z1un8z0jg,3,信物与暗语,阿力赠予草莓糖纸，两人约定明日食堂隔座暗语，然后因楼梯脚步声匆忙分开，阿条独自下楼，心态转为期待。,两人刚交换信物，天台门外传来脚步声和说话声，暴露危机突至；阿条本能想躲，被阿力拉住，用眼神示意镇定，两人迅速分开距离，等声音远去后才敢行动，最后阿力先走，阿条稍后离去，离别时无任何身体接触。,草莓糖纸被阿条攥在手心，糖纸的甜味和她狂跳的心跳形成对比，她意识到这场游戏正式开始；下楼梯时，她构思着明天食堂如何自然地说出“隔座”暗语，脸上不自觉浮出笑容，心态从恐惧转为兴奋。,暴露刹那的惊恐、劫后余生的刺激感、对明日游戏的期待与甜蜜。,2026-07-01T14:35:36.049+00:00,2026-07-01T14:35:36.049+00:00
cmr26ql2e04nyv16z2uevvzu3,cmr26ql2a04nxv16znhqmaagi,1,暗语邀约,阿条用暗语向阿力发出茶水间私会邀约，阿力领会并回应，确认行动方案,办公区同事在场，暗语必须简短隐蔽，且阿力能否准确解读存在微小风险,暗语系统实战启动，阿条初尝掌控感，阿力迅即回应显示默契成熟,发送暗语时的紧张与期待 → 收到回应后的隐秘兴奋,2026-07-01T14:43:03.589+00:00,2026-07-01T14:43:03.589+00:00
cmr26ql2e04nzv16z1wrw31uo,cmr26ql2a04nxv16znhqmaagi,2,隔间心跳,两人在茶水间储物隔间短暂独处，气氛紧张甜蜜，肢体近距接触攀升刺激,随时可能被发现的职场压力与渴望亲近的冲动对峙,阿条身体反应比意识更先进入冒险状态，阿力保持警觉但配合度极高,门关瞬间的窒息 → 黑暗中的心跳加速与快感 → 持续警惕中的甜蜜,2026-07-01T14:43:03.589+00:00,2026-07-01T14:43:03.589+00:00
cmr26ql2e04o0v16zz40lz1wt,cmr26ql2a04nxv16znhqmaagi,3,小菲突击,小菲脚步声突然闯入，阿条快速拉开距离，与阿力即兴表演普通同事闲聊,小菲目光狐疑并盘问，两人需在数秒内镇定应对，任何破绽都可能导致暴露,阿条急智能力被激发，阿力临场配合表现出默契极限,高跟鞋声的惊悚 → 表演时的强作镇定与生理颤抖 → 初步蒙混后短暂虚脱,2026-07-01T14:43:03.589+00:00,2026-07-01T14:43:03.589+00:00
cmr26ql2e04o1v16z3f5sgpbn,cmr26ql2a04nxv16znhqmaagi,4,错身暗语,小菲离开后两人错开返回工位，用暗语简短交换感受，为冒险收尾,必须在极短时间内交换信息，并控制兴奋表情避免引起其他同事注意,阿条对刺激上瘾，且明确期待下一次；阿力回应模糊但未撤退,劫后余生的战栗 → 暗语成功后的相视心照 → 独自回味时的后怕与得意交织,2026-07-01T14:43:03.589+00:00,2026-07-01T14:43:03.589+00:00
cmr26z4h104qyv16z0sex85z7,cmr26z4gk04qxv16zhf5t1yow,1,独处工位的回味与挣扎,阿条独自在工位区回味白天险情，内心在理性和诱惑间拉锯，最终主动发出联系消息。,理性告诫谎言终会穿帮，但刺激与甜蜜令她无法抗拒,阿条跨越心理门槛，按下发送键，从被动回味转为主动出击,紧张、犹豫、心跳加速→决然按下发送键,2026-07-01T14:49:41.989+00:00,2026-07-01T14:49:41.989+00:00
cmr26z4h304qzv16z7kvzitka,cmr26z4gk04qxv16zhf5t1yow,2,暗语确认与选择沉溺,收到阿力秒回后，阿条从等待的忐忑转为甜蜜坚定，在夜色中确认沉溺，但心头掠过一丝阴影。,等待回复的忐忑不安 vs 秒回带来的甜蜜冲击,不安被涌入的甜蜜冲散，她选择忽略阴影，确认沉溺,发送后的紧张等待→收到回复时心跳加快、嘴角上扬→收拾离开时脚步轻快→路灯下笑意中掠过一丝阴影,2026-07-01T14:49:41.989+00:00,2026-07-01T14:49:41.989+00:00
cmr276oar04umv16z8e3a5sik,cmr276oan04ulv16zosthskry,1,刻意绕道,阿条主动选择不与阿力同路午餐，反而邀请李响同行，开始暗中试探阿力的反应。,阿条内心渴望靠近阿力，却强压着这份欲望，故意用疏远来测试自己在阿力心中的分量，表面轻松但内心紧张。,阿力对阿条的绕道行为似乎毫无察觉，照常与同事说笑，这反而加剧阿条的不安和醋意。,故作活泼下的忐忑，期待落空后的轻微失落。,2026-07-01T14:55:34.275+00:00,2026-07-01T14:55:34.275+00:00
cmr276oar04unv16zdnueemxj,cmr276oan04ulv16zosthskry,2,午餐桌的冷冷一瞥,在午餐桌上，阿力无心称赞小菲，引爆阿条的嫉妒，阿条用加倍热情对待李响并以冷淡一瞥回应阿力。,阿条必须在众人面前维持开朗形象，但内心的酸涩让她对李响的笑容格外卖力，与阿力目光相接时，她刻意冷下眼神，截断一切交流。,阿力的称赞可能是无心之举，但阿条从中读到威胁，第一次意识到这段秘密关系中自己并非唯一能左右他目光的人，占有欲和脆弱感同时涌现。,强装的笑容下翻涌着嫉妒、酸涩，瞥视阿力后短暂复仇快感与随即涌上的失望。,2026-07-01T14:55:34.275+00:00,2026-07-01T14:55:34.275+00:00
cmr276oar04uov16z8w9hzfjt,cmr276oan04ulv16zosthskry,3,以冷制冷,饭后反思试探无效，收到团建通知后，阿条决定周末全程与阿力保持距离，用冷处理代替试探。,阿条在挫败中重新评估局面：继续主动刺激可能适得其反，但放任不管又难以忍受。团建的通知给了她一个新战场，她决定转守为攻，用彻底的冷淡保护自己并测试阿力。,阿条从依赖阿力回应的试探者，转变为主动划清距离的策略者，关系的掌控权在她心中发生了微妙转移。,从强打精神的失望，到谋划新策略时的冷静决绝，带着一丝自伤的倔强。,2026-07-01T14:55:34.275+00:00,2026-07-01T14:55:34.275+00:00
cmr27e6dy04x4v16zv2dm21yg,cmr27e6dt04x3v16zzzq9koex,1,清晨赴约：刻意疏离的启程,展示阿条决绝执行疏远策略，用行动拉开物理与心理距离。,内心渴望靠近阿力与理智要求保持距离的对抗。,阿条意识到自己的决心比预想中更坚定，但心跳的失控暴露了伪装下的不安。,紧张、克制、微妙的失落,2026-07-01T15:01:24.310+00:00,2026-07-01T15:01:24.310+00:00
cmr27e6dz04x5v16z2bf28n8t,cmr27e6dt04x3v16zzzq9koex,2,团队活动：人潮间的凝视偷渡,在分组活动中刻意避开，却在间隙捕捉到阿力的凝视，展现暗涌。,在人群中维持表面自然与暗中捕捉对方信号的矛盾。,阿力同样在暗中关注她，但每一次视线交汇又迅速弹开，加深了咫尺天涯的煎熬。,悸动、压抑、甜蜜而痛苦的眩晕,2026-07-01T15:01:24.310+00:00,2026-07-01T15:01:24.310+00:00
cmr27e6dz04x6v16z8zjkfzvw,cmr27e6dt04x3v16zzzq9koex,3,午餐拼桌：碰杯时三秒的共谋,通过公共场合的表演性疏远和极短的眼神交缠，传递“我仍在”的暗号。,必须与同事谈笑风生，却将真正的交流压缩成碰杯时的数秒凝视。,尽管有默契，但这种压缩的交流反而让阿条感到两人正被拉得更远，孤独感初显。,表面欢快，内心空洞，瞬间的温暖后是更深的凉意,2026-07-01T15:01:24.310+00:00,2026-07-01T15:01:24.310+00:00
cmr27e6dz04x7v16zz9oh1qm6,cmr27e6dt04x3v16zzzq9koex,4,好友散步：随口试探与心惊敷衍,通过李晴的询问引入外界怀疑视角，迫使阿条面对谎言向好友蔓延的现实。,想对好友坦白与必须严守秘密的激烈挣扎。,阿条首次发现，伪装已不再是两个人的游戏，她正开始对最亲近的朋友说谎。,心虚、警惕、一丝愧疚,2026-07-01T15:01:24.310+00:00,2026-07-01T15:01:24.310+00:00
cmr27e6dz04x8v16zi2jt740s,cmr27e6dt04x3v16zzzq9koex,5,晚餐游戏：被迫协作下的切割与试探,在游戏机制下与阿力间接互动，不得不传递道具或回答问题，展现强装镇定下的身心俱疲。,必须完成游戏任务却要避免任何亲密嫌疑，每句话都在切割关系同时试探对方态度。,两人的高度默契在协作中自然流露又立即被压抑，阿条感到这种反复表演极度耗竭心力。,高度紧张、疲惫、近乎麻木的机械表演,2026-07-01T15:01:24.310+00:00,2026-07-01T15:01:24.310+00:00
cmr27e6dz04x9v16zwek3gnmo,cmr27e6dt04x3v16zzzq9koex,6,深夜窗前：玻璃镜中的清醒,在喧闹背景中独自面对窗帘倒影，卸下全部表演，完成认知转折。,窗外同事的欢闹与内心无边孤寂的强烈对比。,阿条终于承认，这种双面生活才刚开始，而未来某天他们可能连眼神都传递不出去，猜疑的种子开始发芽。,落寞、觉悟、夹杂恐惧的清醒,2026-07-01T15:01:24.310+00:00,2026-07-01T15:01:24.310+00:00
cmr27zg7404zsv16zhg9rcqzy,cmr27zg7004zrv16zc5e6ceg6,1,李晴端着咖啡走过来,通过李晴的试探性闲聊，让阿条意识到同事已察觉她和阿力的不自然，同事怀疑从隐形变为显性压力。,阿条想掩饰心不在焉，但李晴半开玩笑的提问直击要害，她必须迅速编造理由，同时内心警铃大作。,李晴点出阿条和阿力近来不自然，证实同事的观察已超出普通职场的泛泛关心。,从午休的恍惚到被突然点醒的紧张，心跳漏拍，强装镇定，掩饰下的慌乱。,2026-07-01T15:17:56.800+00:00,2026-07-01T15:17:56.800+00:00
cmr27zg7404ztv16zxci0ozlh,cmr27zg7004zrv16zc5e6ceg6,2,递文件折射的冰冷距离,展现阿条主动试探阿力，却遭遇极端冷漠，揭示表演策略对阿条的反噬——阿力似乎真的在把她当陌生人。,阿条试图用递文件创造接触，但阿力连眼神都不给，只淡漠回应‘放那儿吧’，彻底打破她期待的任何微小默契。,阿力在办公室内严格执行陌生人规则，没有任何暗号或变通，令阿条原本依赖的暗语系统失效。,从期待接触的紧张，到被无视的刺痛，凉意蔓延，自我怀疑开始滋生。,2026-07-01T15:17:56.800+00:00,2026-07-01T15:17:56.800+00:00
cmr27zg7404zuv16zjw0p8jl4,cmr27zg7004zrv16zc5e6ceg6,3,凉意蔓延与回避信号,通过阿条的内心反应和结尾暗示，固化同事怀疑升级与阿力持续回避的双重压力，将不确定性推至高点。,阿条克制住质问的冲动，翻看聊天记录却毫无解释，李晴的话在脑中回响，她必须决定接下来是继续观察还是行动，但阿力走向楼梯间的背影暗示回避将持续。,阿条首次意识到自己可能失去对游戏的控制，冰冷现实击碎了她之前的主动沉溺心态。,克制冲动中的无力感，被孤立的寒意，结尾无声的悬念——回避将继续，未来更加疲惫。,2026-07-01T15:17:56.800+00:00,2026-07-01T15:17:56.800+00:00
cmr2869u3052sv16z2mbwjvjl,cmr2869tz052rv16zw2vyhruc,1,清晨办公室：眼神落空,建立阿力持续回避的冷感，让阿条从进入办公室的瞬间就感受到异样的距离。,阿条习惯性地寻找阿力的位置，期待一个默契的对视，但阿力低头或转身，刻意避开目光接触，像突然关闭的通道。,阿力一改往日就算不主动也会接住眼神的习惯，此刻完全撤回所有非语言信号，冷落从细节开始渗透。,困惑—>轻微失落,2026-07-01T15:23:15.147+00:00,2026-07-01T15:23:15.147+00:00
cmr2869u3052tv16zxbsxgj53,cmr2869tz052rv16zw2vyhruc,2,午休：独自下楼与婉拒约饭,通过对比强化孤立感，让阿条体会到被排斥在阿力日常之外。,午休时阿力拿起外套独自下楼，未向阿条示意；李晴等同事约饭，阿条以不饿婉拒，一人留在工位，周围热闹与她无关。,阿力不仅回避互动，连以往默许的共处空间也主动避开；阿条开始觉得自己在团队中成为孤岛。,试探性等待—>轻微委屈,2026-07-01T15:23:15.147+00:00,2026-07-01T15:23:15.147+00:00
cmr2869u3052uv16zrb6z13qx,cmr2869tz052rv16zw2vyhruc,3,下午：被拒的午餐邀约与克制观察,通过阿条主动邀约受挫，将冷落升级为明确拒绝，并展现她转向消极观察。,阿条编辑消息约阿力午饭，犹豫后发出，只收到一个字“忙”；她表面平静，整个下午用眼角余光捕捉阿力每一个细微的回避动作，同时维持工作常态。,阿力用最吝啬的方式切断私下连接，阿条首次尝到被硬生生推开的滋味；她开始从参与者退为观察者，猜疑萌芽。,紧张期待—>刺痛—>压抑不安,2026-07-01T15:23:15.147+00:00,2026-07-01T15:23:15.147+00:00
cmr2869u3052vv16zjfdtefpv,cmr2869tz052rv16zw2vyhruc,4,夜晚：独处时的凉意与怀疑萌芽,在独自空间里让累积的冷感发酵，通过回忆对比使不安转为对关系真实性的质疑，并做出不再主动的决定。,阿条翻看聊天记录，发现从密集暗语到只言片语的断裂，一两个敏感暗语画面闪过；站在窗前，外面灯火温暖，内心凉意蔓延，她对自己说不要再主动了，但一个念头压不下去：他是不是有什么瞒着我？,回忆里的默契反衬出现实的冰冷，阿条从期待转向自我告诫，而怀疑像一根刺扎进心底，为对峙埋下种子。,疲惫—>怀念—>心寒—>决意与怀疑交织,2026-07-01T15:23:15.147+00:00,2026-07-01T15:23:15.147+00:00
cmr30mtvs0ak9v16zly5h7d6x,cmr30mtvo0ak8v16zn8do72xi,1,加班结束后的冲动跟进,展现阿条看到阿力独自行走时，内心挣扎并最终打破自我约定，冲动地跟上他。,阿条的理性（不再主动的约定）与情感（不安与渴望确认）之间的拉锯战。,阿条的自我约定在不安面前不堪一击，她无法忍受被动等待。,从疲惫无感到心跳加速，犹豫几秒后转为决然，带着不安和一丝祈求解脱的冲动。,2026-07-02T04:39:56.872+00:00,2026-07-02T04:39:56.872+00:00
cmr30mtvs0akav16zpx4tqgnq,cmr30mtvo0ak8v16zn8do72xi,2,电梯内的敷衍对峙,阿条主动开口质问，阿力以冷淡敷衍回应，将她的模糊不安转化为具体的被拒绝感。,阿条渴望得到解释或一丝关心，阿力却用简短言辞和回避眼神筑起高墙。,阿力的回避并非偶然，而是有意的疏远，阿条确认自己被冷落的事实。,开口前的紧张与喉咙发紧，问话时的脆弱与期待，得到敷衍后的失望与微微受伤，阿力回避眼神时的冰冷感，逐渐升起的愤怒与自尊心。,2026-07-02T04:39:56.872+00:00,2026-07-02T04:39:56.872+00:00
cmr30mtvt0akbv16zjoc3f83b,cmr30mtvo0ak8v16zn8do72xi,3,提前退出的背影抗议,阿条在愤怒中提前退出电梯，用快步离开的背影表达抗议，将内心的不满转化为行动。,阿条不愿继续在狭小空间里示弱，用提前离开来夺回一点自尊，但实际上更像是落荒而逃。,阿条的赌气行为表明她已无法维持表面的平静，关系裂痕进一步公开化（即使只有他们两人）。,电梯楼层数字跳动时的憋闷，突然按键时的决绝，走出电梯时挺直的背脊，快步走时心里堵得慌，眼眶微热但忍住泪水。,2026-07-02T04:39:56.872+00:00,2026-07-02T04:39:56.872+00:00
cmr30mtvt0akcv16zfrk1a712,cmr30mtvo0ak8v16zn8do72xi,4,失眠中的猜疑具体化与测试萌芽,让阿条在独处的夜晚反复回想对峙场景，将模糊的不安转化为具体猜疑，并萌生测试阿力的念头。,失眠时，理智试图分析阿力行为，但情绪不断放大受伤感，最后在无解中生出主动试探的念头。,猜疑从‘他是不是有事’变为‘他在故意冷落我，背后可能隐藏什么’，并孵化出‘测试’这一应对策略。,躺在床上翻来覆去，黑暗中细节放大的烦躁，回忆每一秒的委屈与不甘，凌晨微光中突然坐起，心里涌起一股冷酷的决心，带着报复性的快感。,2026-07-02T04:39:56.872+00:00,2026-07-02T04:39:56.872+00:00
cmr30uptr0an8v16ztcdxvyge,cmr30uptn0an7v16zbicinsq5,1,试探的开端：公开说笑,阿条在办公室公共区域故意与小刘说笑，启动测试，观察阿力是否注意。,阿条内心紧张，表面自然，在表演和希望之间拉扯，害怕阿力完全无动于衷。,阿力从工位抬头看了他们一眼，目光平静，然后转开。,期待与焦虑交织，心跳加快，强制让自己笑得自然。,2026-07-02T04:46:04.863+00:00,2026-07-02T04:46:04.863+00:00
cmr30uptr0an9v16zhbg0wd47,cmr30uptn0an7v16zbicinsq5,2,目光相撞即错开,阿条迎上阿力的目光，试图与之对视，却遭遇迅速回避，确证疏远。,阿条渴望得到回应对视，但阿力像躲避陌生人一样移开视线，她感到被拒绝的刺痛。,阿力主动切断目光接触，表明疏远是有意为之，不是加班忙碌的偶然。,瞬间的受伤，随后转为不甘与赌气，笑容消失。,2026-07-02T04:46:04.863+00:00,2026-07-02T04:46:04.863+00:00
cmr30uptr0anav16zyfgpllp7,cmr30uptn0an7v16zbicinsq5,3,执念的起点：不再看他，却在等待,阿条收起笑容，赌气不再看阿力，但下班后在空旷办公室独自等待，手机震动不断勾起执念。,表面平静克制，内心却无法停止期望阿力会来解释，每一次手机震动都在希望与害怕间撕扯。,猜疑从“他为什么回避”正式升级为“他在隐瞒什么，而我等他解释”的执念。,克制下的煎熬，渴望与恐惧并存，孤独感加重。,2026-07-02T04:46:04.863+00:00,2026-07-02T04:46:04.863+00:00
cmr315s090aqvv16zji2bp4kp,cmr315s060aquv16zixcmt50q,1,暴风雨前的留意,展现议论爆发前阿条对阿力的暗中留意，以及办公室表面平静下的异样氛围，为她偷听同事议论做好情绪铺垫。,阿条内心渴望得到阿力的反应或解释，但阿力持续冷漠，她只能自我克制，同时李晴的目光让她感到被观察的压力。,阿条发现阿力与小菲正常交谈时，她的嫉妒已从刺痛转为麻木，预示她对这段关系的期待正在被消耗。,克制中的疲惫与微弱的不安,2026-07-02T04:54:40.905+00:00,2026-07-02T04:54:40.905+00:00
cmr315s090aqwv16z534y87xc,cmr315s060aquv16zixcmt50q,2,茶水间的判词,通过阿条在茶水间偷听到同事的具体议论，将外部怀疑直接砸向她，触发强烈的身体反应和恐慌。,阿条无意中听到同事以她与阿力为话题，明确说出“他们绝对有事”“最近刻意躲着更奇怪”，并提及具体事件，她的秘密世界猛然从内部坍塌到外部。,同事的议论证实了猜疑已不是个人敏感，而是多人共识，阿条意识到暴露已近在咫尺。,震惊与窒息感，手指攥紧杯子到发白,2026-07-02T04:54:40.905+00:00,2026-07-02T04:54:40.905+00:00
cmr315s090aqxv16zq7ydjw5h,cmr315s060aquv16zixcmt50q,3,即刻筑墙,展现阿条在偷听后立即做出的回避决定，并通过具体行动实施回避，切断所有可能的接触。,阿条必须强行扭转自己的行为模式，对抗内心仍想捕捉阿力反应的惯性，用物理距离建立防护。,回避行为本身让阿条感受到一种冰冷的控制感，但也加深了孤立，她意识到自己正在单方面为保护关系而收缩自己。,决绝中的沉重，伴随回忆闪现时的心悸,2026-07-02T04:54:40.905+00:00,2026-07-02T04:54:40.905+00:00
cmr315s090aqyv16zqmlwp3xu,cmr315s060aquv16zixcmt50q,4,独处时的坍塌,在独处环境中，让恐慌蔓延，甜蜜回忆被悲观预感彻底覆盖，为下一章质问积蓄情绪张力。,阿条试图用回忆中的甜蜜安抚自己，但每一段记忆都被同事的议论玷污，恐慌像潮水般上涨，她无力阻止对关系终结的想象。,阿条首次明确预感这段关系可能会以最不堪的方式暴露并结束，而她仍在执念中等待解释，形成尖锐的内心撕裂。,恐慌蔓延至麻木，疲惫中的绝望预感,2026-07-02T04:54:40.905+00:00,2026-07-02T04:54:40.905+00:00
cmr31dk2a0atxv16z9epv1sac,cmr31dk260atwv16zuuhohqdp,1,深夜质问的开端,阿条在独处时情绪爆发，发送第一条质问消息，打破隐忍。,她内心挣扎是否要发，恐惧撞上冷墙，但积累的委屈压过理智。,她首次直接质问阿力‘你是不是在躲我？’‘为什么突然这样？’，将隐瞒问题摆上台面。,紧张→下定决心→发完消息后的期待与不安,2026-07-02T05:00:43.858+00:00,2026-07-02T05:00:43.858+00:00
cmr31dk2a0atyv16zdnhbixkq,cmr31dk260atwv16zuuhohqdp,2,冷墙初现,阿力简短回复后，阿条从期待的波动跌入失望，但坚持追问。,阿力回复‘别多想，为大家好’，用集体利益作为挡箭牌，阿条无法接受这种模糊解释。,阿条看清阿力不愿正面沟通的态度，但仍不甘心，追问‘为大家好就一定要这样对我？’,收到回复的瞬间期待→看到内容后失望→质疑与不甘→继续追问,2026-07-02T05:00:43.858+00:00,2026-07-02T05:00:43.858+00:00
cmr31dk2a0atzv16zp1ulerau,cmr31dk260atwv16zuuhohqdp,3,已读不回的沉默,阿力已读不回，阿条连续发送多条消息，从埋怨升级为指责。,阿条的愤怒与阿力沉默的对抗，她越说越激动，却得不到任何回应。,她首次直接指责阿力‘冷暴力’，并流露‘是不是只有我一直在乎’的脆弱。,等待的焦虑→确认已读后的愤怒→指责与埋怨→偶尔恳求，情绪起伏,2026-07-02T05:00:43.858+00:00,2026-07-02T05:00:43.858+00:00
cmr31dk2a0au0v16zem8f510s,cmr31dk260atwv16zuuhohqdp,4,不再发送的决定,阿条主动停止发送消息，疲惫收场，内心转向被动。,她还想继续发，但理性告诉她这样只会更廉价；她关掉手机，却无法关掉期待。,她认识到沟通已彻底失败，承认‘他不会给我解释的’；第一次屈服于冷暴力。,极度疲惫→无力→自我安慰‘我不会再发了’→埋下明天见面的复杂预感,2026-07-02T05:00:43.858+00:00,2026-07-02T05:00:43.858+00:00
cmr31n6z10awlv16z1a74pch5,cmr31n6yx0awkv16z3er63d6z,1,日常中的缺席,建立阿力回避已成常态的沉闷氛围，让读者感受到阿条的暗中留意与克制。,阿条想确认阿力的状态，但之前已决定不再主动联系，内心压抑着寻找他身影的冲动。,阿条发现阿力通过调整座位或路线刻意回避任何可能的私下接触，连工作群交集都变得稀少。,压抑、习惯性的失落。,2026-07-02T05:08:13.453+00:00,2026-07-02T05:08:13.453+00:00
cmr31n6z10awmv16z2oaudgtd,cmr31n6yx0awkv16z3er63d6z,2,最后的试探,通过阿条故意经过阿力工位放慢脚步的细节，展现她最后一次破釜沉舟的期待，以及阿力彻底的无视给予的致命打击。,阿条的心跳加速、手指蜷缩、刻意放缓的脚步与阿力眼珠都不动、完全漠视之间的紧张碰撞。,阿条确认阿力的回避是主动的、残酷的、毫无余地的，是自己无法再自欺欺人的答案。,紧张期待 → 羞耻绝望。,2026-07-02T05:08:13.453+00:00,2026-07-02T05:08:13.453+00:00
cmr31n6z10awnv16zvud5x980,cmr31n6yx0awkv16z3er63d6z,3,强撑的微笑,展现阿条在试探失败后强迫自己投入工作，但在间隙中反复咀嚼痛苦，最终由刺痛转为心冷的内心转折。,表面维持正常同事的举动与内心翻涌的羞耻感、被抛弃感之间的撕裂。,阿条终于下定决心，不再主动向他发出任何形式的信号，将‘放弃’从念头固化为决定。,刺痛 → 强撑 → 心冷。,2026-07-02T05:08:13.453+00:00,2026-07-02T05:08:13.453+00:00
cmr31n6z10awov16z5w1qlev4,cmr31n6yx0awkv16z3er63d6z,4,深夜的对话框,在独处的出租屋里，通过阿条盯着对话框、翻身失眠等细节，具象化冷暴力的伤害，并让她第一次清晰地意识到自己正在承受冷暴力。,身体疲惫渴望休息，但精神被反复回想、复盘和沉默的对话框所折磨，期待与现实的落差加剧失眠。,阿条从模糊的不适中提炼出一个清晰的认知：这就是冷暴力，自己正在被伤害。,疲惫、反复刺痛、失眠中的清醒。,2026-07-02T05:08:13.453+00:00,2026-07-02T05:08:13.453+00:00
cmr31n6z10awpv16zd6t0tef8,cmr31n6yx0awkv16z3er63d6z,5,面具与预感,描绘第二天清晨阿条疲惫但坚定的状态，她决定戴上面具上班，同时预感到即使如此微薄的自保也会很快受到挑战，为下一章留下悬念。,内心的脆弱与外在必须维持的‘正常’之间的对抗，以及不甘心被动等待却无力改变现状的矛盾。,阿条的防御建立在疲惫之上，并不牢固，她隐约意识到李晴的关心或其他同事的试探即将成为压垮平静的新压力。,疲惫中的麻木坚定。,2026-07-02T05:08:13.453+00:00,2026-07-02T05:08:13.453+00:00
cmr31vgsd0azsv16z8h1qwvqk,cmr31vgs90azrv16z3z3ewcof,1,维持表面日常,展示阿条在办公室刻意维持波澜不惊的日常状态，内心却高度警觉，并用余光捕捉小菲的异常关注。,阿条强打精神与同事自然互动，但疑心和敏感让她对周围的关注感到不安，内心希望不被看穿。,小菲的目光和搭话频率暗示其已受同事议论影响，对阿条格外留意。,刻意平静下的紧绷，表面正常，内心警报拉响。,2026-07-02T05:14:39.421+00:00,2026-07-02T05:14:39.421+00:00
cmr31vgsd0aztv16zegva7gje,cmr31vgs90azrv16z3z3ewcof,2,咖啡邀约,小菲突然约阿条喝咖啡，阿条爽快答应，但内心警觉度拉满，去往咖啡店途中氛围轻松却暗藏紧张。,阿条明知此次邀约很可能是试探，却无法拒绝，必须在应对中隐藏真实情绪。,小菲的邀约看似随意，却特意选在私密空间，暗示其准备深入试探。,警觉提高，表面配合闲聊，内心拉紧防线。,2026-07-02T05:14:39.421+00:00,2026-07-02T05:14:39.421+00:00
cmr31vgsd0azuv16za9hl9hut,cmr31vgs90azrv16z3z3ewcof,3,咖啡杯里的反问,咖啡对话中，小菲在闲聊后猝不及防将话题引向阿力，阿条稳住情绪，用反问巧妙转移压力，并从小菲的支吾中读懂同事的窃窃私语。,小菲试图套取阿条对阿力异常态度的看法，阿条必须在防守同时反守为攻，避免暴露。,阿条反问“你怎么突然那么关心他？”后，小菲支吾其词，证实同事间已有议论，秘密岌岌可危。,冷静反击，内心却一片冰凉，在反问的同时确认孤立感加深。,2026-07-02T05:14:39.421+00:00,2026-07-02T05:14:39.421+00:00
cmr31vgsd0azvv16zygrmi686,cmr31vgs90azrv16z3z3ewcof,4,面具下的崩塌,阿条以项目忙为由镇定结束谈话，离开小菲视线后表情才垮下，独自咀嚼被议论的寒意，并下定决心在聚餐中刻意疏远阿力。,公共场合的镇定与私下脆弱形成撕裂，阿条必须在崩溃边缘重新武装自己。,阿条意识到与阿力的秘密已被同事敏感捕捉，唯一的出路是将疏远表演得更彻底。,从压抑到爆发脆弱，再到用力抹去情绪，重整为冷硬的决心。,2026-07-02T05:14:39.421+00:00,2026-07-02T05:14:39.421+00:00
cmr31vgsd0azwv16z591lu2g0,cmr31vgs90azrv16z3z3ewcof,5,聚餐倒计时,收尾钩子，阿条收到团队聚餐提醒，暗自决定晚上不坐阿力附近，预感到这将是一场必须提前戴好面具的考验。,即将到来的集体场合与脆弱秘密之间的矛盾，阿条必须在考验前完成心理武装。,为下一章在众人面前的表演与可能的新暴露危机埋下伏笔。,重新武装后的警觉，带着孤注一掷的决意，迎接未知。,2026-07-02T05:14:39.421+00:00,2026-07-02T05:14:39.421+00:00
cmr320yau0b2bv16zdx73yodl,cmr320yan0b2av16zp4dg7rs6,1,刻意远离的落座,通过阿条主动选择离阿力最远的位置，展示执行疏离策略的决心，同时建立聚餐的空间与心理距离。,阿条必须在不引起怀疑的情况下坐到角落，内心警觉但表面从容。她观察到阿力毫无反应，漠视感初现。,阿力完全回避视线，证实两人关系已降至冰点。,从决心冷静到被漠视的轻微刺痛。,2026-07-02T05:18:55.398+00:00,2026-07-02T05:18:55.398+00:00
cmr320yau0b2cv16zmikz1h1t,cmr320yan0b2av16zp4dg7rs6,2,觥筹交错中的无言,在同事正常互动中，通过阿条偶尔观察阿力，发现他全程不看她、不同她说话，加深被冷落的刺感。,阿条既要参与同事话题，又要压抑不断泛起的酸涩，李晴的陪伴带来些许安慰，但也强化了阿力冷漠的对比。,阿力用彻底的无视将她划出世界，比争吵更伤。,强撑欢笑下的刺痛隐忍，内心逐渐发凉。,2026-07-02T05:18:55.398+00:00,2026-07-02T05:18:55.398+00:00
cmr320yau0b2dv16ztm1eo4fw,cmr320yan0b2av16zp4dg7rs6,3,提前离场的圆场,阿力突然提前离场，阿条必须当着同事面替他打圆场，同时掩饰自己的酸涩，强化情绪转折。,阿力借口离开时未看她一眼，阿条强笑说着“可能他有事先走”，内心却意识到这是彻底切断。同事可能察觉异样，她必须稳住。,阿力没有回头，阿条清楚地知道他在用行动结束一切。,从强颜欢笑到内心开始麻木，笑容像面具粘在脸上。,2026-07-02T05:18:55.398+00:00,2026-07-02T05:18:55.398+00:00
cmr320yau0b2ev16zjf3uffgh,cmr320yan0b2av16zp4dg7rs6,4,散席后的夜街,散席后阿条拒绝搭车，独自走在夜街上，逐一回想席间细节，完成从刺痛到冰冷麻木的内心转折。,冷风、空荡的街道与环境细节放大孤独，她反复回想阿力的每一个回避，承认心里某些东西正在变冷，不再期待。,阿条终于接受他用行动切断亲近的事实，自我保护机制启动，心开始麻木。,从崩溃边缘到沉入冰冷谷底，情绪彻底冷却。,2026-07-02T05:18:55.398+00:00,2026-07-02T05:18:55.398+00:00
cmr320yau0b2fv16zipz3e2ak,cmr320yan0b2av16zp4dg7rs6,5,楼下黑暗的窗户,收尾在她回到住处楼下，仰望黑暗的窗户，情绪已跌入冰冷谷底，为深夜手机亮起做静止铺垫。,没有冲突，只有沉默的绝望。她不愿上楼，只是看着那扇不会亮起的窗，麻木感蔓延全身。,内心已无期待，只剩下冰冷空虚。,彻底的麻木与冰凉，为下章转折蓄势。,2026-07-02T05:18:55.398+00:00,2026-07-02T05:18:55.398+00:00
cmr328ogk0b4fv16zzhl6b7ia,cmr328ogg0b4ev16zx7okgnbk,1,黑暗中重映冷落,承接上一章散席后的冰冷麻木，描绘阿条躺在床上辗转难眠，脑中不受控制地重映聚餐片段与阿力的种种回避，让情绪在黑暗中缓慢发酵，为接到来电时的心理动作做铺垫。,她试图停止回想，但记忆不由分说地涌入，身体的疲惫与脑海的活跃形成对抗。,在反复回放中，她第一次清晰且不带幻想地承认：阿力的冷淡是持续且主动的选择。,从麻木泛起到隐隐作痛，压抑的钝痛感逐渐堆积。,2026-07-02T05:24:55.892+00:00,2026-07-02T05:24:55.892+00:00
cmr328ogk0b4gv16zwdl9trlv,cmr328ogg0b4ev16zx7okgnbk,2,来电与拒接的刹那,手机突然亮起显示阿力来电，阿条在心跳加速与身体僵硬的矛盾中，通过一连串微小回忆闪念推导出“他不再能接住我”，最终用拇指按下拒接键，完成从被动承受到主动关门的转折动作。,残存的期待（接电话也许能听到解释）与清醒的认知（他不会再给出解释）的搏斗。,她意识到自己连质问的欲望都已失去，按下拒接的那一刻，情感闸门正式关上。,短暂激动被迅速压回，转为冷静决绝，但手指的微颤泄露了残余疼痛。,2026-07-02T05:24:55.892+00:00,2026-07-02T05:24:55.892+00:00
cmr328ogk0b4hv16zrbzikgco,cmr328ogg0b4ev16zx7okgnbk,3,关掉声音却关不掉期待,拒接后她立即关掉手机静音，试图切断所有期待，但片刻后忍不住重新点亮屏幕，看到阿力只发来一句“早点睡”，并经历从短暂幻想“也许有不同”到彻底冰冷的心理滑落。,理智要求自己不再看，情感却驱动手指点亮屏幕；看到留言的瞬间希望升起，旋即被短促的三个字击碎。,“早点睡”不带温度，也不含解释，她终于确认这通来电并非求和或道歉，只是惯性联系或打发，信任在此时已无存续土壤。,从按掉后的空虚，到燃起微弱希望，最终沉入更深的失落与冰凉。,2026-07-02T05:24:55.892+00:00,2026-07-02T05:24:55.892+00:00
cmr328ogk0b4iv16zeh97ochv,cmr328ogg0b4ev16zx7okgnbk,4,项目邮件撞破暗夜,在失落中，工作邮箱突然弹出项目安排邮件，内容显示从明天开始她将与阿力及其他同事进入一个需要密切协作的新项目周期；这一消息将她从情感内耗中硬生生拉回现实压力，意识到即将面临的暴露风险与心理折磨。,她原想独自消化情绪，但外部任务强行闯入，逼她不得不直面明天就要和阿力共事、却已无任何情感缓冲的残酷境地。,她明白这次合作将把彼此锁进更狭窄的日常空间，暴露风险骤增，而她此刻不但没有一丝甜蜜的刺激感，反而只有防备与疲惫。,从留言带来的冰凉中跳出，转为现实压力的不安、对即将失去安全距离的焦虑，以及心力交瘁的疲惫。,2026-07-02T05:24:55.892+00:00,2026-07-02T05:24:55.892+00:00
cmr328ogk0b4jv16z9gdv62j1,cmr328ogg0b4ev16zx7okgnbk,5,窗外的夜色与心底的刺,收尾在阿条最终放下手机，在黑暗中睁着眼，猜疑正式扎根，她清晰感觉到自己对阿力的信任已悄然瓦解，而窗外的夜色仿佛这关系的底色——将明未明，却冰冷刺骨。,身体需要休息，意识却因猜疑和即将到来的项目威胁而保持清醒；她回不到过去的信任状态，又未完全看清未来。,她不再等待回应，不再心怀侥幸，承认这段关系已经拐入无法回头的猜疑期，自己已从飞蛾扑火变为闭门自守。,清醒的失眠，混合着悲哀、刺骨的寒意与一种脆弱的平静。,2026-07-02T05:24:55.892+00:00,2026-07-02T05:24:55.892+00:00
cmr32jcsa0b6xv16zqojlxkmb,cmr32jcs70b6wv16z0h5uqpae,1,闯入与强装,阿条推开茶水间门，看见阿力背影时压下躯体紧张，强迫自己松弛并搭话，建立试探的起始氛围。,内部躯体警报（心跳、僵硬）与必须表演若无其事的外部要求之间的冲突。,阿力没有回头，仅侧脸笑了一下，这个疏离反应立刻让阿条意识到今天不会轻松。,紧张→强迫松弛→警觉,2026-07-02T05:33:13.978+00:00,2026-07-02T05:33:13.978+00:00
cmr32jcsa0b6yv16zbccwmsyx,cmr32jcs70b6wv16z0h5uqpae,2,试探与三度回避,阿条用看似闲聊的问句掷出试探，阿力连续三次用无关话题打岔，阿条的期待逐渐变冷。,阿条渴望得到直面解释的期待与阿力用幽默、工作、咖啡口味等全力回避的对抗。,阿力第三次打岔时，阿条确认他绝不会主动触碰未接来电的实质，内心最后一丝期待熄灭。,伪装的轻松→轻度失望→渐冷→冰冷决断,2026-07-02T05:33:13.978+00:00,2026-07-02T05:33:13.978+00:00
cmr32jcsa0b6zv16z74gl744f,cmr32jcs70b6wv16z0h5uqpae,3,搁杯转身,阿条用突兀的动作和一句直白质问打破伪装，不给阿力反应机会便转身离开茶水间，切断沟通。,阿条单方面撕破表面的平静，用“你明明知道我问的不是这个”将试探公开化，对抗阿力的回避策略。,阿条第一次没有配合任何玩笑，用行动宣示自己不再接受这种模式，关系从此转入硬碰硬的僵局。,瞬间爆发的决绝→动作中的愤怒（关节发白）→转身后的麻木,2026-07-02T05:33:13.978+00:00,2026-07-02T05:33:13.978+00:00
cmr32jcsa0b70v16z0lrt0d8w,cmr32jcs70b6wv16z0h5uqpae,4,工位冷却,阿条走回工位，承受从愤怒到麻木再到冷静的心理沉淀，为次日必须配合的工作做好冷漠预判。,内心火烧般的委屈与必须维持正常职场表现的压抑之间的冲突。,工作群通知亮起时，心中已无涟漪，她意识到自己真的不再对阿力抱有期待，防御彻底成型。,愤怒烧灼→耳朵嗡嗡作响→麻木→平静冰冷,2026-07-02T05:33:13.978+00:00,2026-07-02T05:33:13.978+00:00
cmr32t7q40b9iv16z0rizxftw,cmr32t7q10b9hv16zsyl4v1wi,1,晨会搭档宣布,通过王总宣布两人搭档，展现阿力表演式的配合与阿条的警觉，确立本章冰冷基调。,阿力微笑接受搭档，但措辞谨慎、眼神回避，阿条从他的表演中读出更深的划界，内心冷意弥漫。,阿力已将私下关系完全冻结，职场合作只是公事公办的表演。,阿条内心冰冷、警觉，对阿力的表演感到讽刺与疏离。,2026-07-02T05:40:53.980+00:00,2026-07-02T05:40:53.980+00:00
cmr32t7q40b9jv16zqabmz1qp,cmr32t7q10b9hv16zsyl4v1wi,2,午餐邀约被拒,阿条以讨论进度为由主动接近，阿力用流程和忙碌为盾牌拒绝，将私人通道彻底关闭。,阿条主动邀约午餐，阿力以‘邮件更正式’‘避免误会’为由拒绝，语气公事公事，不看她，手指敲击键盘不停。,阿力完全拒绝任何私下接触，连午餐都成为禁忌。,阿条从一丝期待到被冰冷拒绝，屈辱与挫败感交织。,2026-07-02T05:40:53.980+00:00,2026-07-02T05:40:53.980+00:00
cmr32t7q40b9kv16zxd5pdfnp,cmr32t7q10b9hv16zsyl4v1wi,3,比陌生人更疏远,展现工作中两人仅靠邮件往来，零交流，比陌生人更远的冰冷状态，突出阿条的煎熬。,项目需要协作，但阿力只发邮件，经过阿条座位时不看她，刻意回避任何面对面接触。,职场绑定非但没有拉近距离，反而加剧疏离，阿条感到窒息般的孤独。,煎熬、孤独、无力，被视若无物的刺痛。,2026-07-02T05:40:53.980+00:00,2026-07-02T05:40:53.980+00:00
cmr32t7q40b9lv16z28ulgqqd,cmr32t7q10b9hv16zsyl4v1wi,4,电梯口最后拦截,阿条鼓起勇气在电梯口截住阿力，却被他以忙碌和同事可能看见为由匆匆推开，彻底绝望。,阿条直接拦住阿力，语气带着最后一丝不甘，阿力面露难色，借口‘最近太忙’‘同事会看见’，不等回应便离开。,阿力已筑起高墙，任何私人交流都无可能，阿条的最后尝试失败。,被彻底拒绝的绝望，冰冷蔓延全身，最后一丝期待熄灭。,2026-07-02T05:40:53.980+00:00,2026-07-02T05:40:53.980+00:00
cmr32t7q40b9mv16zq2e9sini,cmr32t7q10b9hv16zsyl4v1wi,5,锁死在项目里,阿条回到寂静的办公室，看到全员加班邮件，感到被项目死死锁住，决心与不甘在绝望中积蓄。,内心挣扎：想逃离却无处可逃，未来日日相对，但阿力已筑墙。加班通知像枷锁，提醒她束缚。,阿条意识到自己被困在项目中，与阿力强行绑定，无处可避。,绝望中燃起一丝不甘，冰冷的决心取代麻木，为逼问积蓄能量。,2026-07-02T05:40:53.980+00:00,2026-07-02T05:40:53.980+00:00
cmr332hie0bc3v16zs9r5v4do,cmr332hi80bc2v16zamrm656q,1,起意尾随,阿条在工位留意到阿力从会议室出来走向走廊，决定起身跟随，心跳加速，握笔的手无意识捏紧，完成从犹豫到行动的心理转折。,内心的压抑与破釜沉舟的决心相互撕扯，以及害怕被同事发现异常的恐惧。,阿条积蓄的决心终于落地，从被动忍耐转为主动出击，关系正式进入正面冲突的临界点。,紧张、决绝，夹杂着对可能答案的不安期待。,2026-07-02T05:48:06.565+00:00,2026-07-02T05:48:06.565+00:00
cmr332hie0bc4v16z0x3xlkh5,cmr332hi80bc2v16zamrm656q,2,走廊冷质问,阿条在走廊尽头叫住阿力，冷硬开口，逐一摆出按掉的来电、近日的回避，要求解释；阿力愣住后以工作压力搪塞，反指阿条不信任；阿条紧逼追问，直到手机响起打断。,阿条直指核心要求答案 vs 阿力逃避、推责、反攻，言语间彼此试探底线，信任危机表面化。,阿力宁可转移焦点也不愿正面回应，暴露其真实态度的回避性；阿条首次感受到关系中不对等的追逃模式。,冷硬质问→渐强的压迫感→被反问时的片刻刺痛→失望与愤怒累积，在手机响起时转为愕然。,2026-07-02T05:48:06.565+00:00,2026-07-02T05:48:06.565+00:00
cmr332hie0bc5v16z0ln6fcl4,cmr332hi80bc2v16zamrm656q,3,被弃回位,阿力接听后匆匆离去，阿条站在原地，看着背影消失，表情从失望到木然，慢慢走回工位，坐下，将笔放下，脑海中“够了”二字炸开，忍耐首次明确松动，内心转为疲惫的警惕。,被随意丢弃的羞辱感与自我怀疑的拉扯，旧有的“再忍忍”模式与觉醒的“不能这样下去”之间的内心战场。,阿条清楚认识到自己一直是关系中追着讨答案的人，忍耐到达极限，自我欺骗的保护壳出现裂纹，为下阶段行动埋下种子。,短暂的难以置信→失望冷却为麻木→回到工位时的空洞，最终沉淀为一句冰冷的“够了”，带着决绝和精疲力竭。,2026-07-02T05:48:06.565+00:00,2026-07-02T05:48:06.565+00:00
cmr33cil40bf3v16z3rsedksh,cmr33cil00bf2v16z1jhqn3wt,1,屏幕亮起的名字,阿条在工位看见阿力遗忘在桌面的手机屏幕亮起，显示“若若”发来的部分短信预览，她迅速记下号码，内心震动但表面保持镇定。,阿条必须在同事环绕的办公室中隐藏剧烈情绪波动，同时与突然确证的背叛感对抗。,阿条首次获得阿力与“若若”联系的实质性证据，从模糊不安转为具体怀疑。,心跳加速、指尖发凉，表面假装整理文件，内心响起破碎声。,2026-07-02T05:55:54.520+00:00,2026-07-02T05:55:54.520+00:00
cmr33cil40bf4v16zzytcw653,cmr33cil00bf2v16z1jhqn3wt,2,轻松的质问,阿力返回后，阿条以轻松语气提及“前女友也叫若若”的传闻，观察他的反应。阿力脸色骤变、语速加快地否认，阿条笑着转开话题，内心却筑起防线。,表面是同事闲聊，实则是阿条的精心试探与阿力惊慌掩饰的短兵相接。,阿力在若若问题上明显撒谎，证实阿条的怀疑，信任进一步崩塌。,阿条表面笑容自然，内心逐渐冰冷，从失望转为笃定的寒意。,2026-07-02T05:55:54.520+00:00,2026-07-02T05:55:54.520+00:00
cmr33cil40bf5v16zr76fjbhi,cmr33cil00bf2v16z1jhqn3wt,3,目光的重量,在后续工作场景中，阿条表面如常处理事务，眼神却偶尔落在阿力身上，回想他近期的回避，将“若若”线索与他的冷漠挂钩，内心做出不再等待、要主动查证的决定。,维持职场平静表象与内心汹涌的怀疑、受伤交织，理智告诉她必须行动，情感仍残留痛楚。,阿条完成心理转折，从被动忍耐者变为决定暗中搜寻证据的调查者。,表面专注工作，内心一片冰冷的清醒，悲哀地意识到自己已不再信任他。,2026-07-02T05:55:54.520+00:00,2026-07-02T05:55:54.520+00:00
cmr33cil40bf6v16zebjf3sej,cmr33cil00bf2v16z1jhqn3wt,4,黑暗中的号码,当晚在房间，阿条联系可信赖的查询服务，请对方帮忙查该号码的归属信息，简短对话后挂断。她独自坐在黑暗中，感到一种前所未有的冰冷决心：她必须看到真相。,对真相可能彻底毁掉最后一丝希望的恐惧，与必须亲手揭开伤口的决绝之间的撕扯。,调查行动正式启动，阿条的身份转变至此完整落地。,挂断电话后，周遭寂静如铁；她不再流泪，只剩冰冷而坚硬的决心。,2026-07-02T05:55:54.520+00:00,2026-07-02T05:55:54.520+00:00
cmr33cil40bf7v16zupupzzwk,cmr33cil00bf2v16z1jhqn3wt,5,团建安排表,次日上班，阿条表面照常与同事寒暄，但内心已切换到观察模式，时刻留意阿力动静。小菲开始分发团建安排表，新的集体活动带来隐隐的不安与悬念。,阿条必须在众人面前维持一切如常，同时内心已架起防线，警惕任何可能暴露或触碰秘密的细节。,阿条从这一章开始，彻底进入时刻防备的调查者姿态，铺垫下一章的危机。,接过安排表时对同事微笑，指尖却微微用力，眼底藏着不易察觉的疲惫与紧绷。,2026-07-02T05:55:54.520+00:00,2026-07-02T05:55:54.520+00:00
cmr33mozt0bhrv16zr506na7a,cmr33mozp0bhqv16zqomhyndr,1,安排表上的陌生数字,阿条在分发团建安排表时发现一组手写号码，辨认笔迹并确认是阿力所写，内心警觉但表面不动声色。,阿条需要在不被阿力和同事察觉的情况下确认笔迹，同时压下立刻质问的冲动。,号码出现的位置和笔迹特征让阿条联想到阿力隐藏的联系人，她意识到这可能是新的证据。,冷静观察→笔迹确认时的内心一沉→迅速恢复表面平静的抑制。,2026-07-02T06:03:49.385+00:00,2026-07-02T06:03:49.385+00:00
cmr33mozt0bhsv16zetercga5,cmr33mozp0bhqv16zqomhyndr,2,当面试探与存号,阿条拿着安排表试探阿力，逼出对方撒谎反应，然后当他的面存下号码，以行动划清界限。,阿条用轻描淡写的提问施加压力，阿力试图用拙劣借口掩盖，两人在办公室公共空间进行无声角力。,阿力抽回稿纸的动作和快递号的谎言印证了他在隐瞒；阿条存号的动作宣告她不再等待解释，转为主动收集证据。,阿条故作轻松→阿力紧张掩饰→阿条一字一顿存号时目光疏离→阿力欲言又止的沉默→阿条内心确认信任滑落。,2026-07-02T06:03:49.385+00:00,2026-07-02T06:03:49.385+00:00
cmr33mozt0bhtv16zok4m05w0,cmr33mozp0bhqv16zqomhyndr,3,目击的余音,冲突后阿力沉默，阿条内心冷漠收场；结尾插入李晴无意提及商场目击，留下悬念。,阿力可能想解释却被阿条的疏离堵回，两人关系降到冰点；李晴的关心触碰敏感线索，阿条表面应付，内心波动。,李晴透露昨天在商场看到阿力，虽未说明详情，却让阿条立刻联想到手写号码，暗中决定下一步追查。,阿条对阿力沉默的漠然→听到李晴提及时的心跳加速→迅速压抑情绪转为冷静观察。,2026-07-02T06:03:49.385+00:00,2026-07-02T06:03:49.385+00:00
cmr33uqwr0bkcv16zj6ftik7o,cmr33uqwo0bkbv16zhnh8kb9y,1,李晴的目击与圆场,李晴闲聊时无意透露周末在商场看到阿力，阿条本能圆场但内心确认谎言，立即决定约阿力当面对质。,阿条必须在同事面前维持正常，同时内心已确信阿力再次欺骗，圆场与质疑的张力。,李晴目击成为阿力说谎的直接证据，阿条彻底放弃最后一丝侥幸。,表面轻松，内心冰冷下沉，手指无意识地整理桌角文件。,2026-07-02T06:10:05.115+00:00,2026-07-02T06:10:05.115+00:00
cmr33uqwr0bkdv16z4yw29m9k,cmr33uqwo0bkbv16zhnh8kb9y,2,天台对峙：否认与改口,阿条以简短消息约阿力‘上去说’，天台开始正面冲突，阿力先否认后改口临时取消，阿条冷静呈现证据。,阿力试图用习惯性搪塞维持谎言泡沫，阿条则以沉默和证据持续施压，语言上的攻防与权力逆转。,阿力在铁证前仍尝试狡辩，证明其谎话连篇已成本能。,阿条声音平稳，眼神毫无波澜，手指滑动手机屏幕展示记录时动作刻意缓慢。,2026-07-02T06:10:05.115+00:00,2026-07-02T06:10:05.115+00:00
cmr33uqwr0bkev16zu65u6cg8,cmr33uqwo0bkbv16zhnh8kb9y,3,证据击穿与沉默退场,阿条出示社交账号当晚活动记录（定位或照片），以无声逼视等阿力回应，阿力只说出‘你查我？’，阿条转身离开。,真相撞破的瞬间，阿力理屈词穷，阿条用沉默完成最终的审判，信任彻底粉碎。,阿力被拆穿后第一反应是质问‘你查我？’，暴露其关注点仍在自我保护而非关系修复。,阿条凝视阿力数秒后转身，下颚线紧绷，离开时手攥紧手机。,2026-07-02T06:10:05.115+00:00,2026-07-02T06:10:05.115+00:00
cmr33uqwr0bkfv16ziy0zb5em,cmr33uqwo0bkbv16zhnh8kb9y,4,陌路返岗,两人一前一后回到工位，全程无眼神接触，阿条整理衣角后投入工作，阿力握拳片刻后坐下，气氛降至冰点。,办公室公共空间与私人决裂的剧烈反差，两人必须在同事面前维持正常工作状态。,关系已无修复可能，从此刻起只剩下工作层面的必要交互。,阿条坐下后调直椅背，手指悬在键盘上数秒才开始打字；阿力握拳后松开，没有看向阿条方向。,2026-07-02T06:10:05.115+00:00,2026-07-02T06:10:05.115+00:00
cmr345g7c0bmsv16zcdgbip3l,cmr345g790bmrv16z0twu1ye3,1,迟到的入局,以阿条故意晚到开场，刚坐下便察觉阿力试图挪椅子挨近，她立即起身换到李晴旁边，用行动划清界限，让同事注意到两人间的异常。,阿力试图在同事面前恢复表面亲近，但阿条用换座直接拒绝，既维持了体面又传递了疏远信号，两人之间的紧张感被拉到公共领域。,阿条从被动承受转为主动切割，通过一个干脆的动作将暗中较劲变为公开声明，展现其心理防线的硬化。,阿条内心冷静而坚决，稍有紧张但被更强的自控压下，换座后获得短暂的掌控感。,2026-07-02T06:18:24.456+00:00,2026-07-02T06:18:24.456+00:00
cmr345g7c0bmtv16zk6iaobbi,cmr345g790bmrv16z0twu1ye3,2,餐桌上的宣告,小菲趁势揶揄两人近来不说话，阿条直视小菲平静回应“本来也没什么可说的”，将私下裂痕彻底摊开，让同事意识到关系已不可调和；阿力握杯手发僵，气氛短暂凝固。,小菲的试探实为挑明矛盾，阿条不回避、不解释，直接用一句话定义了两人的关系，使阿力陷入被动难堪，同事陷入微妙沉默。,阿条公开否认与阿力有任何可说之处，标志着两人的关联在社交层面正式死亡，裂痕由暗转明。,阿条在平静语气下压抑着反击的快意与一掠而过的酸涩；阿力的僵硬中可能掺杂惊讶、受伤或愤怒，但只通过外部细节流露。,2026-07-02T06:18:24.456+00:00,2026-07-02T06:18:24.456+00:00
cmr345g7c0bmuv16z17syd6oe,cmr345g790bmrv16z0twu1ye3,3,独自离场,聚餐结束前阿条先行离开，在街上让呼吸沉淀，品尝到前所未有的自主与快意，但快意之下，一丝空虚悄然泛起，暗示情绪尚未真正平复。,阿条逃离集体后，掌控感的满足与孤独感交织，内心的余味与表面的胜利形成轻微对峙。,快意并非纯粹，空虚揭示了她对这段关系仍有未尽的情绪，反击只是开始而非终点。,先是由自主行动带来的冷冽快感，随后在独处的寂静中浮起一丝抽离的落寞，但整体仍维持冷漠克制的基调。,2026-07-02T06:18:24.456+00:00,2026-07-02T06:18:24.456+00:00
cmr34dpz60bpgv16zdi14rlf7,cmr34dpz30bpfv16zzvmmywz9,1,协调会上的冷箭,通过阿条当众驳回阿力方案，将私人恩怨正式搬上台面，触发阿力压抑的愤怒。,阿力在周五项目冲刺会上提出方案，阿条以技术理由冷静驳回，语句简短却致命，同事面面相觑。,阿条不允许任何私人空间延展至工作场域，阿力首次在公共场合感受到她的公开否定。,阿条维持表面的冷静疏离，内心却因主动出击而掠过一丝尖刻的快意。,2026-07-02T06:24:50.370+00:00,2026-07-02T06:24:50.370+00:00
cmr34dpz60bphv16zkopalxsr,cmr34dpz30bpfv16zzvmmywz9,2,空会议室里的爆发,将阿力拉入无人空间后，通过反复质问旧日谎言与冷暴力，让情绪冲破控制，到达砸桌与冷笑宣判的顶点。,阿力强行拽阿条进空会议室，低吼质问‘你到底想怎么样’，阿条甩开手冷笑回应‘想看你什么时候敢说真话’。围绕‘在家接电话’‘商场广播’等旧谎，阿力辩解被一次次截断，最终一拳砸在桌上，阿条以‘我从来就没信过你’彻底斩断。,阿条不再需要证据，不再期待解释，关系已被她内心处决。,从克制愤怒到失控砸桌，阿条的冷笑中带着解脱式的残忍，阿力则在暴怒中透出被拆穿的绝望。,2026-07-02T06:24:50.370+00:00,2026-07-02T06:24:50.370+00:00
cmr34dpz60bpiv16zh01vpttl,cmr34dpz30bpfv16zzvmmywz9,3,门外的嘘声,用同事的突然经过、议论和敲门声，将私人战场抛回公共场域，标注秘密半公开危机的升级。,两人僵持时，门外响起脚步声与压低嗓门的议论‘里面是不是阿力和阿条？’，紧接着敲门声响起，阿力下意识后退，阿条迅速收起表情。,同事已确认两人独处争吵，秘密不再是隐秘的猜测，而是即将浮出水面的公共谈资。,紧张与羞耻扎入两人之间，前一秒的剑拔弩张瞬间冻结成更冰冷的淡漠。,2026-07-02T06:24:50.370+00:00,2026-07-02T06:24:50.370+00:00
cmr34dpz60bpjv16znas69c40,cmr34dpz30bpfv16zzvmmywz9,4,从会议室到工位的死寂,展现争吵中断后两人先后离开、回到工位的过程，用外部动作刻画形同陌路的新常态，并为周末下班铺垫。,阿力先拉开门走出去，有意避开走廊同事的目光；阿条稍后出来，径直走回工位，调整键盘、点击鼠标，没有一丝多余动作。两人相邻却如隔深渊。,争吵没有和解，只是被暂时打断，但关系已从冰冷僵持正式进入公开决裂。,阿条感到某种空洞的平静，所有情绪被抽离，只剩机械的动作。,2026-07-02T06:24:50.370+00:00,2026-07-02T06:24:50.370+00:00
cmr34dpz60bpkv16z48u069dd,cmr34dpz30bpfv16zzvmmywz9,5,周末空寂的休止符,以下班后空无一人的办公区收束章节，用物象强化裂痕的不可逆，并暗示下周团建的窒息前兆。,阿条收拾东西离开时，目光扫过阿力的空位，屏幕暗着，桌上残留的会议纪要纸角微翘。整个楼层只剩日光灯的低鸣。她走过时，红绳手链的线头再次勾到包带，她扯下攥在手心，没有看。,红绳的松动喻示情感的最后羁绊已断裂，空荡的办公室成为关系死亡现场，下周团建的公开异样已不可避免。,孤独感与决绝交织，不再是空虚，而是一种沉到底的、接受一切的麻木。,2026-07-02T06:24:50.370+00:00,2026-07-02T06:24:50.370+00:00
cmr34moru0bryv16z8i4cqjcj,cmr34morr0brxv16ztjp1u1d5,1,巴士座位初分,通过阿条主动选择最前排座位，与已在车尾的阿力形成空间对立，在同事陆续上车时初步展示僵局。,阿条登上大巴，扫视车内看到阿力在最后排，阿力刻意移开目光，阿条毫不犹豫走向最前排落座，两人之间空出大片座位，其他同事上车后察觉到异常但未发声。,阿条意识到自己做出选择时没有丝毫犹豫，曾有的心悸已被麻木取代。,从短暂的心跳加速到果断的冷漠，坐下后感到一种反常的平静。,2026-07-02T06:31:48.714+00:00,2026-07-02T06:31:48.714+00:00
cmr34moru0brzv16zjrlkpc4s,cmr34morr0brxv16ztjp1u1d5,2,小菲的试探,通过小菲的玩笑式提问，展现同事对两人裂痕的感知，阿条用最小化回应构建防线。,小菲上车后直接坐到阿条旁边，用半开玩笑的语气问‘你们是不是吵架了？’，阿条内心警觉，但只淡淡答‘工作上的事’，随后立刻戴上耳机，物理隔绝对话。,阿条确认小菲已察觉异常，她选择用彻底的疏离保护自己，不再给任何窥探机会。,被问时的瞬间警惕，回答时的刻意平淡，戴耳机后获得的短暂安全感。,2026-07-02T06:31:48.714+00:00,2026-07-02T06:31:48.714+00:00
cmr34moru0bs0v16zrl4b7q1f,cmr34morr0brxv16ztjp1u1d5,3,车内的无声对峙,通过行车途中的群像描写，固化僵局氛围，展现阿条内心的抽离过程。,阿力在后排与男同事有一搭没一搭地闲聊，女同事们压低声音交换眼神，车窗边的阿条看似闭目养神，脑海中却清晰回放着昨日砸桌子的声响，但不再心悸，只剩下疲惫后的漠然，甚至生出一丝提前适应分离的奇异平静。,阿条发现曾经让自己震颤的记忆现在毫无波澜，她在心理上已经完成了从‘我们’到‘我’的剥离。,从回忆中麻木，到意识到自己的平静后，感到一种空洞却解脱的轻松。,2026-07-02T06:31:48.714+00:00,2026-07-02T06:31:48.714+00:00
cmr34moru0bs1v16zp6aoqnv3,cmr34morr0brxv16ztjp1u1d5,4,服务区的擦肩,在服务区短暂停留中，通过近距离的无视，将阿条的决绝推到极致，彻底斩断残余可能。,阿条下车活动，在洗手间门口与阿力迎面擦肩，阿力喉结滚动，似乎想开口，阿条先一步将目光移向别处，径直走开。洗手时她看着镜子里的自己，没有泪痕，没有愤怒，只有一种抽离的冷静。,阿条确认自己能够完全无视阿力，且不产生任何愧疚或冲动，真正的陌生人状态已然达成。,擦肩时一瞬的紧绷，移开目光后的解脱感，照镜子时的自我确认与冰冷平静。,2026-07-02T06:31:48.714+00:00,2026-07-02T06:31:48.714+00:00
cmr34moru0bs2v16zdxz559to,cmr34morr0brxv16ztjp1u1d5,5,抵达与无视,以抵达团建酒店收尾，阿条用下车不回头完成最后的公开宣示，为下一章阿力视角或行动埋下钩子。,大巴抵达酒店，阿条被人轻轻推醒，她整理好随身物品，下车时没有向车尾方向看一眼，径直走向大堂。身后的阿力可能在目送，但阿条毫无回顾的意图，周围的同事默默观察，气氛凝固。,阿条在公共场合彻底执行了陌生人原则，关系冰冻被全体同事默认，再无回转余地。,被唤醒时的迷糊，下车时的坚决，走向大堂时的空洞但坚定，一丝解脱后的疲惫。,2026-07-02T06:31:48.714+00:00,2026-07-02T06:31:48.714+00:00
cmr34w3th0buwv16zi7i6klei,cmr34w3te0buvv16zr76xlvjh,1,清晨集合与分组,展示团建第二天的初始状态，阿条保持疏离，阿力试图接近但碰壁，建立公开僵局的基调。,阿力主动靠近阿条所在组，阿条不反对但神色疏离，两人间气场冻结，与周围同事的轻松形成对比。,阿力仍有缓和关系的意图，但阿条的冷处理已毫无松动。,阿条：冷淡而坚定；阿力：尴尬且试探；同事：隐约察觉异常。,2026-07-02T06:39:08.117+00:00,2026-07-02T06:39:08.117+00:00
cmr34w3th0buxv16zwi8dq3o3,cmr34w3te0buvv16zr76xlvjh,2,巧克力退回,阿力在游戏中借机递巧克力，阿条当众拒绝，将私下冲突彻底公开化。,阿力借递水将巧克力塞到阿条手中，阿条拆开尝了一颗后，当众放回他手中说‘不用了，你自己吃吧’，同事面面相觑，阿力僵在原地。,阿条用轻描淡写的动作完成公开切割，阿力的挽回尝试彻底失败，关系公开破裂。,阿条：平静而果决；阿力：错愕与难堪；同事：震惊与尴尬。,2026-07-02T06:39:08.117+00:00,2026-07-02T06:39:08.117+00:00
cmr34w3th0buyv16zfbxw5kxv,cmr34w3te0buvv16zr76xlvjh,3,换搭档与同事反应,阿条主动换搭档，同事私下议论，强化公开僵局并积累舆论压力。,阿条直接向教练要求换搭档，避开与阿力任何接触；同事在洗手间、餐桌等处低声议论，李晴或小菲成为观察视角。,同事已明确感知两人不再仅仅是吵架，而是彻底闹翻，关系正式进入公开冰冻。,阿条：疏离但从容；阿力：沉默且愈发孤立；同事：好奇、同情或回避。,2026-07-02T06:39:08.117+00:00,2026-07-02T06:39:08.117+00:00
cmr34w3th0buzv16za4osh10r,cmr34w3te0buvv16zr76xlvjh,4,深夜消息与摊牌准备,通过阿力道歉消息和阿条的回应，点明隐瞒真相是核心冲突，并完成次日摊牌的心理和物理准备。,阿力连发多条消息解释和道歉，阿条逐条看完后面无表情清空对话框，只回复‘你从来没想过告诉我真相’，随后将巧克力盒放进背包，熄灯。,阿条将矛头对准隐瞒行为本身，为明日摊牌定下基调和议题。,阿条：从阅读时的隐忍平静到回复时的冰冷决绝，最后归于备战般的坚定。,2026-07-02T06:39:08.117+00:00,2026-07-02T06:39:08.117+00:00
cmr354z5f0bwav16zu01fw8b6,cmr354z5b0bw9v16zggs2vaeu,1,邀约与赴约,阿条主动发出最后会面的信息，带着信物走向木栈道，展现她冷静的决断而非犹豫。,内心已定，但发送消息时手指微微颤抖，与先前公开冻洁的状态形成对比，环境空寂暗示即将爆发的风暴。,阿条从包里取出保存的巧克力盒，作为最后的证据和终结的象征。,冷静中压抑翻涌的失望，通过细节动作（如反复解锁屏幕、攥紧盒子）传递决心。,2026-07-02T06:46:01.971+00:00,2026-07-02T06:46:01.971+00:00
cmr354z5f0bwbv16zq5a6mldc,cmr354z5b0bw9v16zggs2vaeu,2,木栈道对峙,在滨海木栈道，阿条当面逼问备用手机，阿力拒绝，阿条由陈述事实到细数旧账，情绪层层递进，最终摔碎信物宣告决裂。,阿条：摊牌要手机证明未撒谎；阿力：指责她不可理喻，拒绝展示；阿条：列举城西银泰、若若消息、备注名更改等旧账，撕破伪装；阿力：冷言没有意义；阿条：确定他从未真诚，举起巧克力盒砸向栈道。,阿力至死不认，阿条彻底认清他的本质；信物破碎声与海浪碰撞，象征关系死亡。,从陈述时的紧绷，到尾段声音发抖却字字清晰，最后砸盒时爆发性崩溃，转身瞬间又强行收住。,2026-07-02T06:46:01.971+00:00,2026-07-02T06:46:01.971+00:00
cmr354z5f0bwcv16z9vimyvvo,cmr354z5b0bw9v16zggs2vaeu,3,决裂回房,阿条独自走回住宿房间，通过一系列机械动作（刷卡、关门、锁屏）完成情感收束，并暗示下一步公开切割。,外部冲突已结束，内心余震仍在，但阿条强制自己停止痛苦，用行动阻断回忆。,她打开微信，看到若若还在发消息，然后将手机锁屏，动作果断，暗示即将宣布单身或拉黑。,关门后靠在门板上短暂闭眼，再睁眼时眼神变冷，锁屏动作利落，呼应红绳断裂的终结感。,2026-07-02T06:46:01.971+00:00,2026-07-02T06:46:01.971+00:00
cmr35cep50bywv16z8fhqo8i6,cmr35ceoz0byvv16zttbvo4vm,1,深夜清理相册,阿条在深夜独处的房间里，打开手机相册，面对与阿力的合影，在情绪崩溃中开始删除照片，通过物理动作逐步释放压抑，完成第一层切割。,内心留恋与必须了断的撕扯：手指在删除键上反复犹豫，每一张照片都牵连着曾经试图相信‘我们没问题’的瞬间，但残存的理智逼她必须清除。,当她清空最后一张合影时，泪水止住，意识到这些被修饰过的画面本就是她自己骗自己的证据。,压抑的抽泣→咬牙点击删除→动作加快→眼泪渐干→凌晨安静中生出空荡的平静,2026-07-02T06:51:48.713+00:00,2026-07-02T06:51:48.713+00:00
cmr35cep50byxv16zutyk3gxv,cmr35ceoz0byvv16zttbvo4vm,2,清空聊天记录,紧接着删除合影，阿条打开微信聊天记录，逐条或按日期清除与阿力的所有对话，让文字证据从手机中消失，将切割推向更深一层。,记忆与现实的对抗：聊天记录里曾有试探、甜蜜与争吵，但如今只剩下对峙过后的谎言残骸，保留即是自我折磨。,删到最后一条时，指尖停顿，但随即按下‘删除该聊天’，她发现自己已不再期待从中找到任何真心。,疲惫的空茫→短暂指尖犹豫→决绝的长按→删除确认声回荡→呼吸逐渐平稳,2026-07-02T06:51:48.713+00:00,2026-07-02T06:51:48.713+00:00
cmr35cep50byyv16zxeczr3zh,cmr35ceoz0byvv16zttbvo4vm,3,镜前戴发夹与发送消息,天光微亮时，阿条走到镜子前，戴上作为切割象征的新发夹，审视全新的自己，然后果断发出摊牌消息，完成最终宣告。,新身份与旧痕迹的最后一搏：戴上发夹的动作要求她直视镜中的眼睛，那一瞬间过去与现在的自己争夺主导，但她选择向前看。,消息发出后，她没有丝毫不安，反而感到一种久违的主动权回归——无论结局如何，她先拆干净了自己。,清晨清冷的光→固定发夹时稳而轻的动作→手指打字没有颤抖→按下发送后深吸一口气→眼神变得沉静有力,2026-07-02T06:51:48.713+00:00,2026-07-02T06:51:48.713+00:00
cmr35cep50byzv16z46vy33t4,cmr35ceoz0byvv16zttbvo4vm,4,大巴启程，不望回复,阿条坐上返程大巴，将手机收入包中，全程不查看任何可能收到的回复，以望向窗外的姿态定格她的坚定，为下一章蓄力。,未知与克制的较量：手机震动或屏幕亮起的冲动被强行压制，外部世界的喧嚣被隔在窗外，她只要守住这一刻的自我。,望着不断后退的街景，她明白真正的对峙不在手机里，而在回去之后，而她终于准备好面对那个真实的阿力。,大巴引擎的低鸣→窗外明暗交替的光影→手指不再去碰包里的手机→嘴角轻抿的弧线→视线焦点凝聚在远方,2026-07-02T06:51:48.713+00:00,2026-07-02T06:51:48.713+00:00
cmr35p3700c1yv16z8o2vmicm,cmr35p36w0c1xv16ztfua0t47,1,截住阿力,阿条在办公室内找到阿力，以冷静姿态将他拉到隐蔽处，为质问创造私下空间。,阿力尝试用工作借口回避正面交谈，阿条以截屏证据和坚定态度打破他的推脱。,阿力收到‘好’后的轻松态度，在见到阿条决绝时出现第一丝慌乱。,阿条紧握手机，指尖掐进掌心，表面冷静，内心决绝。,2026-07-02T07:01:40.332+00:00,2026-07-02T07:01:40.332+00:00
cmr35p3700c1zv16z1ezi0bvt,cmr35p36w0c1xv16ztfua0t47,2,追问与躲闪,在空会议室内，阿条将城西银泰、若若等疑点摊开，逼迫阿力回应，阿力绕开关键问题，最终以‘怕你多想’认小保大。,阿条追问→阿力绕开→阿条堵死退路→阿力被迫承认部分事实，却用轻描淡写将其合理化。,阿力真实态度浮现：他只愿承认无关痛痒的部分，拒绝敞开心扉，用‘保护’包装回避。,阿条从努力保持冷静到声音颤抖，得到敷衍后手指发冷，期待落空，失望蔓延。,2026-07-02T07:01:40.332+00:00,2026-07-02T07:01:40.332+00:00
cmr35p3700c20v16z6l1u7rz0,cmr35p36w0c1xv16ztfua0t47,3,独自反刍,质询结束后，阿条在办公室角落里独自消化被敷衍的失落，为下章语气转冷做铺垫。,内心残存的一丝侥幸被现实击碎，阿条用自嘲武装自己，与先前的期待对抗。,阿条意识到即使当面质问，阿力依然选择躲闪，这段关系已无澄清可能。,浑身发冷，手指无意识摩挲新发夹，最终收起它，自嘲一笑，眼里无泪，只剩空落。,2026-07-02T07:01:40.332+00:00,2026-07-02T07:01:40.332+00:00
cmr35yzc40c4yv16z7gklldzv,cmr35yzc00c4xv16z0o15gjep,1,截堵证据,阿条在楼梯间堵住阿力，直接展示手机时间戳，要求解释加班时为何出现在商场，打破阿力最初的防御。,阿力试图以“记错时间”“临时有事”抵赖，阿条冷静指出时间矛盾，并出示备用手机照片，追问其用途。,阿力无法合理解释备用手机，首次出现语塞，谎言开始崩塌。,阿条保持冷静，步步紧逼，内心渐渐升起冰冷的确信。,2026-07-02T07:09:21.892+00:00,2026-07-02T07:09:21.892+00:00
cmr35yzc40c4zv16zrobebell,cmr35yzc00c4xv16z0o15gjep,2,拆穿辩解,阿力被迫承认与前女友见面，但声称只是帮忙，阿条将追问推向备用手机的真正目的。,阿力反复强调“真的只是帮忙”，阿条不接话，只冷笑，用“你还要骗我到什么时候”切断退路。,阿力在追问下暴露更多漏洞，彻底失去借口，而阿条眼中最后一丝期待熄灭。,阿条的冷笑中带着心如死灰的失望，愤怒开始转化为空洞。,2026-07-02T07:09:21.892+00:00,2026-07-02T07:09:21.892+00:00
cmr35yzc40c50v16zlxxj8rgg,cmr35yzc00c4xv16z0o15gjep,3,最后一击与碎裂,在阿力压力爆发下说出“你非要这样想我也没办法”，阿条彻底心碎，以摔门动作完成切割。,阿力推卸责任的话语成为信任崩溃的导火索，阿条不再争论，用转身摔门表达决绝。,发夹被阿条一把扯下攥在掌心，象征曾经珍藏的情感彻底被粉碎。,阿条从愤怒转为沉默，停顿数秒后摔门，穿过办公区时双眼空洞，最后在电梯或大厦外感到浑身发冷、被掏空。,2026-07-02T07:09:21.892+00:00,2026-07-02T07:09:21.892+00:00
cmr36bvjt0c88v16zv67psikp,cmr36bvjq0c87v16zh9edz5e0,1,进门即溃,通过关门后的肢体失控和泪水释放，将公司内强行维持的冷静彻底撕碎，用身体反应呈现信任崩塌后的第一波痛感。,阿条在同事前的理智面具与此刻独处时再也压不住的崩溃之间的拉扯。她试图让自己别哭，却连鞋都踢不掉，身体先于意识投降。,承认自己彻底输了——不是输给若若或阿力，而是输给了自己一直不愿面对的真相：这段关系从根上就是谎言。,从强撑的僵硬，到背靠门滑落时泄洪般的痛哭，再到哭声渐息后的疲软空洞，完成第一次情绪海啸的退潮。,2026-07-02T07:19:23.513+00:00,2026-07-02T07:19:23.513+00:00
cmr36bvjt0c89v16zzszgfunr,cmr36bvjq0c87v16zh9edz5e0,2,刀片般的话,在静止中让伤害性话语如锈刀般反复割划意识，迫使阿条直视信任死亡的关键瞬间，为发送绝情短信积累无可辩驳的心理依据。,理智想跳过痛苦直接行动，但记忆碎片（‘你非要这样想我也没办法’‘只是普通朋友’‘为大家好’）不受控地循环播放，与内心残存的一丝‘或许还有解释’的幻想搏斗。,终于听清这些话背后的真正含义——不是解释不是挽留，而是不耐烦的封口。信任在三个字里碎成不可逆的粉末。,从茫然的枕上泪痕，到咬紧牙关一句重播，再到冷透心扉的确认，愤怒开始取代悲痛，眼神在黑暗中聚焦。,2026-07-02T07:19:23.513+00:00,2026-07-02T07:19:23.513+00:00
cmr36bvjt0c8av16zjf0rjqrr,cmr36bvjq0c87v16zh9edz5e0,3,三个字的发送,通过编辑、反复修改措辞、手指悬停、最终点击发送的物理过程，将内心决绝外化为不可撤回的数字行为，完成本章核心转折动作。,输入框里‘我信不过你了’六个字重如千钧，本能想删减或加些解释，但每多写一个字都会稀释决绝。指尖在发送键上颤抖，熟悉的头像像黑洞般吸住她，最后一丝‘万一他回应’的期待与理智的‘必须结束’激烈交战。,按下发送的那一秒，她感到的不是轻松而是陌生的冷——过去那个蹲在楼道等消息的阿条，和这条短信一起被送进了坟墓。,从纠结到咬唇点击，屏幕光在脸上定格，发送成功的那一声轻响像落闸，随后是心跳平复，眼眶再干，呼吸变浅。,2026-07-02T07:19:23.513+00:00,2026-07-02T07:19:23.513+00:00
cmr36bvjt0c8bv16zvf26no76,cmr36bvjq0c87v16zh9edz5e0,4,删掉所有‘我们’,以逐条左滑删除为肉身仪式，让阿条亲手把两年的数字痕迹一条条掐灭，用累积的重复动作将情感重量从心里搬到废纸篓里。,手指机械划过每一页对话，那些曾经让她心跳的文字（‘到了’‘好’‘嗯’‘明天不用等我’）如今像铁砂，每次删除都是对指尖的轻微刺痛。想停止哪怕留一张截图，但每一秒停顿都让决心摇晃，她只能像清理伤口腐肉一样不停手。,滑过没有一张合影、没有一句明确承诺的记录时，她忽然明白自己一直在用暗号和密码装修一间沙堡。信不过的从来不只是他，也包括那个假装没看到的自己。,从第一下的不舍，到中途越来越快的滑动，到清空那一刻的短暂窒息，再到退出App时长久的空白凝视，麻木感开始从指尖蔓延全身。,2026-07-02T07:19:23.513+00:00,2026-07-02T07:19:23.513+00:00
cmr36bvjt0c8cv16zm9xqyaiw,cmr36bvjq0c87v16zh9edz5e0,5,黑暗与滴答,用摘发夹、灭灯、时钟滴答的环境减法，从物质层面收束所有动作，将情绪沉淀为无法回头的空虚麻木，为第34章的办公室僵局蓄积冰冷的起点。,身体已决定切割，但大脑在黑暗中仍自动放映碎片：明天工位怎么坐、开会怎么念他的名字、对方会不会也若无其事。她想掐断这些念头，却只能任由它们像窗外偶尔的车灯一样划过又消失，失眠成了最后的抵抗。,她没有再流泪，因为那个会为阿力哭的人，连同发夹和手机记录一起，被留在了这一夜的黑暗里。明天进办公室的，将是另一个阿条。,从摘下发夹时手腕的轻，到枕在无泪枕头上听钟表的规律滴答，倦意和清醒互相推搡，最终在无边的黑里达成停战协议——这一天，总算可以过去。,2026-07-02T07:19:23.513+00:00,2026-07-02T07:19:23.513+00:00
cmr4d34dr0cbbv16zjkfnzr55,cmr25t5qi046mv16z6apsmu86,1,茶水间遭袭,在茶水间日常场景中，阿力趁小菲和李晴靠近时，突然将阿条拉入储物隔间躲避，制造第一次心跳危机。,阿条本能抗拒被突然拉扯，但因外部脚步声迫近而被迫配合，身体与意识产生冲突。,阿力的大胆和掌控欲超出阿条预期，令她瞬间陷入被动。,从日常松弛到被突袭的惊恐，混杂着对脚步声的紧张和对阿力行为的不满。,2026-07-03T03:16:18.542+00:00,2026-07-03T03:16:18.542+00:00
cmr4d34dr0cbcv16zuogv4d7c,cmr25t5qi046mv16z6apsmu86,2,隔间心跳,在狭窄隔间内，阿力进行亲密触碰，阿条身体反应与内心警觉激烈冲突，最终推拒并说出“我们不能这样”。,阿力的抚摸与贴近让阿条心跳加速、身体发软，但危险的脚步声和职场禁忌迫使她清醒抵抗。,阿条首次清晰认知到这段关系的禁忌性，以及被发现的可怕后果。,悸动、恐慌、羞耻与抗拒交织，心跳声放大，最终在触碰嘴角时达到抗拒峰值。,2026-07-03T03:16:18.542+00:00,2026-07-03T03:16:18.542+00:00
cmr4d34dr0cbdv16ziggsv36d,cmr25t5qi046mv16z6apsmu86,3,逃离隔间,小菲和李晴离开后，阿条迅速挣脱阿力，强装镇定走出隔间，完成第一次演技切换。,阿条需要在极短时间内从亲密与惊恐中抽离，调整为正常同事神态，避免被可能折返的同事撞破。,阿条展现出初步的表演能力，并意识到这种伪装将成为常态。,残留的惊悸与急迫的自我控制相拉锯，出门瞬间的如释重负与心虚并存。,2026-07-03T03:16:18.542+00:00,2026-07-03T03:16:18.542+00:00
cmr4d34dr0cbev16zfujzxax7,cmr25t5qi046mv16z6apsmu86,4,工位上的表演,阿条返回工位后，面对王总的突然巡视和陈默的聚会消息，在阿力和其他同事眼皮下维持正常，让秘密的紧张感持续延烧。,王总出现带来上级监控压力，陈默的消息要求回复，而阿力也回到座位，两人在彼此偷瞥与回避间维持若无其事。,职场监控和外部社交同时构成威胁，秘密如同在针尖上跳舞。,心虚、警惕、对阿力的复杂情绪以及对聚会的无奈，最终汇成“今天总算熬过去了”的后怕与疲惫。,2026-07-03T03:16:18.542+00:00,2026-07-03T03:16:18.542+00:00
cmr8k97ad0d04v16zdt25262v,cmr8k97aa0d03v16znkd59aij,1,早到的筑墙,阿条提前到办公室，通过调整屏幕角度和桌面布置，为全天的零交流构建物理与心理屏障。,阿条内心想抬头看阿力的工位，但强迫自己低头，动作僵硬，在平静表象下压制情绪。,她将屏幕向左偏转15度，刚好挡住右方阿力座位的视野，并把自己的水杯和文件推到桌角另一侧，筑起一道无声的墙。,麻木的决绝，带一丝紧绷的钝痛。,2026-07-06T01:48:04.261+00:00,2026-07-06T01:48:04.261+00:00
cmr8k97ad0d05v16zkuypdbvj,cmr8k97aa0d03v16znkd59aij,2,小菲的直觉,上午工作中，小菲注意到两人异常沉默，借送文件的机会试探阿条，阿条用身体不适搪塞。,小菲将文件放在阿条桌上时，故意提到“今天阿力怎么没跟你讨论上次那个方案？”，阿条心跳漏拍但表面镇定，快速以“他自己能搞定”回应，小菲目光一闪，明显不信。,阿条意识到回避反而更可疑，但已无退路，只能继续冷淡；小菲离开后若有所思地瞥了阿力一眼。,紧张与强行压抑，如履薄冰。,2026-07-06T01:48:04.261+00:00,2026-07-06T01:48:04.261+00:00
cmr8k97ad0d06v16zx6lm5kbg,cmr8k97aa0d03v16znkd59aij,3,午后的试探,午休后，李晴在茶水间倒水时靠近阿条，以朋友身份轻声询问，阿条再次以身体不适推脱，但李晴察觉到更深的不对劲。,李晴问“你今天怪怪的，是不是出什么事了？”，语气关切。阿条握杯的手微颤，却只说“没事，可能昨晚没睡好”。李晴盯着她看了两秒，没有再追问，但眼神里多了担忧和怀疑。,阿条在转头清洗杯子时，从旁边镜面反光中看到李晴轻微摇头，显然未信服；她内心一紧，感到秘密正在从内部向外渗透。,深深的孤寂与被窥探的不安。,2026-07-06T01:48:04.261+00:00,2026-07-06T01:48:04.261+00:00
cmr8k97ad0d07v16z78lccfdb,cmr8k97aa0d03v16znkd59aij,4,无意间的刺痛,下午繁忙间隙，阿条无意解锁手机，瞥见与阿力空白的聊天背景，瞬间情绪上涌，随后强行压下，恢复冷漠。,阿条手指误触聊天界面，空白对话框像一堵白墙，她想起之前在这里的亲密记录，胸口闷痛。她猛地把手机屏幕朝下扣在桌上，深呼吸两次，重新盯向电脑。,隔壁工位的小菲似乎听到动静，侧头看了一眼，阿条装作专注打字，内心却余波未平。空白的背景成为她决心执行的冰冷见证。,瞬间的刺痛与苦涩，迅速转为麻木的压抑。,2026-07-06T01:48:04.261+00:00,2026-07-06T01:48:04.261+00:00
cmr8k97ad0d08v16za2olgsbx,cmr8k97aa0d03v16znkd59aij,5,逃离与蓄势,下班时间一到，阿条以最快速度收拾离开，避免任何意外接触，在走出大楼的冷风中为次日早到积蓄冷漠决心。,阿力似乎也同时起身，阿条眼角余光看到他走向门口，她故意放慢系包带的动作，等他先出去。两人一前一后进入电梯，却像陌生人一样各占一角。电梯下降过程中，阿条死死盯着楼层数字。,出大楼后，阿条没回头，径直走向地铁站，心里默念“明天，继续”。夜空下的冷风让她稍微从压抑中松一口气，但随即又紧绷起来——明天她必须更早到，才能维持这脆弱的屏障。,疲惫的解脱感与冷硬的决心交织，对明天的预演。,2026-07-06T01:48:04.261+00:00,2026-07-06T01:48:04.261+00:00
cmr8kgux40d2pv16zb8u6nl50,cmr8kguwz0d2ov16zl0kmvm83,1,邮件冲击,通过阿条清晨独自在办公室打开团建通知邮件的过程，展现她冷漠防线被外部压力直接刺穿的瞬间。,阿条刻意早到以维持距离，但强制全员参加的团建邮件打破她所有回避规划，内心恐惧与被迫面对的矛盾。,团建邮件详细列出三天行程与分组安排，阿条意识到无法再以物理距离回避阿力，冷漠防线瞬间失效。,从刻意平静到手指僵直、反复滚动表单，恐惧与焦虑急速攀升，形成“路已走到头”的冰冷醒悟。,2026-07-06T01:54:01.480+00:00,2026-07-06T01:54:01.480+00:00
cmr8kgux40d2qv16zag4vgm9z,cmr8kguwz0d2ov16zl0kmvm83,2,热议反衬,通过同事对团建的热烈讨论反衬阿条孤立，同时以她拙劣的推脱与身体反应展现内外不一的心理压力。,小菲兴奋选室友、李晴策划活动的热情与阿条必须维持表面平静的内心崩溃形成强烈对立，而她的推脱“有项目要赶”显得苍白无力。,阿条在转身后咬紧下唇的细节暴露其克制已达极限，同事无意间的兴奋正将她推向崩溃边缘。,表面随声附和，内心冰冷下沉，咬唇痛感成为压抑的出口，孤独感与孤立感被热络氛围放大。,2026-07-06T01:54:01.480+00:00,2026-07-06T01:54:01.480+00:00
cmr8kgux40d2rv16z19j17rcv,cmr8kguwz0d2ov16zl0kmvm83,3,零反应对峙,以阿条视角捕捉阿力收到邮件后的零反应，暗示双方均被压力锁死却拒绝沟通，僵局更为无解。,阿条余光观察阿力点开邮件后迅速关闭窗口、下颌线绷紧、起身去茶水间，全程无眼神接触，两人通过回避行为进行无声对峙。,阿力同样焦虑但选择继续回避，二人已进入彼此封锁状态，团建成为无法逃避的共同困境。,从期待一丝松动到彻底失望，认清他依旧选择沉默，失落与无力感加深，但随即被强行压抑。,2026-07-06T01:54:01.480+00:00,2026-07-06T01:54:01.480+00:00
cmr8kgux40d2sv16zhl2v4t2q,cmr8kguwz0d2ov16zl0kmvm83,4,深夜窒息,通过深夜环境将焦虑物化，让阿条在反复亮屏、日历提醒与空调滴答声中彻底承认关系已无退路。,阿条试图以沉睡逃避，但手机反复亮起（陈默聚会消息）、日历红色徽标与空调定时关闭的滴答声不断将意识拉回现实，内心与睡眠的拉锯战。,焦虑无法被夜晚消化，反而被物化为具体声响与视觉提醒，使她最终清醒认识到：冷战回避策略已破产，团建将逼出一切。,从辗转反侧到绝望静止，最后一道防线崩溃，冰冷醒悟与被迫接受的死寂感淹没所有情绪。,2026-07-06T01:54:01.480+00:00,2026-07-06T01:54:01.480+00:00
cmr8klr6y0d51v16zdv02rsnj,cmr8klr6v0d50v16zorosy70a,1,晚到与躲避,阿条故意晚到办公室，试图避开阿力，建立本章回避基调。,内心希望避免与阿力共处一室的焦虑，与踏入办公室必须面对现实的压迫。,办公桌上已放着阿力留下的便签，暗示他已早早开始工作交接，完全公事化。,踏入办公室时的紧绷与侥幸，看到便签时的瞬间心沉。,2026-07-06T01:57:49.930+00:00,2026-07-06T01:57:49.930+00:00
cmr8klr6y0d52v16z4by8sg7i,cmr8klr6v0d50v16zorosy70a,2,便签的审判,阿条发现并阅读便签，通过细节动作外化她寻找私情痕迹却只得到公文的事实。,渴望从便签中找出哪怕一丝私人痕迹，与现实只看到冰冷的公事化文字之间的落差。,便签完全按流程书写，无任何多余痕迹，宣告关系被制度性隔离。,指尖触摸便签边缘的期待，辨认笔迹时的紧张，排列便签后的失落与空洞。,2026-07-06T01:57:49.930+00:00,2026-07-06T01:57:49.930+00:00
cmr8klr6y0d53v16zpw1kidfe,cmr8klr6v0d50v16zorosy70a,3,伤口贴满文件,上午工作中，便签成为持续存在的伤口，阿条在回邮件时条件反射地使用同样正式格式，完成“用对方的方式攻击自己”的循环。,试图忽略便签的存在，但它们像未愈合的伤口一样不断刺痛她，迫使她模仿阿力的冷漠。,她的回复邮件也变得公事公办，两人在隔离中默契地维持制度性冰冷。,屡次瞥见便签的刺痛，敲击邮件时从犹豫到麻木，最终平静接受这种自虐式呼应。,2026-07-06T01:57:49.930+00:00,2026-07-06T01:57:49.930+00:00
cmr8klr6y0d54v16z8klu7drw,cmr8klr6v0d50v16zorosy70a,4,午休的假面,李晴午休试探关心，阿条用“项目赶进度”打发并索要不必要的工作资料，以维持忙碌假象。,李晴的关心与阿条内心想倾诉的冲动，但更强的防御机制迫使她封闭自己。,阿条成功用工作将朋友挡在外面，进一步陷入自我隔离。,被关心时瞬间的脆弱，然后迅速用理性压制，转为机械的冷静请求。,2026-07-06T01:57:49.930+00:00,2026-07-06T01:57:49.930+00:00
cmr8klr6y0d55v16zidlfv8sz,cmr8klr6v0d50v16zorosy70a,5,无声的经过,下午阿力去打印机时短暂经过阿条桌边，通过感官压迫展现两人虽近却遥的距离。,身体无法回避的物理接近，与心理上必须保持的绝对无视之间的撕裂。,阿力经过时带来的气流、影子和脚步声被放大，但两人无任何互动，形成最大压迫。,脚步声逼近时的本能紧绷，气流拂过时的屏息，头也不抬的冷酷坚持，随后疲惫的麻木。,2026-07-06T01:57:49.930+00:00,2026-07-06T01:57:49.930+00:00
cmr8klr6y0d56v16zx4xmcko4,cmr8klr6v0d50v16zorosy70a,6,未发送的裂缝,深夜空办公室内，阿条删除未发送的消息，用屏幕反光映出她平静到近乎冰冷的脸，但留下未放下的裂缝。,理性知道应该彻底切割，但情感仍驱使自己打出消息；删除行为是压制，但未发送的牵念仍在。,屏幕上最后的光映出她冰冷面具下藏着的隐痛，为下章发消息埋下悬念。,打出消息时的恍惚，删除时的果断，屏幕暗下后凝视自己倒影的沉默，以及一丝未熄灭的暗火。,2026-07-06T01:57:49.930+00:00,2026-07-06T01:57:49.930+00:00
cmr8kvan80d80v16z9feuywym,cmr8kvan40d7zv16zbp6o3m83,1,工位：最后一次编辑,展现阿条借工作之名发送消息时的内心拉扯，建立渺茫希望。,阿条用工作理由说服自己发出试探，但句子反复编辑，藏不住的私人期待与职场面具冲突；发送瞬间自尊与不甘交战。,她意识到这是她第一次以工作为借口发出私人信号，之前的暗语系统已完全失效，关系已无共同暗号。,紧张、自我说服、渺茫期待下的不安，手指在发送键上犹豫，最终点击后的短暂空虚。,2026-07-06T02:05:15.044+00:00,2026-07-06T02:05:15.044+00:00
cmr8kvan80d81v16zwi8y4byx,cmr8kvan40d7zv16zbp6o3m83,2,屏幕：已读标记的冷暴力,通过已读不回和走廊偶遇的双重打击，将阿条的期待碾碎，完成冰点刻画。,阿条看到消息变成已读却无任何输入提示，时间拉伸中的煎熬；走廊相遇时她鼓起勇气上前，阿力仅以'晚点再说'侧身避过，身体语言完全关闭沟通可能。,阿力避开目光、快速离开的细节让阿条明白：公务化隔离之外，他连维持表面同事温度都不愿。,从屏息期待到缓缓下沉的冰冷，走廊短暂接触后的刺痛与彻底心凉，但外表维持平静。,2026-07-06T02:05:15.044+00:00,2026-07-06T02:05:15.044+00:00
cmr8kvan80d82v16zzhb2dams,cmr8kvan40d7zv16zbp6o3m83,3,工位：关闭等待窗口,完成阿条从被动受挫到主动切割的行为转折，为下一章铺垫团建压力。,阿条回到座位后本能想再查看手机，却强行压下，与残留的期待对抗；她取消特别关注、关闭对话窗口，用打开项目进度文档的动作宣告切割，但眼角疲惫泄露挣扎。,她的决定不是一时冲动，而是收存所有便签后意识到：保留记录是为了提醒自己不再回头，这是一种清醒的自我保护。,从压抑中浮起一丝坚定的冷硬，结尾看向窗外时有一瞬空落，但随即专注于工作，韧劲初现。团建通知或同事提及明日安排，留下不安余韵。,2026-07-06T02:05:15.044+00:00,2026-07-06T02:05:15.044+00:00
cmr8l2aa20daov16zgznl4ru7,cmr8l2a9z0danv16zy782if4j,1,部门会议的公开敲打,通过领导在会议中的隐晦敲打，外化阿条的羞耻与恐惧，象征外部监视正式介入。,王总在布置团建任务时，突然敲打“某些同事别把私人情绪带到工作上”，目光扫过阿条和阿力，全场气氛骤紧。阿条必须维持专业表象，但生理反应失控。,阿条意识到两人的秘密可能已不再是秘密，高层在警告，空间的窒息感让她首次感到无处可逃。,心跳猛撞→握笔指尖泛白→不敢偏头→呼吸浅促→强装镇定后的虚脱感。,2026-07-06T02:10:41.162+00:00,2026-07-06T02:10:41.162+00:00
cmr8l2aa20dapv16z3ui4eock,cmr8l2a9z0danv16zy782if4j,2,小菲的亲昵八卦,通过小菲笑嘻嘻的试探，反衬阿条后背僵直的生理真实，进一步烘托同事怀疑的发酵。,会后小菲凑过来，以关心为名八卦阿条的感情状态，并故意提及阿力。阿条用‘项目赶’堵住话头，转身后陷入瞬间的静默停顿，两人之间形成无形的防御墙。,阿条发现小菲的试探比想象中更密集，同事的猜测可能已接近真相，她必须用更冷漠的沉默来抵挡。,后背僵直→表面微笑→快速用工作阻断→转身后笑容消失→短暂失神。,2026-07-06T02:10:41.162+00:00,2026-07-06T02:10:41.162+00:00
cmr8l2aa20daqv16z3ybxfsfk,cmr8l2a9z0danv16zy782if4j,3,“团建保持距离”的消息,阿力发来的消息导致阿条生理反应强烈，但她以无回复进阶沉默，从被动承受变为主动控场。,手机屏幕亮起，阿力发来“团建期间我们继续保持距离”。阿条心跳猛撞、手心潮湿，但读完未回复，转而将手机反扣，继续处理数据。沉默成为她新的武器。,阿力率先划界的行为彻底摧毁阿条最后一丝幻想，她确认对方早已准备抽身，内心温度降至冰点。,看到消息时心跳漏拍→手心潮湿→手指悬空在屏幕上方→终未回复→反扣手机后僵坐数秒→强迫自己点击鼠标继续工作。,2026-07-06T02:10:41.162+00:00,2026-07-06T02:10:41.162+00:00
cmr8l2aa20darv16zbcm2hvaa,cmr8l2a9z0danv16zy782if4j,4,与李晴的探问抽丝,从李晴的闲聊中自然引出阿力浏览招聘网站的情报，证实阿条关于退路的猜测，激化觉醒。,下午茶歇，李晴提起最近离职率高，阿条看似随口问“是不是有人在看机会”，实则步步收紧问题。当李晴无意说出看到阿力的浏览器停留在招聘网站时，阿条瞬间耳鸣、视野虚浮，用喝茶强行压下。,阿条证实阿力不仅想在内部分割，更在准备外部逃离，这场关系里退路早就砌好，只是她一直蒙在鼓里。,闲聊时的轻松→听见招聘信息时耳朵微动→追问时收紧腹部→得知真相后耳鸣、茶杯轻微晃动→强行吞咽后恢复正常语调。,2026-07-06T02:10:41.162+00:00,2026-07-06T02:10:41.162+00:00
cmr8l2aa20dasv16zyf79ghc3,cmr8l2a9z0danv16zy782if4j,5,下班前的心理清理与决意,阿条通过一系列清理动作完成心理准备，将觉醒转化为行动决心，为下一章红裙试探铺设完备动机。,下班前，阿条折叠阿力对话框，给陈默发确认聚会消息，并在手机便签记下招聘网站名。内心混乱但行动冷静，她将粉色发夹从抽屉取出端详又放回，最终扣上电脑，起身离开。,阿条的决定不是继续切割，而是发起最后试探：她要在团建中用红裙打破沉默，逼阿力给出答案或逼自己彻底死心。,整理桌面时的机械感→折叠对话框时指尖微颤→给陈默发消息的决断→记录网站名的冷酷→拿起发夹时眼眶一热但强行忍住→起身时脚步坚定。,2026-07-06T02:10:41.162+00:00,2026-07-06T02:10:41.162+00:00
cmr8lbg5s0ddwv16zk6d8ktx5,cmr8lbg5p0ddvv16zv0p8axt8,1,翻看记录：从灼痛到冷醒,通过对比初期暧昧与近期冷漠的对话记录，推动阿条情感降温，认清被动等待的荒谬，为后续主动行动提供心理支点。,温暖的回忆与冰冷的现实之间的撕扯，理智要求切割但情绪仍有残留。,阿条意识到自己一直是被动等待答案的人，决定不再将解释权交给阿力。,隐痛→冷醒,2026-07-06T02:17:48.688+00:00,2026-07-06T02:17:48.688+00:00
cmr8lbg5s0ddxv16zoxhj17zl,cmr8lbg5p0ddvv16zv0p8axt8,2,取出红裙：旧物新意,取出露背红裙，中断对旧日甜蜜的联想，强行将其定义为试探工具，完成物品意义的强制转换。,裙子承载的旧日象征与当前意图的对抗，需用理性压下瞬间的情绪反扑。,红裙不再是甜蜜的见证，而是握在手中的筹码。,短暂柔软→硬心,2026-07-06T02:17:48.688+00:00,2026-07-06T02:17:48.688+00:00
cmr8lbg5s0ddyv16zf4ytm4km,cmr8lbg5p0ddvv16zv0p8axt8,3,镜前试穿：重塑审判者,通过试穿红裙并审视镜中自己，从眼神到姿态完成从脆弱到坚定的转变，确立审判者身份。,自我怀疑与自我重塑的对抗，镜中最初可能闪现脆弱，但被刻意调整。,她不再是等待被爱的人，而是掌握主动、即将发起试探的审判者。,脆弱→坚定,2026-07-06T02:17:48.688+00:00,2026-07-06T02:17:48.688+00:00
cmr8lbg5s0ddzv16zxha7evt7,cmr8lbg5p0ddvv16zv0p8axt8,4,折衣入箱：收起判决书,用极细致的动作将红裙折好放入行李箱，像归档一份判决书，仪式化地完成从准备到行动的转换。,动作的冷静与内心可能残余的波动之间的张力，需靠绝对的秩序感压制。,所有准备就绪，她已主动关闭过去，只待明日执行。,决绝、平静,2026-07-06T02:17:48.688+00:00,2026-07-06T02:17:48.688+00:00
cmr8lbg5s0de0v16zvjjl9zq0,cmr8lbg5p0ddvv16zv0p8axt8,5,封闭空间：积蓄冷静,通过确认聚会、关机、拉窗帘等自主封闭动作，建立不受干扰的心理场域，为明日团建积蓄极度冷静。,外部潜在的干扰（如手机消息、外界声音）与内心需要绝对安静之间的对抗。,她主动切断了所有可能的侵扰，完全掌控了当下环境与自己的状态。,自主、闭合的平静,2026-07-06T02:17:48.688+00:00,2026-07-06T02:17:48.688+00:00
cmr8ll40h0dgsv16z98l89csb,cmr8ll3yw0dgrv16zbu6frz8f,1,楼下集合：视线里的行李箱,建立出发日的现实场景，通过阿条刻意拖延上车，捕捉阿力帮助小菲放行李的细节，以外在动作确立关系归属已转移的刺痛感。,阿条有意回避正面接触，但视觉证据强行闯入：阿力主动伸手接小菲的行李箱，动作自然，如同新的默契。,阿条意识到原本属于她的微小特权（如放行李、眼神确认）已无缝适配到另一个女人身上。,冰冷刺痛，握紧行李箱手柄的骨节发白，呼吸压成缓慢一息。,2026-07-06T02:25:19.505+00:00,2026-07-06T02:25:19.505+00:00
cmr8ll40i0dgtv16zx4b6gix3,cmr8ll3yw0dgrv16zbu6frz8f,2,大巴座位：沉默的掩护与决绝的信息,李晴用无声动作完成安慰，反衬孤立；阿条编辑并发送冷静决绝的信息给阿力，将内心切割转化为不可逆的通讯行为。,阿条需要在同事环绕的密闭空间里完成对阿力的最后通牒，同时避免情绪崩盘影响职场形象。,信息发送后的微反应（指尖轻颤、翻扣手机）是她最后一次允许自己表现出在乎，此后物理封存。,平静下的窒息，呼吸深而缓，指尖不受控的颤抖被立刻压制。,2026-07-06T02:25:19.505+00:00,2026-07-06T02:25:19.505+00:00
cmr8ll40i0dguv16zcn2q0t5d,cmr8ll3yw0dgrv16zbu6frz8f,3,车窗映像：红裙计划的封印,通过阿条观察阿力收手机、对小菲笑的倒影，定格其判断，并以一个具象动作彻底放弃红裙试探，完成从期待到决裂的认知闭环。,阿条必须面对她昨日还视为筹码的红裙，在今天已沦为讽刺，她需要用身体动作强行掐断最后一丝幻想。,车窗上的映像让她确认阿力已无须再试探，她将手机塞进包底或指甲掐掌心，以此封印红裙所象征的全部过去。,苦涩的冷静，肌肉僵硬但动作精确，就像亲手锁上一扇不会再开的门。,2026-07-06T02:25:19.505+00:00,2026-07-06T02:25:19.505+00:00
cmr8ll40i0dgvv16zd0097bhm,cmr8ll3yw0dgrv16zbu6frz8f,4,行政消息：未点开的拼房私信,以行政通知的拼房名单作为钩子，将阿条瞬间掷入无法逃避的私密空间焦虑，用环境嘈杂和身体反应制造尾部强烈不安。,阿条刚完成自我封闭，外部世界立刻用随机拼房打破她仅存的距离控制，她必须在人群议论中隐藏恐慌。,心脏揪紧的反应说明她尚未麻木，最害怕的暴露情境以官僚形式降临。,心悸，手机震动像电流穿过掌骨，周围声音失真，恐惧凝成喉间硬块。,2026-07-06T02:25:19.505+00:00,2026-07-06T02:25:19.505+00:00
