id,snapshotId,characterId,currentGoal,emotion,stressLevel,secretExposure,knownFactsJson,misbeliefsJson,summary,createdAt,updatedAt
cmr269sr504b4v16z0z765jqo,cmr269sr004b3v16zvdhpsups,cmr23zj4j004tv16zlc1ewt6u,决定如何回应阿力的夜晚邀约,兴奋、紧张,65,读者知悉她与阿力的秘密互动，同事未察觉,"[""阿力在走廊夸她“演得不错”"",""阿力发出夜晚邀约"",""小菲在试探她和阿力的关系"",""陈默发来问候但她感到疏离""]",,阿条成功扮演陌生人后获得阿力认可，开始享受秘密游戏刺激，但面对邀约时仍紧张迟疑。,2026-07-01T14:30:00.401+00:00,2026-07-01T14:30:00.401+00:00
cmr269sr504b5v16zkmvykzbv,cmr269sr004b3v16zvdhpsups,cmr23zj4y004uv16zh1dm72nm,维持暧昧关系并推进亲密程度,轻松、掌控,30,读者知道他主动邀约，但真实态度不明,"[""阿条配合他完成陌生演技"",""小菲正在怀疑他们"",""阿条享受这场秘密游戏""]",,阿力继续主导暧昧节奏，用暗语和邀约巩固同谋关系，表面温和但目的不明。,2026-07-01T14:30:00.401+00:00,2026-07-01T14:30:00.401+00:00
cmr269sr504b6v16zza34ha7c,cmr269sr004b3v16zvdhpsups,cmr23zj5u0052v16zbgy6zbi1,打探阿条与阿力的真实关系,怀疑、好奇,20,读者知道她怀疑两人，但她无证据,"[""阿力最近经常下楼吃饭"",""阿条声称对阿力没怎么注意""]","[""可能怀疑两人有秘密，但无法证实""]",小菲尝试试探阿条，被敷衍后虽未放弃，但暂被蒙混。,2026-07-01T14:30:00.401+00:00,2026-07-01T14:30:00.401+00:00
cmr26ffty04fdv16zc692zxbk,cmr26feyn04ebv16zh84ifjuv,cmr23zj4j004tv16zlc1ewt6u,执行秘密恋爱规则，准备明日食堂暗语，在同事眼皮下继续游戏。,紧张但兴奋，掌控感中夹杂甜蜜。,50,读者知道她与阿力确立秘密关系并制定了规则。,"[""阿力同意她制定的全部规则和附加条件。"",""明日中午食堂阿力将坐在对面隔一个座位。"",""阿力要求她坦诚，别让他猜。"",""自己保留了草莓糖纸。""]",,阿条主动制定规则，从被动卷入者变为关系掌控者，但依然保持对暴露风险的警觉。,2026-07-01T14:34:23.590+00:00,2026-07-01T14:34:23.590+00:00
cmr26fftz04fev16zeukpubcy,cmr26feyn04ebv16zh84ifjuv,cmr23zj4y004uv16zh1dm72nm,遵守阿条的规则，在隐蔽中推进关系。,放松，隐约满意，但真实态度仍有保留。,40,读者知道他与阿条确立秘密关系并接受规则。,"[""阿条制定了秘密恋爱规则。"",""明日食堂计划。"",""需要不让她猜。""]",,阿力接受了阿条的规则，请求坦诚，关系进入明确但受约束的地下阶段。,2026-07-01T14:34:23.590+00:00,2026-07-01T14:34:23.590+00:00
cmr26pscj04mpv16zodd18f3l,cmr26psce04mov16zi89zlpdj,cmr23zj4j004tv16zlc1ewt6u,成功测试暗语系统，为明日食堂暗语游戏确认规则,刺激、期待，略带紧张但掌控感强,55,与阿力保持秘密沟通，在同事面前表演疏离,"[""暗语系统已建立并加密，新增菠萝包和明天的菜谱"",""食堂规则包括椅子偏移"",""阿力接受规则但会主动调整""]",,阿条从被动享受转为规则制定者，初尝主导禁忌游戏的甜蜜刺激，心理防线彻底转向接纳。,2026-07-01T14:42:26.371+00:00,2026-07-01T14:42:26.371+00:00
cmr26pscj04mqv16znnmvs7dd,cmr26psce04mov16zi89zlpdj,cmr23zj4y004uv16zh1dm72nm,配合阿条的规则，同时通过细微调整保持自身主动性,轻松、配合，但态度仍有所保留,40,成为阿条的秘密恋人，共同维护表演,"[""暗语系统全部条目"",""食堂规则及偏移许可"",""阿条已完全投入游戏""]",,阿力接受阿条的主导，但用加暗语、要求偏移等方式为自己留出空间，真实态度依旧模糊。,2026-07-01T14:42:26.371+00:00,2026-07-01T14:42:26.371+00:00
cmr26pscj04mrv16zs4kpxzwc,cmr26psce04mov16zi89zlpdj,cmr23zj5u0052v16zbgy6zbi1,维持日常工作与社交，对阿力和阿条的关系开始留意但未深入,好奇、隐约察觉异样但未警惕,30,不知道两人秘密关系,"[""阿力近期常独自行动"",""阿条在食堂主动换座到阿力附近"",""两人在打印室曾单独相处""]","[""可能认为阿力和阿条只是普通同事""]",小菲捕捉到两人互动的微妙痕迹，但尚未形成怀疑，为后续升级埋下基础。,2026-07-01T14:42:26.371+00:00,2026-07-01T14:42:26.371+00:00
cmr26y8r404pqv16zk13sw9n0,cmr26y8qz04ppv16zakxqwzrs,cmr23zj4j004tv16zlc1ewt6u,成功完成食堂暗语游戏，在公开场合完成全套表演，确认自己能在阿力靠近时保持稳定。,刺激、兴奋、后怕、期待,40,未被同事发现，但小菲开始留意。,"[""暗语系统实战测试通过，新增编码芒果=危险，菠萝包多义性。"",""阿力配合默契，主动增加暗语规则。"",""食堂暗语游戏规则确认：椅子偏移三厘米。"",""小菲询问阿力手链，阿力未透露实情。""]",,阿条在茶水间脱险后体验到刺激上瘾，为明日食堂暗语制定新目标，心理防线彻底转向主动寻求冒险。,2026-07-01T14:49:00.880+00:00,2026-07-01T14:49:00.880+00:00
cmr26y8r504prv16zmbl9m9gb,cmr26y8qz04ppv16zakxqwzrs,cmr23zj4y004uv16zh1dm72nm,配合阿条完成测试，通过主动添加暗语规则保持自身主动性。,冷静、默契、保留,20,同阿条，未暴露。,"[""暗语测试成功，新增椅子偏移规则。"",""小菲开始留意手链，已模糊应对。""]",,阿力在脱险中配合完美，并通过主动加量规则暗示主导权，真实态度仍模糊。,2026-07-01T14:49:00.880+00:00,2026-07-01T14:49:00.880+00:00
cmr26y8r504psv16zjfbsn9bl,cmr26y8qz04ppv16zakxqwzrs,cmr23zj5u0052v16zbgy6zbi1,调查阿力手链来源，留意阿条与阿力的互动。,好奇、试探,10,仅怀疑，不知内情。,"[""阿力手链是朋友送的，不透露细节。"",""阿条和阿力在茶水间独自相处，但行为表面正常。""]",,小菲开始主动试探二人关系，但未得到决定性证据。,2026-07-01T14:49:00.880+00:00,2026-07-01T14:49:00.880+00:00
cmr274qy004slv16z6s7gpw5z,cmr274qxw04skv16zz42ick5d,cmr23zj4j004tv16zlc1ewt6u,在暴露之前尽情探索与阿力的秘密游戏，测试自己的界限,兴奋、甜蜜与不安交织,70,读者知道她主动沉溺，阿力可能部分察觉,"[""阿力同样在享受这场游戏"",""自己主动打破规则但没有被拒绝""]","[""认为游戏暂时不会失控""]",阿条完成心理跨越，选择主动沉溺，但内心仍有暴露阴影。,2026-07-01T14:54:04.392+00:00,2026-07-01T14:54:04.392+00:00
cmr274qy104smv16zt6whapkc,cmr274qxw04skv16zz42ick5d,cmr23zj4y004uv16zh1dm72nm,保持默契，观察阿条的变化，不主动推进,沉稳愉悦,50,读者无法直接知道他内心，但通过消息确认他在配合享受,"[""阿条今晚的行为暗示她投入更深""]",,阿力通过接住阿条的越界消息，暗示自己也在玩同一场游戏，但真实态度依然模糊。,2026-07-01T14:54:04.392+00:00,2026-07-01T14:54:04.392+00:00
cmr27col104w7v16z93g6mh1r,cmr27cokx04w6v16z86qss28o,cmr23zj4j004tv16zlc1ewt6u,通过刻意疏远和制造第三方场景，测试阿力的反应，确认自己在他心中的位置,嫉妒、不甘、占有欲,70,读者知道她嫉妒试探，但同事未察觉,"[""阿力对小菲的关心保持温和但模糊的边界"",""她用李响刺激阿力后，阿力用“今天稳”回应"",""小菲对阿力有好感并主动接近""]",,阿条从主动沉溺转为嫉妒试探，决心在团建中继续冷处理，以保护自尊和测试阿力。,2026-07-01T15:00:14.581+00:00,2026-07-01T15:00:14.581+00:00
cmr27col104w8v16z6vd95ya7,cmr27cokx04w6v16z86qss28o,cmr23zj5u0052v16zbgy6zbi1,接近阿力，试探其态度，增强个人好感度,积极、好奇,30,无,"[""阿力手链是旧物，并非新换"",""阿力对她的关心保持礼貌距离""]",,小菲不再仅调查手链，转而主动关心阿力，好感表现更明显。,2026-07-01T15:00:14.581+00:00,2026-07-01T15:00:14.581+00:00
cmr27yo1u04yov16ze5jm1fms,cmr27yo1p04ynv16zhjb497sh,cmr23zj4j004tv16zlc1ewt6u,在维持表面距离的同时，试图消化自己正在失去对游戏控制的疲惫感。,孤独、疲惫、警惕,78,读者知晓她已经感到强烈负担，但同事尚不察觉,"[""小菲对阿力的追求已从试探变为明显主动"",""阿力在团建中通过‘稳不稳’的暗语和攀岩时的对视回应了她的存在"",""陈默邀约下周六聚餐""]",,阿条从享受刺激转为负担，首次意识到这场游戏可能长时间持续且令人疲惫。,2026-07-01T15:17:20.322+00:00,2026-07-01T15:17:20.322+00:00
cmr27yo1u04ypv16zz3wu6gt9,cmr27yo1p04ynv16zhjb497sh,cmr23zj4y004uv16zh1dm72nm,保持默契，通过暗语和眼神向阿条传递‘我还在’，但不主动打破距离。,模糊、克制,55,阿条通过眼神接受到确认信号,"[""阿条在团建中维持距离策略"",""小菲对自己不断示好""]",,阿力行为上配合小菲的靠近，但通过极简信息与眼神保住了与阿条的暗号连接。,2026-07-01T15:17:20.322+00:00,2026-07-01T15:17:20.322+00:00
cmr27yo1u04yqv16zs4k86aya,cmr27yo1p04ynv16zhjb497sh,cmr23zj5u0052v16zbgy6zbi1,继续接近阿力，通过各类互动提升接触机会和熟悉度。,雀跃、主动,40,同事可能已注意到她对阿力的关注,"[""阿力在游戏中配合自己，不排斥近距离接触""]",,小菲对阿力的好感表现进一步升级，从送咖啡到主动搭档，并借助集体活动推进个人意图。,2026-07-01T15:17:20.322+00:00,2026-07-01T15:17:20.322+00:00
cmr284zxf051dv16zbcipvsrw,cmr284zx4051cv16zc77oi5jc,cmr23zj4j004tv16zlc1ewt6u,消化疲惫，试图确认阿力状态但受挫，对游戏产生质疑,疲惫、受伤、迷茫,75,读者知道她对阿力冷落感到心寒，但阿力不知,"[""陈默下周六晚聚会"",""阿力今日完全回避互动""]",,阿条在试探中多面受挫，开始怀念过去无忧的状态，怀疑当前策略的意义。,2026-07-01T15:22:15.651+00:00,2026-07-01T15:22:15.651+00:00
cmr284zxf051ev16z0lf3ub7l,cmr284zx4051cv16zc77oi5jc,cmr23zj5u0052v16zbgy6zbi1,继续接近阿力，提升接触机会,困惑但坚持,40,,"[""阿力对自己说话很少""]",,小菲在食堂跟随阿力，但遭遇极简回应，仍不放弃。,2026-07-01T15:22:15.651+00:00,2026-07-01T15:22:15.651+00:00
cmr284zxf051fv16zsaw1j4eh,cmr284zx4051cv16zc77oi5jc,cmr23zj58004wv16zpaestpwt,做好工作，同时观察阿条与阿力的关系,好奇、计算,50,,"[""阿力行为近期古怪"",""阿条否认与阿力有关""]",,李晴试探阿条，留意阿力异常，并可能私下与阿力沟通。,2026-07-01T15:22:15.651+00:00,2026-07-01T15:22:15.651+00:00
cmr28ct4t054mv16znuexnd7t,cmr28ct4i054lv16zo559rqej,cmr23zj4j004tv16zlc1ewt6u,确认阿力状态，转为消极观察与猜疑,不安、怀疑,75,读者知道她怀疑阿力隐瞒,"[""阿力拒绝私下邀约和午餐"",""阿力在食堂未给眼神或暗语回应"",""阿力与小菲一起加班"",""暗语“你稳？”已读未回""]","[""阿力可能在隐瞒重要原因""]",阿条开始怀疑阿力隐瞒真实原因，决定不再主动。,2026-07-01T15:28:20.093+00:00,2026-07-01T15:28:20.093+00:00
cmr28ct4t054nv16zfocs1f7w,cmr28ct4i054lv16zo559rqej,cmr23zj4y004uv16zh1dm72nm,保持距离，不主动互动,平静但刻意,50,读者不知道他的真实想法,"[""他拒绝了阿条的邀约和午餐"",""未回应暗语""]",,阿力行为上完全回避阿条，未给出解释。,2026-07-01T15:28:20.093+00:00,2026-07-01T15:28:20.093+00:00
cmr28ct4t054ov16z73bgxfc6,cmr28ct4i054lv16zo559rqej,cmr23zj58004wv16zpaestpwt,观察阿条与阿力关系,好奇,40,读者知道她在观察,"[""阿条情绪不高"",""阿力行为古怪""]",,李晴继续观察两人，但未深入了解。,2026-07-01T15:28:20.093+00:00,2026-07-01T15:28:20.093+00:00
cmr28ct4t054pv16zwuga7zd1,cmr28ct4i054lv16zo559rqej,cmr23zj5u0052v16zbgy6zbi1,接近阿力,积极,30,无,"[""成功接近阿力一起加班""]",,小菲成功接近阿力，可能一起加班。,2026-07-01T15:28:20.093+00:00,2026-07-01T15:28:20.093+00:00
cmr28ct4t054qv16zrw8ltjtu,cmr28ct4i054lv16zo559rqej,cmr23zj5m0050v16zyqacdl0n,组织聚会，联系阿条,普通,30,无,"[""阿条答复“尽量”参加聚会""]",,陈默邀请阿条参加周六聚会，阿条答复尽量。,2026-07-01T15:28:20.093+00:00,2026-07-01T15:28:20.093+00:00
cmr28mptx05a3v16zfop57odn,cmr261wze048bv16zho19qw9d,cmr23zj4j004tv16zlc1ewt6u,隐藏与阿力的秘密关系，同时控制自己情感,恐惧、刺激、困惑、生气,75,与阿力的禁忌关系，仅两人和读者知晓,"[""阿力在茶水间主动行动"",""阿力发消息“你稳？”"",""阿力在工位表演正常""]",,阿条经历了危险刺激，内心明确产生禁忌意识，对阿力的真实态度产生猜疑。,2026-07-01T15:36:02.373+00:00,2026-07-01T15:36:02.373+00:00
cmr28mptx05a4v16z2ur4h7u9,cmr261wze048bv16zho19qw9d,cmr23zj4y004uv16zh1dm72nm,保持与阿条的暧昧关系，同时维持职场正常,强势、冷静、可能失望,50,与阿条的禁忌关系,"[""阿条推开他并说“我们不能这样”"",""阿条没有回复消息""]",,阿力在茶水间主动出击，被拒绝后恢复冷漠，在同事面前表演自然，用暗语试探阿条。,2026-07-01T15:36:02.373+00:00,2026-07-01T15:36:02.373+00:00
cmr30u04r0alzv16zhs6ezr7n,cmr30u04i0alyv16ziqkumb3b,cmr23zj4j004tv16zlc1ewt6u,用另一种方式测试阿力，让他暴露真实态度。,不甘、猜疑、被冷落，带着赌气与决绝,80,秘密关系未暴露，但可疑行为引起李晴注意,"[""阿力以加班为由回避，不正面回应该是否在躲她"",""陈默聚会定于周日晚上七点湖滨烤肉店"",""李晴注意到她没睡好并询问"",""小菲与阿力互动自然，令她心生醋意""]","[""阿力可能认为她完全可以被晾在一边"",""只要不再提问就能保住自尊""]",阿条冲破自我约束，在质问失败后将内心动荡转化为行动策划，用聚会邀请作为暂时出口，同时埋下更大试探的种子。,2026-07-02T04:45:31.563+00:00,2026-07-02T04:45:31.563+00:00
cmr30u04r0am0v16zepbgf1w8,cmr30u04i0alyv16ziqkumb3b,cmr23zj4y004uv16zh1dm72nm,维持职场正常表象，继续回避阿条,表面平静，内心冷漠，隐藏真实情绪,60,秘密关系未暴露,"[""阿条质问他是否在躲"",""阿条没有追出电梯，在门关上后返回楼上""]",,阿力以加班为借口持续回避，用敷衍言辞应对质问，其冷静态度反而加深了阿条的猜疑。,2026-07-02T04:45:31.563+00:00,2026-07-02T04:45:31.563+00:00
cmr30u04r0am1v16zyojst7r0,cmr30u04i0alyv16ziqkumb3b,cmr23zj58004wv16zpaestpwt,继续观察阿条与阿力的异常，确认聚会,关心但不追问,30,对两人真实关系一无所知,"[""阿条没睡好，有明显黑眼圈"",""阿力最近话变少了"",""阿条确认参加陈默的聚会""]",,李晴保持敏感观察，注意到两人状态的细微异常，但不主动介入，只以朋友身份确认聚会。,2026-07-02T04:45:31.563+00:00,2026-07-02T04:45:31.563+00:00
cmr30u04r0am2v16zzvkuf98q,cmr30u04i0alyv16ziqkumb3b,cmr23zj5u0052v16zbgy6zbi1,继续接近阿力,自然、主动,20,不知情,"[""给阿力带了加糖的咖啡"",""与阿力一起讨论数据""]",,小菲与阿力的互动进一步坦然，在工作场景中拉近距离，无意中加剧了阿条的醋意和失落。,2026-07-02T04:45:31.563+00:00,2026-07-02T04:45:31.563+00:00
cmr314mbw0ap5v16zfz14kwvb,cmr314mbp0ap4v16zn1dhge8z,cmr23zj4j004tv16zlc1ewt6u,等待阿力解释隐瞒的内容，不主动退出,坚定、失落、执念,80,读者知道她已确认阿力疏远且决心等待，但办公室其他人未知,"[""阿力视她为陌生人"",""阿力可能在意她的举动（仍有目光）但选择无视""]","[""也许他是在隐瞒而不是不在意，但她不确定""]",阿条从主动试探转向被动等待，内心矛盾但执意要一个答案。,2026-07-02T04:53:46.892+00:00,2026-07-02T04:53:46.892+00:00
cmr314mbw0ap6v16zlp2r2pb8,cmr314mbp0ap4v16zn1dhge8z,cmr23zj4y004uv16zh1dm72nm,彻底疏远阿条，让她放弃,平静、坚决,70,读者通过阿条视角知道他的冷漠行为，但不知原因,"[""阿条在与小刘说话""]","[""可能认为阿条已经不再纠缠""]",阿力以公开场合的彻底漠视向阿条传递结束信号，但隐藏原因。,2026-07-02T04:53:46.892+00:00,2026-07-02T04:53:46.892+00:00
cmr314mbw0ap7v16z34k15tvx,cmr314mbp0ap4v16zn1dhge8z,cmr23zj58004wv16zpaestpwt,密切关注阿条，准备必要时介入,关心、迟疑,30,无,"[""阿条状态持续不佳"",""阿条与阿力之间气氛尴尬""]",,李晴作为好友，察觉到异常但选择继续观察，不贸然行动。,2026-07-02T04:53:46.892+00:00,2026-07-02T04:53:46.892+00:00
cmr314mbw0ap8v16zp033x92k,cmr314mbp0ap4v16zn1dhge8z,cmr23zj5u0052v16zbgy6zbi1,以专业合作维持与阿力的同事关系,适应、自然,20,无,"[""阿力在工作中认真负责""]",,小菲调整与阿力互动方式，转为沉稳同事，原因可能是阿力态度影响。,2026-07-02T04:53:46.892+00:00,2026-07-02T04:53:46.892+00:00
cmr31ctbs0assv16z68ffklun,cmr31ctbm0asrv16z7xp7iw0m,cmr23zj4j004tv16zlc1ewt6u,在回避中等待阿力解释，防止秘密暴露,恐慌与执念交织,78,她不知道阿力发消息的原因，读者知道她在回避并等待,"[""同事小菲和李晴在议论阿力对某人特别冷淡，直指自己"",""阿力突然发消息打破沉默""]",,阿条在恐慌中主动回避阿力，但内心执念等待解释，拒绝见面后仍无法释怀。,2026-07-02T05:00:09.208+00:00,2026-07-02T05:00:09.208+00:00
cmr31ctbs0astv16zvqoickbw,cmr31ctbm0asrv16z7xp7iw0m,cmr23zj4y004uv16zh1dm72nm,意图不明，公开场合仍彻底冷漠，但私下尝试联系,不明,60,读者和阿条知道他主动联系，但他不知道阿条偷听同事议论并回避,"[""阿条以加班为由拒绝了他的见面邀请""]","[""可能认为阿条只是因为工作繁忙而拒绝""]",阿力维持公开冷漠，但反常地私下联系阿条，行为出现裂口。,2026-07-02T05:00:09.208+00:00,2026-07-02T05:00:09.208+00:00
cmr31ctbs0asuv16z0jglijpp,cmr31ctbm0asrv16z7xp7iw0m,cmr23zj58004wv16zpaestpwt,密切关注阿条与阿力异常，准备必要时介入,关心且警惕,45,她参与议论且疑心加重，但未掌握秘密全貌,"[""小菲也注意到阿力对某人异常冷淡"",""阿条最近状态不佳且不愿说明""]","[""可能认为阿条遇到了某种职场困境""]",李晴加深观察，主动表达支持，成为阿条潜在倾诉对象。,2026-07-02T05:00:09.208+00:00,2026-07-02T05:00:09.208+00:00
cmr31m5sp0avdv16zlg4v31wn,cmr31m5sk0avcv16zxfztsnkr,cmr23zj4j004tv16zlc1ewt6u,停止主动联系，但内心仍期待阿力主动沟通，同时忧虑明天办公室相处,失望、疲惫、残存期待,85,她仍未向同事透露阿力与她的具体关系性质,"[""阿力回复“别多想，为大家好”后已读不回"",""阿力可能后悔或不想解释""]",,阿条首次因隐瞒本身与阿力发生文字争吵，却被冷处理，失望累积，停止主动发消息但内心仍留期待，为下一阶段冷暴力铺垫。,2026-07-02T05:07:25.273+00:00,2026-07-02T05:07:25.273+00:00
cmr31m5sp0avev16z23ijkq8g,cmr31m5sk0avcv16zxfztsnkr,cmr23zj4y004uv16zh1dm72nm,用沉默和回避迫使阿条放弃追问，避免任何解释,冷漠，可能内心有压力但完全隐藏,70,他仍未解释为何疏远，未公开与阿条的关系,"[""阿条连续发出多条质问消息"",""阿条说不会再发消息""]",,阿力仅用一句简短回复后彻底已读不回，用冷漠加固壁垒，拒绝沟通。,2026-07-02T05:07:25.273+00:00,2026-07-02T05:07:25.273+00:00
cmr31m5sp0avfv16zjtx37omp,cmr31m5sk0avcv16zxfztsnkr,cmr23zj58004wv16zpaestpwt,明天午饭与阿条聊聊，试图了解并帮助她,关心，轻度担忧,40,她仍未知道阿条与阿力的具体关系,"[""阿条最近状态不对"",""陈默聚会阿力还未回复""]",,李晴从观察转为主动介入，发起私聊邀约，加深对阿条的关心。,2026-07-02T05:07:25.273+00:00,2026-07-02T05:07:25.273+00:00
cmr31u2u40ayav16zccr13vmm,cmr31u2u00ay9v16z0uqj1fsv,cmr23zj4j004tv16zlc1ewt6u,不再主动联系阿力，戴上面具应对同事，维持职场正常状态,心痛但决心已定，疲惫,75,与阿力的秘密关系已被李晴部分知晓,"[""阿力在办公室彻底无视她，包括眼神回避""]",,阿条心理转折完成，决定不再主动，但内心仍残留刺痛，准备用防御姿态面对同事。,2026-07-02T05:13:34.684+00:00,2026-07-02T05:13:34.684+00:00
cmr31u2u40aybv16zym7danp9,cmr31u2u00ay9v16z0uqj1fsv,cmr23zj58004wv16zpaestpwt,继续支持阿条，关注其情绪，可能尝试进一步帮助,关心，担忧,30,获知阿条与阿力的秘密关系细节,"[""阿条和阿力“没有开始，差一点开始”"",""阿力对阿条说“别多想，为大家好”""]",,李晴从阿条处得知部分真相，关心升级，从观察转为知情的支持者。,2026-07-02T05:13:34.684+00:00,2026-07-02T05:13:34.684+00:00
cmr31u2u40aycv16zua7yjz5j,cmr31u2u00ay9v16z0uqj1fsv,cmr23zj4y004uv16zh1dm72nm,用彻底无视和封闭阻断一切私人交流，维持仅工作关系,表面平静，可能内心复杂,40,不知阿条已向李晴坦白,"[""阿条不再发消息""]",,阿力持续无视阿条，并将冷漠扩展至其他同事，表现出全面封闭姿态，真实态度未明。,2026-07-02T05:13:34.684+00:00,2026-07-02T05:13:34.684+00:00
cmr320isl0b1hv16zxwjwados,cmr320isd0b1gv16zy3msz950,cmr23zj4j004tv16zlc1ewt6u,在周六聚餐中与阿力保持距离，不露破绽，应对同事可能的观察与试探,警觉且决心坚定，但独处时仍有脆弱,75,同事怀疑有暧昧但未抓到实质，议论范围可能扩大,"[""小菲的试探目的是确认她是否因私事影响状态"",""陈默曾告诫阿力办公室恋情，阿力仅冷淡回复“知道了”"",""周六聚餐需要统一坐大巴，与阿力同场但必须疏远""]","[""可能仍认为阿力筑墙是为了保护她，而不全是疏远""]",阿条从被动承受转为主动防御，内心虽仍有脆弱，但已开始以“表演者”身份为聚餐做心理准备。,2026-07-02T05:18:35.300+00:00,2026-07-02T05:18:35.300+00:00
cmr3276tr0b3tv16zz9ynzsza,cmr3276tl0b3sv16zkevspf7x,cmr23zj4j004tv16zlc1ewt6u,在绝望中等待可能不存在的回应，压抑崩溃情绪,冰冷麻木,90,未暴露，成功表演,"[""阿力声称家里有急事提前离席""]",,阿条成功执行疏离策略，与阿力零互动，内心从强撑转为冰冷麻木，独自在黑暗中等待。,2026-07-02T05:23:46.383+00:00,2026-07-02T05:23:46.383+00:00
cmr32hs890b5zv16zzsunzlwa,cmr32hs830b5yv16znw2frbjt,cmr23zj4j004tv16zlc1ewt6u,关上情感闸门，专注工作应对，拒绝期待阿力的任何回应,冷静而紧绷，内心完成切断,75,已读未回使阿力感知到她的拒绝，秘密关系的张力进入公开边缘,"[""阿力凌晨来电及留言内容"",""王总邮件要求每日同步，明早9点第一次进度对齐"",""她自己已决定不再主动、不再期待""]",,阿条通过按掉电话并已读不回，彻底关闭情感闸门，将心理能量转向次日必须面对的工作合作。,2026-07-02T05:32:00.681+00:00,2026-07-02T05:32:00.681+00:00
cmr32rvsh0b8mv16zxsbn46rl,cmr32rvs80b8lv16zhabe8v2u,cmr23zj4j004tv16zlc1ewt6u,彻底关闭情感闸门，零期待，仅以冷硬工作态度应对,冰冷、麻木、决绝,85,无变化,"[""阿力用工作话题回避私人质问"",""阿力卡点回复邮件"",""阿力会后试图用私人话题关心但立刻被她制止""]","[""阿力的温柔只是挡箭牌，毫无真心""]",阿条从主动试探到失望决绝，决心彻底放弃，用冷漠武装自己，对合作通知毫无涟漪。,2026-07-02T05:39:51.857+00:00,2026-07-02T05:39:51.857+00:00
cmr32rvsh0b8nv16zta88xlh3,cmr32rvs80b8lv16zhabe8v2u,cmr23zj4y004uv16zh1dm72nm,维持工作沟通，回避私人交流，但会后忍不住试图缓和,表面平静，内里矛盾,65,无变化,,,阿力继续回避私人话题，但会议后尝试关心阿条，被拒绝后不再挽留。,2026-07-02T05:39:51.857+00:00,2026-07-02T05:39:51.857+00:00
cmr331fey0bb6v16z404vidxs,cmr331fes0bb5v16zv37i6ygc,cmr23zj4j004tv16zlc1ewt6u,寻找机会向阿力逼问真相，打破被项目锁死的压抑状态,绝望中带着不甘和决心,85,,,,阿条在流程隔绝下无处可逃，深夜意识到被项目锁死，决心不能再这样下去，开始积蓄情绪为正面冲突做准备。,2026-07-02T05:47:17.194+00:00,2026-07-02T05:47:17.194+00:00
cmr331fey0bb7v16z3j3r8zhf,cmr331fes0bb5v16zv37i6ygc,cmr23zj4y004uv16zh1dm72nm,将工作关系完全限制在正式流程内，杜绝任何私下接触的可能,冷静、疏离，全程无软化,60,,,,阿力用王总要求和邮件流程彻底隔绝私下沟通，表现出完全的公事公办，无任何软化迹象。,2026-07-02T05:47:17.194+00:00,2026-07-02T05:47:17.194+00:00
cmr331fey0bb8v16zizry9agt,cmr331fes0bb5v16zv37i6ygc,cmr23zj5m0050v16zyqacdl0n,组织聚会，并同意阿条提前到的请求,关心,,,,,陈默接到阿条要求提前到的消息，快速回复，聚会准备中。,2026-07-02T05:47:17.194+00:00,2026-07-02T05:47:17.194+00:00
cmr33aw9u0bdnv16zz9rsprhq,cmr33aw9p0bdmv16z8bg0bkb6,cmr23zj4j004tv16zlc1ewt6u,不再追问阿力，转为冷漠切割，专注于自我行动，准备参加陈默聚会。,疲惫但决绝，冷静中带着警惕,75,读者知道她内心决定切割，但她仍不知道阿力电话内容。,"[""阿力按掉来电并在两周内持续回避"",""阿力接听了一个让他神色紧张的电话并离开"",""陈默聚会时间地点已定""]",,阿条在当面对峙和冷落后清醒，从追问转为主动切断情感，回归自我保护。,2026-07-02T05:54:38.945+00:00,2026-07-02T05:54:38.945+00:00
cmr33aw9u0bdov16zjej2dkgr,cmr33aw9p0bdmv16z8bg0bkb6,cmr23zj4y004uv16zh1dm72nm,掩盖神秘联系，尽快摆脱阿条去处理紧急电话。,防御、紧张、焦急,80,阿条和读者都觉察到他接听神秘电话的异常，但内容未知。,"[""阿条当面逼问，态度坚决"",""神秘电话的紧急程度迫使他必须离开""]",,阿力在防御中暴露了新的秘密线索，回避策略升级，但内心未知。,2026-07-02T05:54:38.945+00:00,2026-07-02T05:54:38.945+00:00
cmr33lp0w0bgwv16zamahyx35,cmr33lp0r0bgvv16zeme52htz,cmr23zj4j004tv16zlc1ewt6u,暗中调查“若若”身份及阿力隐藏的联系,心寒、无奈却冷静,75,她知道阿力与“若若”频繁联系，但阿力尚未察觉她已开始调查,"[""阿力手机有备注名为“若若”的联系人，消息内容暧昧"",""阿力周六通话中严令对方别再发消息，试图隐藏"",""若若手机号归属杭州移动，微信号“Ruo”，头像模糊夜景""]","[""阿力对若若的关系可能超出普通同事或朋友""]",阿条从放弃追问转为主动暗查，收集证据，内心愈发冰冷，不再信任阿力。,2026-07-02T06:03:02.768+00:00,2026-07-02T06:03:02.768+00:00
cmr33u1tz0bjbv16zsbf7b6zh,cmr33u1ti0bjav16z3otjgb43,cmr23zj4j004tv16zlc1ewt6u,公开收集阿力撒谎与若若关联的证据，彻底划清界限,冷静、疏离、内心冰冷,72,她已知道阿力手写号码，并让阿力知道她存了号码，但隐藏了自己看到若若消息,"[""阿力手写了紧急联系人号码"",""阿力两次收到若若消息"",""李晴目击阿力与女生在商场""]",,阿条从暗中调查转为公开证据收集，冷静执行试探，将信任彻底悬空。,2026-07-02T06:09:32.615+00:00,2026-07-02T06:09:32.615+00:00
cmr343uag0blnv16zqgqz2c7f,cmr343uac0blmv16ztvilmjv6,cmr23zj4j004tv16zlc1ewt6u,在后续聚餐中以彻底冷漠的姿态公开划清界限，不留任何暧昧余地。,冷静而决绝，内心冰冷麻木,80,读者知道她主动约谈、出示证据并公开划清界限，已完全掌握若若相关线索。,"[""阿力昨天下午出现在城西银泰并与一名白鸭舌帽长发女生同行（李晴目击）"",""阿力的微信小号“Ruo”即其手写号码对应账号"",""阿力在当面质问下仍坚称在家，未去过城西银泰"",""阿力已无可信辩解""]",,阿条由谨慎怀疑升级为公开对峙，彻底确认阿力不诚实，决心以公事化姿态终结暧昧，不再抱任何期待。,2026-07-02T06:17:09.400+00:00,2026-07-02T06:17:09.400+00:00
cmr343uag0blov16zpyt8kfcm,cmr343uac0blmv16ztvilmjv6,cmr23zj4y004uv16zh1dm72nm,维持表面镇定，避免进一步暴露，被动接受关系破裂。,紧张、回避，防御姿态明显,75,读者知道他仍在撒谎，但其内心活动未知。,"[""阿条已掌握他的手写号码和微信小号"",""阿条知道他昨天下午在银泰（或掌握相关证据）"",""阿条宣布将留档所有与他有关的东西"",""阿条将备注名改回“阿力”，象征关系回调""]",,阿力在天台被证据击穿，无法再以旧借口敷衍，但仍选择不承认、不解释，陷入完全被动。,2026-07-02T06:17:09.400+00:00,2026-07-02T06:17:09.400+00:00
cmr34c3kt0boav16zj0e8s2ak,cmr34c3ko0bo9v16zv4g93jq3,cmr23zj4j004tv16zlc1ewt6u,维持彻底公事化，不给阿力任何私人空间。,主导感后的空虚,55,同事已知她和阿力关系破裂。,"[""同事已察觉她和阿力的裂痕。"",""小菲可能在试探她。"",""红绳手链线头松了。"",""她收到了阿力消息“今天——”未点开。""]","[""以为公开划界就能彻底解脱。""]",阿条通过换座和公事化发言完成公开划界，获得短暂主导感，但走出饭店后泛起空虚，红绳松动象征情感松动。,2026-07-02T06:23:34.685+00:00,2026-07-02T06:23:34.685+00:00
cmr34c3kt0bobv16zeuw8hkzz,cmr34c3ko0bo9v16zv4g93jq3,cmr23zj4y004uv16zh1dm72nm,保持沉默，避免进一步难堪。,难堪、僵硬,82,同事已知他和阿条关系破裂。,"[""阿条公开与他划清界限。"",""同事已察觉他们的裂痕。""]","[""可能仍以为能私下修补。""]",阿力在聚餐中遭阿条公开冷落，无法维持表面和谐，散席后独站，陷入被动。,2026-07-02T06:23:34.685+00:00,2026-07-02T06:23:34.685+00:00
cmr34c3kt0bocv16z1bj33n6m,cmr34c3ko0bo9v16zv4g93jq3,cmr23zj58004wv16zpaestpwt,继续支持阿条，等待她告知详情。,关切,35,她知道阿条有重要事但未告知。,"[""阿条有事情要告诉她但今天不说。"",""阿条在聚餐中刻意换座疏远阿力。""]",,李晴察觉到阿条的情绪和反常举动，主动询问后得到延迟回应，更加确定有事发生。,2026-07-02T06:23:34.685+00:00,2026-07-02T06:23:34.685+00:00
cmr34c3kt0bodv16zntkm4mb6,cmr34c3ko0bo9v16zv4g93jq3,cmr23zj5u0052v16zbgy6zbi1,维持同事关系，但被阿条掌控局面。,不自然、被试探后的不安,45,她知道阿条和阿力关系紧张，但不知内情。,"[""阿条对她有防备。"",""阿条主动用烘焙话题化解了她的试探。""]",,小菲在聚餐中试图接近阿条并可能试探，反被阿条用烘焙话题化解，感受到阿条建立的防御性主导。,2026-07-02T06:23:34.685+00:00,2026-07-02T06:23:34.685+00:00
cmr34l3dn0br4v16zpm95vgik,cmr34l3df0br3v16z0yhypjym,cmr23zj4j004tv16zlc1ewt6u,彻底切断与阿力的联系，成为陌生人，不再给他任何解释空间。,决绝、麻木,70,同事皆知她与阿力决裂，红绳断裂且未捡。,"[""阿力在城西银泰见了一个人，李晴提供了目击细节"",""阿力在演示方案上试图使用模拟数据"",""她从未真正相信过阿力的任何解释""]",,阿条通过争吵彻底释放，宣布决裂，情感转为冰冷决绝，红绳断裂象征终结。,2026-07-02T06:30:34.331+00:00,2026-07-02T06:30:34.331+00:00
cmr34l3dn0br5v16zdddtipzs,cmr34l3df0br3v16z0yhypjym,cmr23zj4y004uv16zh1dm72nm,接受决裂，不再试图解释或挽回。,愤怒、受挫,85,同事知他失控砸物，阿条知他全部谎言。,"[""阿条知道他在银泰的谎言"",""阿条从未相信他"",""李晴在银泰看到了他""]",,阿力谎言被戳穿后情绪失控，最终默然接受决裂。,2026-07-02T06:30:34.331+00:00,2026-07-02T06:30:34.331+00:00
cmr34uhv90btov16zd4bo9yea,cmr34uhv40btnv16zsw7onktd,cmr23zj4j004tv16zlc1ewt6u,维持公开陌生关系，独立完成心理切割,冷静、疏离、内心平静,30,同事仅知两人吵架，不知曾为恋人,"[""阿力在团建中完全回避，已失去所有直接沟通机会"",""同事私下议论两人吵架"",""红绳断裂象征终结"",""陈默聚会即将开始""]",,阿条通过无视阿力、丢弃信物、溪边自省，完成从'我们'到'我'的分离，情感抽离。,2026-07-02T06:37:53.013+00:00,2026-07-02T06:37:53.013+00:00
cmr34uhv90btpv16zq7rdcbsi,cmr34uhv40btnv16zsw7onktd,cmr23zj4y004uv16zh1dm72nm,接受决裂，沉默应对公开僵局,沉默、回避,50,同事知他与阿条吵架,"[""阿条在团建中彻底无视他"",""同事在议论两人关系""]",,阿力全程回避阿条，被王总警告工作，沉默接受公开僵局。,2026-07-02T06:37:53.013+00:00,2026-07-02T06:37:53.013+00:00
cmr35ayph0bxvv16z5bulc0pp,cmr35aypc0bxuv16zp7dbzfi5,cmr23zj4j004tv16zlc1ewt6u,从下周一开始公开切割，成为真正的陌生人,愤怒但克制，失望透顶,85,公开宣布与阿力决裂，不再隐藏情绪,"[""阿力有备用手机且拒绝展示"",""若若确实存在并与阿力有联系"",""阿力对城西银泰和加班调休撒谎""]","[""阿力曾有任何真诚的意愿""]",阿条完成从内心切割到公开决裂，主导对峙过程，情感爆发但保持克制，最终选择切断一切联系。,2026-07-02T06:50:41.333+00:00,2026-07-02T06:50:41.333+00:00
cmr35ayph0bxwv16z8i8p7gad,cmr35aypc0bxuv16zp7dbzfi5,cmr23zj4y004uv16zh1dm72nm,保持回避姿态，拒绝对峙与解释,防御、冷漠、可能内疚但不动摇,80,被逼问备用手机但仍拒绝暴露内容,"[""阿条已掌握城西银泰、若若等证据"",""阿条要求看手机被拒后彻底决裂""]","[""继续隐瞒可以维护某些东西""]",阿力面对证据仍拒绝解释，不追回、不挽留，沉默接受公开决裂。,2026-07-02T06:50:41.333+00:00,2026-07-02T06:50:41.333+00:00
cmr35numm0c0rv16zlgvzhykp,cmr35nume0c0qv16zavwu8h97,cmr23zj4j004tv16zlc1ewt6u,迫使阿力直面摊牌，彻底拆干净关系,冷静、坚定,45,读者知道她已删除所有数字痕迹；阿力不知道她已联系若若,"[""已删除所有与阿力的数字关联"",""陈默聚会时间地点"",""已向若若发出摊牌消息""]",,阿条从情绪崩溃中恢复，通过删除行为完成心理切割，积蓄摊牌决心。,2026-07-02T07:00:42.574+00:00,2026-07-02T07:00:42.574+00:00
cmr35numm0c0sv16zo7f4pp1g,cmr35nume0c0qv16zavwu8h97,cmr23zj4y004uv16zh1dm72nm,继续保持回避，但面临被摊牌的压力,未知,,读者不知道他的具体状态,,,阿力未在本章出现，但他的回避态度将被阿条的主动摊牌打破。,2026-07-02T07:00:42.574+00:00,2026-07-02T07:00:42.574+00:00
cmr35y9nv0c3nv16z2yj5fc87,cmr35y9no0c3mv16z6m7aivl0,cmr23zj4j004tv16zlc1ewt6u,与阿力彻底切割，独自面对若若见面。,失望、决绝、空落,75,读者知道她定下与若若见面，收起发夹，不戴手链。,"[""阿力不会给出解释。"",""若若明天三点见面。"",""她已对阿力宣告只维持同事关系。""]",,阿条当面摊牌，阿力回避，她彻底失望并宣告只维持同事关系，独自面对若若。,2026-07-02T07:08:48.619+00:00,2026-07-02T07:08:48.619+00:00
cmr35y9nv0c3ov16zrdvvncoy,cmr35y9no0c3mv16z6m7aivl0,cmr23zj4y004uv16zh1dm72nm,继续回避，维持现状。,焦虑但掩饰,65,读者不知道他内心真实想法，但他回避彻底。,"[""阿条不再追问。"",""阿条要求只在工位上交流。""]","[""阿条会接受平静的远离。""]",阿力被当面质问，以私事隐私搪塞，继续回避，未意识到阿条的决心。,2026-07-02T07:08:48.619+00:00,2026-07-02T07:08:48.619+00:00
cmr35y9nv0c3pv16zg1b00x80,cmr35y9no0c3mv16z6m7aivl0,cmr23zj58004wv16zpaestpwt,关心阿条，但未深入了解。,担忧,30,无,"[""阿条心情不好，手冷。""]","[""可能只是工作累。""]",李晴察觉阿条状态差，但未追问，保持观察。,2026-07-02T07:08:48.619+00:00,2026-07-02T07:08:48.619+00:00
cmr36aegy0c6tv16zbu8ztif5,cmr36aegt0c6sv16zguv4id1c,cmr23zj4j004tv16zlc1ewt6u,彻底切割，独自面对与若若的见面。,绝望、空洞,85,部分同事注意到她情绪异常离开，但秘密关系细节未公开。,"[""阿力承认撒谎且推卸责任"",""若若的消息证明阿力未删除记录""]",,阿条从希望阿力解释转为彻底放弃，收拾信物离开公司，信任完全粉碎。,2026-07-02T07:18:14.721+00:00,2026-07-02T07:18:14.721+00:00
cmr36aegy0c6uv16zqnqeyjfg,cmr36aegt0c6sv16zguv4id1c,cmr23zj4y004uv16zh1dm72nm,无力挽回，接受关系破裂。,焦躁、茫然,80,阿条已知其撒谎，但同事不知细节。,"[""阿条掌握他说谎的证据"",""若若联系了阿条并告知部分实情""]",,阿力被拆穿后推卸责任，失去挽回机会。,2026-07-02T07:18:14.721+00:00,2026-07-02T07:18:14.721+00:00
cmr36aegy0c6vv16zd4oy2ixl,cmr36aegt0c6sv16zguv4id1c,cmr23zj58004wv16zpaestpwt,关心阿条，试图了解情况。,担忧,60,未知秘密关系，但观察到异常。,"[""阿条红绳断了"",""阿条情绪很差""]",,李晴注意到阿条异常，但未能阻止其离开。,2026-07-02T07:18:14.721+00:00,2026-07-02T07:18:14.721+00:00
cmr36ggik0c9iv16zh0ulq7cr,cmr36ggif0c9hv16zzkjv2nfi,cmr23zj4j004tv16zlc1ewt6u,以冷漠和决心面对办公室同事，彻底切割与阿力的关系，公事公办。,空洞、麻木，但带着冷硬决心,55,读者知道她已完成所有切割动作，但阿力未知全部细节。,"[""自己已发送绝情短信并删除阿力联系方式"",""暗语系统已废弃"",""发夹已收起，不再需要伪装""]",,阿条通过发送短信、删除记录、收起信物等仪式完成心理切割，从崩溃中凝结出冷硬决心。,2026-07-02T07:22:57.308+00:00,2026-07-02T07:22:57.308+00:00
cmr8kfzk70d1xv16zwxeudcem,cmr8kfzjv0d1wv16z18hprr9b,cmr23zj4j004tv16zlc1ewt6u,以冷漠和决心面对办公室同事，彻底切割与阿力的关系，公事公办。,钝痛但强行克制,70,同事开始注意到她与阿力之间异常，但尚未知晓秘密关系。,"[""李晴怀疑红绳与阿力有关"",""小菲在试探她""]",,阿条坚定执行零交流，通过调整环境与回避动作维护距离，同事起疑。,2026-07-06T01:53:20.839+00:00,2026-07-06T01:53:20.839+00:00
cmr8kfzk70d1yv16zzzg7t6ll,cmr8kfzjv0d1wv16z18hprr9b,cmr23zj4y004uv16zh1dm72nm,无力挽回，接受关系破裂。,沉默回避,55,同事也注意到他异常沉默，但与阿条分开不明。,"[""阿条已明确断裂""]",,阿力全程被动回避，无主动接触，通过文件传递公事互动。,2026-07-06T01:53:20.839+00:00,2026-07-06T01:53:20.839+00:00
cmr8kfzk70d1zv16za54kauor,cmr8kfzjv0d1wv16z18hprr9b,cmr23zj58004wv16zpaestpwt,关心阿条，试图了解情况。,担忧且怀疑,45,她不知道秘密关系，但怀疑红绳与阿力有关。,"[""阿条红绳断了"",""阿条状态异常""]",,李晴从观察转向直接试探，发微信追问红绳原因，未被回应，决定暂不追问。,2026-07-06T01:53:20.839+00:00,2026-07-06T01:53:20.839+00:00
cmr8kfzk70d20v16zdj14k67g,cmr8kfzjv0d1wv16z18hprr9b,cmr23zj5u0052v16zbgy6zbi1,维持同事关系，但被阿条掌控局面。,好奇且探究,30,她不知道秘密，但看出阿条与阿力互动异常。,"[""阿条不戴红绳"",""阿条拒绝奶茶""]",,小菲通过红绳和奶茶试探阿条，被对方搪塞，与李晴交换眼神，疑心更重。,2026-07-06T01:53:20.839+00:00,2026-07-06T01:53:20.839+00:00
cmr8kkw7y0d4dv16zua12qgyl,cmr8kkw7m0d4cv16z5s67dhfm,cmr23zj4j004tv16zlc1ewt6u,不得已在团建中维持零交流，但深知回避即将失败。,焦虑、压抑、紧绷,85,读者感知到她内心焦虑顶点，但同事仍未察觉。,"[""团建安排与暴露风险"",""阿力在群内紧跟自己确认参加"",""阿力转动手链""]",,阿条收到团建通知后陷入焦虑，表面维持冷静，但明白回避策略已无意义，被迫面对即将到来的共处。,2026-07-06T01:57:09.790+00:00,2026-07-06T01:57:09.790+00:00
cmr8kkw7y0d4ev16zlr5nn1br,cmr8kkw7m0d4cv16z5s67dhfm,cmr23zj4y004uv16zh1dm72nm,不明，仅通过外部动作暗示其内心波动。,不明,70,读者根据阿条观察推测他也有焦虑，但真实想法未知。,,,阿力确认参加团建，在工位转动手链，可能焦虑，但内心活动未揭示。,2026-07-06T01:57:09.790+00:00,2026-07-06T01:57:09.790+00:00
cmr8ktubw0d6rv16zwj1bjt5w,cmr8ktubn0d6qv16zm30pynbs,cmr23zj4j004tv16zlc1ewt6u,以超量工作麻痹自己，接受纯粹工作关系，避免情感波动。,压抑、麻木，外表平静但内心隐痛,85,读者和李晴均知她与阿力仅走工作流程,"[""阿力采用便签和邮件完全取代直接交流"",""团建补充通知使回避几乎不可能"",""自己一整天未与阿力说话""]",,阿条从刻意回避转为被动接受制度化的冷漠，用工作填充所有空隙，但眼角泄露的疲惫和收存便签的行为暗示未彻底切割。,2026-07-06T02:04:07.244+00:00,2026-07-06T02:04:07.244+00:00
cmr8ktubw0d6sv16zuk00lh0a,cmr8ktubn0d6qv16zm30pynbs,cmr23zj4y004uv16zh1dm72nm,通过便签、邮件和委托王总进行工作交接，将两人互动彻底公务化，避免私人接触。,未知（外部行为冷静、规范）,70,读者和李晴观察到他的隔离行为,"[""他主动用便签取代所有口头交流"",""邮件和批注一律使用标准化职务称谓""]",,阿力主动构建制度化隔离屏障，行为滴水不漏，内心活动未揭示。,2026-07-06T02:04:07.244+00:00,2026-07-06T02:04:07.244+00:00
cmr8l12z00d9rv16z3m0t4vx0,cmr8l12yw0d9qv16z0tx8ms6j,cmr23zj4j004tv16zlc1ewt6u,完成移动端校准数据，准备团建，在制度内保持专业，不再寻求私人联系。,疲惫到决断，不再抱有幻想，但仍有一丝不安。,55,读者知道阿条已取消特别关注并清空聊天记录，但阿力和其他同事不知道。,"[""阿力已读微信但未回复，仅以邮件沟通并抄送王总。"",""阿力在会议和电梯中刻意回避。"",""团建分组改为自主组队，她已与李晴等人组队。""]",,阿条通过具体行动执行切割，决心在制度中生存，但红绳印痕暗示未完全放下。,2026-07-06T02:09:45.036+00:00,2026-07-06T02:09:45.036+00:00
cmr8l12z00d9sv16zkpurskn6,cmr8l12yw0d9qv16z0tx8ms6j,cmr23zj4y004uv16zh1dm72nm,维持公务化隔离，避免任何私人接触，专注于工作。,未揭示，行为体现疏远与回避。,50,读者知道阿力刻意回避，但不知道内心。,"[""阿条发来微信试探。"",""阿条在电梯中追问。"",""团建分组和住宿规则。""]",,阿力继续巩固制度性隔离，对阿条的任何试探均以公务回应，真实态度模糊。,2026-07-06T02:09:45.036+00:00,2026-07-06T02:09:45.036+00:00
cmr8l12z00d9tv16zpbpwmqmy,cmr8l12yw0d9qv16z0tx8ms6j,cmr23zj58004wv16zpaestpwt,关心阿条，了解情况，为团建组织队伍。,担忧但不过度追问。,40,读者知道李晴察觉到异常，但不知道深层原因。,"[""阿条状态不佳，化妆遮掩。"",""阿力在会议中从未看阿条。"",""团建分组自主，她组织的队伍包括阿条。""]",,李晴继续观察阿条，通过细节察觉异常，但未深入，默默支持。,2026-07-06T02:09:45.036+00:00,2026-07-06T02:09:45.036+00:00
cmr8lamu40dcfv16z4vk7ygae,cmr8lamty0dcev16zjzob7599,cmr23zj4j004tv16zlc1ewt6u,查证阿力是否先找退路，并在团建中以红裙试探阿力反应，获取关系答案。,冷静而聚焦，有悲伤但克制,70,读者知道她发现了手机搜索记录和小菲的谎言，读者知道她准备红裙试探。,,,阿条从被动切割转为主动查证和试探，准备在团建上实施最后的测试。,2026-07-06T02:17:10.683+00:00,2026-07-06T02:17:10.683+00:00
cmr8lamu40dcgv16zy308n372,cmr8lamty0dcev16zjzob7599,cmr23zj4y004uv16zh1dm72nm,在公务化隔离的同时，可能已开始寻找职业退路，但仍维持对阿条的回避。,未知（从阿条视角观察为冷漠）,50,读者通过陈默和搜索记录知道他在寻找跳槽机会，但阿条仅怀疑。,,,阿力继续回避，但读者得知他可能已经在寻找离开公司的机会。,2026-07-06T02:17:10.683+00:00,2026-07-06T02:17:10.683+00:00
cmr8lamu40dchv16zdj6y8ppn,cmr8lamty0dcev16zjzob7599,cmr23zj5u0052v16zbgy6zbi1,维持同事关系，但可能别有用心，试图掌控信息。,试探性，但被阿条察觉谎言。,30,阿条发现小菲对她撒谎。,,,小菲的谎言被阿条识破，她可能曾在协调会后偷听，更显可疑。,2026-07-06T02:17:10.683+00:00,2026-07-06T02:17:10.683+00:00
cmr8lamu40dciv16zcsvor7io,cmr8lamty0dcev16zjzob7599,cmr23zj5f004yv16ztyiw8inw,维护部门秩序，确保项目不受私人关系影响。,严肃、警惕,40,,,,王总登场，对阿条施加直接压力，暗示她注意言行。,2026-07-06T02:17:10.683+00:00,2026-07-06T02:17:10.683+00:00
cmr8lamu40dcjv16zv3pdq85o,cmr8lamty0dcev16zjzob7599,cmr23zj58004wv16zpaestpwt,支持阿条，传递关键信息。,担忧,30,,,,李晴向阿条提供了阿力和小菲加班的信息，进一步加深了对关系的关心。,2026-07-06T02:17:10.683+00:00,2026-07-06T02:17:10.683+00:00
cmr8ljtl50dfdv16z3brwic79,cmr8ljtl10dfcv16zselcftc2,cmr23zj4j004tv16zlc1ewt6u,在团建中以红裙试探阿力，获取关系答案，但已从被动转为主动主导。,克制冷硬、掌控感,45,读者知情她已准备好红裙和截图留档,"[""阿力曾询问上海招聘市场"",""手机上有招聘搜索记录"",""红裙已备好"",""聊天记录已留档""]",,阿条通过仪式化清理，情感上降温，以审判者姿态面对明天，内心冷静而决绝。,2026-07-06T02:24:19.337+00:00,2026-07-06T02:24:19.337+00:00
cmr8lt4hx0diov16z07f0eop7,cmr8lt4hp0dinv16ztw5fne9q,cmr23zj4j004tv16zlc1ewt6u,在失去李晴的陪伴下独自应对拼房不确定性，维持冷静表象,紧绷而不外露,80,读者始终知道红裙计划，其他角色不知,"[""阿力申请单人间并获批"",""自己房间206紧邻阿力房间205"",""行政可能随机安排其他部门同事拼房""]",,阿条将试探决心压制成外部克制，但拼房变量直接威胁安全距离，红裙仍作为潜在引爆点深藏。,2026-07-06T02:31:33.381+00:00,2026-07-06T02:31:33.381+00:00
