id,novelId,startOrder,endOrder,runMode,autoReview,autoRepair,skipCompleted,qualityThreshold,repairMode,status,progress,completedCount,totalCount,retryCount,maxRetries,pendingManualRecovery,heartbeatAt,currentStage,currentItemKey,currentItemLabel,cancelRequestedAt,error,lastErrorType,promptTokens,completionTokens,totalTokens,llmCallCount,lastTokenRecordedAt,payload,startedAt,finishedAt,createdAt,updatedAt
cmr25sbs2046kv16zrvyuw8vc,cmr23pgks000fv16zpwg1ms38,1,1,fast,1,1,1,75,light_repair,succeeded,0.999,1,1,1,1,0,,,,,,,,39258,22505,61763,7,2026-07-01T14:23:52.533+00:00,"{""provider"":""deepseek"",""model"":""deepseek-v4-pro"",""temperature"":0.7,""workflowTaskId"":""cmr22h99w0000v16zwanj1p5t"",""maxRetries"":1,""runMode"":""fast"",""autoReview"":true,""autoRepair"":true,""skipCompleted"":true,""qualityThreshold"":75,""repairMode"":""light_repair"",""artifactSyncMode"":""adaptive"",""controlPolicy"":{""kickoffMode"":""director_start"",""advanceMode"":""auto_to_execution"",""reviewCheckpoints"":[""chapter_batch""]}}",2026-07-01T14:16:25.267+00:00,2026-07-01T14:23:52.876+00:00,2026-07-01T14:16:25.250+00:00,2026-07-01T14:23:52.878+00:00
cmr261xej0497v16zwjf1pmff,cmr23pgks000fv16zpwg1ms38,2,2,fast,1,1,1,75,light_repair,succeeded,0.999,1,1,0,1,0,,,,,,,,35045,19370,54415,6,2026-07-01T14:30:00.358+00:00,"{""provider"":""deepseek"",""model"":""deepseek-v4-pro"",""temperature"":0.7,""workflowTaskId"":""cmr22h99w0000v16zwanj1p5t"",""maxRetries"":1,""runMode"":""fast"",""autoReview"":true,""autoRepair"":true,""skipCompleted"":true,""qualityThreshold"":75,""repairMode"":""light_repair"",""artifactSyncMode"":""adaptive"",""controlPolicy"":{""kickoffMode"":""director_start"",""advanceMode"":""auto_to_execution"",""reviewCheckpoints"":[""chapter_batch""]}}",2026-07-01T14:23:53.191+00:00,2026-07-01T14:30:00.594+00:00,2026-07-01T14:23:53.179+00:00,2026-07-01T14:30:00.595+00:00
cmr269tdt04c0v16zatpq2q2c,cmr23pgks000fv16zpwg1ms38,3,3,fast,1,1,1,75,light_repair,succeeded,0.999,1,1,0,1,0,,,,,,,,24653,16677,41330,4,2026-07-01T14:34:42.506+00:00,"{""provider"":""deepseek"",""model"":""deepseek-v4-pro"",""temperature"":0.7,""workflowTaskId"":""cmr22h99w0000v16zwanj1p5t"",""maxRetries"":1,""runMode"":""fast"",""autoReview"":true,""autoRepair"":true,""skipCompleted"":true,""qualityThreshold"":75,""repairMode"":""light_repair"",""artifactSyncMode"":""adaptive"",""controlPolicy"":{""kickoffMode"":""director_start"",""advanceMode"":""auto_to_execution"",""reviewCheckpoints"":[""chapter_batch""]}}",2026-07-01T14:30:01.226+00:00,2026-07-01T14:34:42.615+00:00,2026-07-01T14:30:01.217+00:00,2026-07-01T14:34:42.616+00:00
cmr26fv0604h7v16zpk3a3fay,cmr23pgks000fv16zpwg1ms38,4,4,fast,1,1,1,75,light_repair,succeeded,0.999,1,1,1,1,0,,,,,,,,52042,23561,75603,6,2026-07-01T14:42:26.319+00:00,"{""provider"":""deepseek"",""model"":""deepseek-v4-pro"",""temperature"":0.7,""workflowTaskId"":""cmr22h99w0000v16zwanj1p5t"",""maxRetries"":1,""runMode"":""fast"",""autoReview"":true,""autoRepair"":true,""skipCompleted"":true,""qualityThreshold"":75,""repairMode"":""light_repair"",""artifactSyncMode"":""adaptive"",""controlPolicy"":{""kickoffMode"":""director_start"",""advanceMode"":""auto_to_execution"",""reviewCheckpoints"":[""chapter_batch""]},""qualityAlertDetails"":[""第4章（coherence=85, repetition=88, engagement=82）""]}",2026-07-01T14:34:43.264+00:00,2026-07-01T14:42:26.530+00:00,2026-07-01T14:34:43.254+00:00,2026-07-01T14:42:26.530+00:00
cmr26ptjl04nkv16znlnw2w0b,cmr23pgks000fv16zpwg1ms38,5,5,fast,1,1,1,75,light_repair,succeeded,0.999,1,1,0,1,0,,,,,,,,34069,22021,56090,5,2026-07-01T14:49:00.835+00:00,"{""provider"":""deepseek"",""model"":""deepseek-v4-pro"",""temperature"":0.7,""workflowTaskId"":""cmr22h99w0000v16zwanj1p5t"",""maxRetries"":1,""runMode"":""fast"",""autoReview"":true,""autoRepair"":true,""skipCompleted"":true,""qualityThreshold"":75,""repairMode"":""light_repair"",""artifactSyncMode"":""adaptive"",""controlPolicy"":{""kickoffMode"":""director_start"",""advanceMode"":""auto_to_execution"",""reviewCheckpoints"":[""chapter_batch""]}}",2026-07-01T14:42:27.931+00:00,2026-07-01T14:49:01.101+00:00,2026-07-01T14:42:27.921+00:00,2026-07-01T14:49:01.102+00:00
cmr26y95704quv16zt7sgn72z,cmr23pgks000fv16zpwg1ms38,6,6,fast,1,1,1,75,light_repair,succeeded,0.999,1,1,0,1,0,,,,,,,,33046,24263,57309,5,2026-07-01T14:54:48.869+00:00,"{""provider"":""deepseek"",""model"":""deepseek-v4-pro"",""temperature"":0.7,""workflowTaskId"":""cmr22h99w0000v16zwanj1p5t"",""maxRetries"":1,""runMode"":""fast"",""autoReview"":true,""autoRepair"":true,""skipCompleted"":true,""qualityThreshold"":75,""repairMode"":""light_repair"",""artifactSyncMode"":""adaptive"",""controlPolicy"":{""kickoffMode"":""director_start"",""advanceMode"":""auto_to_execution"",""reviewCheckpoints"":[""chapter_batch""]},""qualityAlertDetails"":[""第6章（coherence=70, repetition=85, engagement=75）"",""第6章建议局部处理（影响章节=6,7,8；原因=高优先级审计问题未解决：陈默作为 required character appearance 未以任何形式出场，仅作为对话框静默存在。；正文未出现小菲 goal changed 的任何内容，而这是本章 must hit now 的核心推进点。。）""]}",2026-07-01T14:49:01.402+00:00,2026-07-01T14:54:49.083+00:00,2026-07-01T14:49:01.387+00:00,2026-07-01T14:54:49.084+00:00
cmr275q6g04uiv16zg289p2nk,cmr23pgks000fv16zpwg1ms38,7,7,fast,1,1,1,75,light_repair,succeeded,0.999,1,1,0,1,0,,,,,,,,35113,16976,52089,4,2026-07-01T15:00:14.497+00:00,"{""provider"":""deepseek"",""model"":""deepseek-v4-pro"",""temperature"":0.7,""workflowTaskId"":""cmr22h99w0000v16zwanj1p5t"",""maxRetries"":1,""runMode"":""fast"",""autoReview"":true,""autoRepair"":true,""skipCompleted"":true,""qualityThreshold"":75,""repairMode"":""light_repair"",""artifactSyncMode"":""adaptive"",""controlPolicy"":{""kickoffMode"":""director_start"",""advanceMode"":""auto_to_execution"",""reviewCheckpoints"":[""chapter_batch""]}}",2026-07-01T14:54:50.069+00:00,2026-07-01T15:00:14.783+00:00,2026-07-01T14:54:50.056+00:00,2026-07-01T15:00:14.784+00:00
cmr27covk04x0v16zaoxd4369,cmr23pgks000fv16zpwg1ms38,8,8,fast,1,1,1,75,light_repair,succeeded,0.999,1,1,0,1,0,,,,,,,,40583,22837,63420,6,2026-07-01T15:17:20.257+00:00,"{""provider"":""deepseek"",""model"":""deepseek-v4-pro"",""temperature"":0.7,""workflowTaskId"":""cmr22h99w0000v16zwanj1p5t"",""maxRetries"":1,""runMode"":""fast"",""autoReview"":true,""autoRepair"":true,""skipCompleted"":true,""qualityThreshold"":75,""repairMode"":""light_repair"",""artifactSyncMode"":""adaptive"",""controlPolicy"":{""kickoffMode"":""director_start"",""advanceMode"":""auto_to_execution"",""reviewCheckpoints"":[""chapter_batch""]},""qualityAlertDetails"":[""第8章（coherence=70, repetition=80, engagement=75）"",""第8章建议局部处理（影响章节=8,9,10；原因=高优先级审计问题未解决：多个必须推进项未兑现：plot/praise_event_missing、payoff/payoff_missing_progress、阿条的未来意识转折。；正文在陈默消息处截断，未出现深夜独处、预感未来等结尾钩子。。）""]}",2026-07-01T15:00:14.970+00:00,2026-07-01T15:17:20.607+00:00,2026-07-01T15:00:14.960+00:00,2026-07-01T15:17:20.608+00:00
cmr27yogx04zov16zphxk1p9j,cmr23pgks000fv16zpwg1ms38,9,9,fast,1,1,1,75,light_repair,succeeded,0.999,1,1,0,1,0,,,,,,,,35645,20192,55837,5,2026-07-01T15:22:32.448+00:00,"{""provider"":""deepseek"",""model"":""deepseek-v4-pro"",""temperature"":0.7,""workflowTaskId"":""cmr22h99w0000v16zwanj1p5t"",""maxRetries"":1,""runMode"":""fast"",""autoReview"":true,""autoRepair"":true,""skipCompleted"":true,""qualityThreshold"":75,""repairMode"":""light_repair"",""artifactSyncMode"":""adaptive"",""controlPolicy"":{""kickoffMode"":""director_start"",""advanceMode"":""auto_to_execution"",""reviewCheckpoints"":[""chapter_batch""]}}",2026-07-01T15:17:20.883+00:00,2026-07-01T15:22:32.692+00:00,2026-07-01T15:17:20.865+00:00,2026-07-01T15:22:32.692+00:00
cmr285d8o052ov16zy3ls6jcd,cmr23pgks000fv16zpwg1ms38,10,10,fast,1,1,1,75,light_repair,succeeded,0.999,1,1,1,1,0,,,,,,,,55663,20462,76125,7,2026-07-01T15:28:20.001+00:00,"{""provider"":""deepseek"",""model"":""deepseek-v4-pro"",""temperature"":0.7,""workflowTaskId"":""cmr22h99w0000v16zwanj1p5t"",""maxRetries"":1,""runMode"":""fast"",""autoReview"":true,""autoRepair"":true,""skipCompleted"":true,""qualityThreshold"":75,""repairMode"":""light_repair"",""artifactSyncMode"":""adaptive"",""controlPolicy"":{""kickoffMode"":""director_start"",""advanceMode"":""auto_to_execution"",""reviewCheckpoints"":[""chapter_batch""]}}",2026-07-01T15:22:32.914+00:00,2026-07-01T15:28:20.331+00:00,2026-07-01T15:22:32.904+00:00,2026-07-01T15:28:20.332+00:00
cmr30lv2g0ak6v16zm71ztu78,cmr23pgks000fv16zpwg1ms38,11,11,fast,1,1,1,75,light_repair,succeeded,0.999,1,1,1,1,0,,,,,,,,58196,26478,84674,6,2026-07-02T04:45:31.489+00:00,"{""provider"":""deepseek"",""model"":""deepseek-v4-pro"",""temperature"":0.7,""workflowTaskId"":""cmr2y4off05chv16z9k5ip0ij"",""maxRetries"":1,""runMode"":""fast"",""autoReview"":true,""autoRepair"":true,""skipCompleted"":true,""qualityThreshold"":75,""repairMode"":""light_repair"",""artifactSyncMode"":""adaptive"",""controlPolicy"":{""kickoffMode"":""director_start"",""advanceMode"":""auto_to_execution"",""reviewCheckpoints"":[""chapter_batch""]}}",2026-07-02T04:39:11.762+00:00,2026-07-02T04:45:31.765+00:00,2026-07-02T04:39:11.752+00:00,2026-07-02T04:45:31.766+00:00
cmr30u1e20an5v16zxpjty6wr,cmr23pgks000fv16zpwg1ms38,12,12,fast,1,1,1,75,light_repair,succeeded,0.999,1,1,1,1,0,,,,,,,,70770,37035,107805,8,2026-07-02T04:54:01.131+00:00,"{""provider"":""deepseek"",""model"":""deepseek-v4-pro"",""temperature"":0.7,""workflowTaskId"":""cmr2y4off05chv16z9k5ip0ij"",""maxRetries"":1,""runMode"":""fast"",""autoReview"":true,""autoRepair"":true,""skipCompleted"":true,""qualityThreshold"":75,""repairMode"":""light_repair"",""artifactSyncMode"":""adaptive"",""controlPolicy"":{""kickoffMode"":""director_start"",""advanceMode"":""auto_to_execution"",""reviewCheckpoints"":[""chapter_batch""]},""qualityAlertDetails"":[""第12章（coherence=85, repetition=90, engagement=83）""]}",2026-07-02T04:45:33.207+00:00,2026-07-02T04:54:01.395+00:00,2026-07-02T04:45:33.194+00:00,2026-07-02T04:54:01.396+00:00
cmr314xv80aqrv16zqetrq01j,cmr23pgks000fv16zpwg1ms38,13,13,fast,1,1,1,75,light_repair,succeeded,0.999,1,1,1,1,0,,,,,,,,59724,22788,82512,6,2026-07-02T05:00:09.140+00:00,"{""provider"":""deepseek"",""model"":""deepseek-v4-pro"",""temperature"":0.7,""workflowTaskId"":""cmr2y4off05chv16z9k5ip0ij"",""maxRetries"":1,""runMode"":""fast"",""autoReview"":true,""autoRepair"":true,""skipCompleted"":true,""qualityThreshold"":75,""repairMode"":""light_repair"",""artifactSyncMode"":""adaptive"",""controlPolicy"":{""kickoffMode"":""director_start"",""advanceMode"":""auto_to_execution"",""reviewCheckpoints"":[""chapter_batch""]},""qualityAlertDetails"":[""第13章（coherence=85, repetition=82, engagement=83）""]}",2026-07-02T04:54:01.885+00:00,2026-07-02T05:00:09.442+00:00,2026-07-02T04:54:01.844+00:00,2026-07-02T05:00:09.443+00:00
cmr31cumm0attv16z7wgznjbj,cmr23pgks000fv16zpwg1ms38,14,14,fast,1,1,1,75,light_repair,succeeded,0.999,1,1,1,1,0,,,,,,,,65651,27907,93558,7,2026-07-02T05:07:25.208+00:00,"{""provider"":""deepseek"",""model"":""deepseek-v4-pro"",""temperature"":0.7,""workflowTaskId"":""cmr2y4off05chv16z9k5ip0ij"",""maxRetries"":1,""runMode"":""fast"",""autoReview"":true,""autoRepair"":true,""skipCompleted"":true,""qualityThreshold"":75,""repairMode"":""light_repair"",""artifactSyncMode"":""adaptive"",""controlPolicy"":{""kickoffMode"":""director_start"",""advanceMode"":""auto_to_execution"",""reviewCheckpoints"":[""chapter_batch""]},""qualityAlertDetails"":[""第14章（coherence=83, repetition=85, engagement=82）"",""第14章建议局部处理（影响章节=14,15,16；原因=高优先级审计问题未解决：李晴仅延续关心，未达成本章要求的‘goal changed’（如从旁观转为主动介入）。；阿力全程未展现目标变化，仍停留在回避模式，未体现本章应有的内在转折。。）""]}",2026-07-02T05:00:10.903+00:00,2026-07-02T05:07:25.471+00:00,2026-07-02T05:00:10.894+00:00,2026-07-02T05:07:25.472+00:00
cmr31m6wj0awhv16zbewyubut,cmr23pgks000fv16zpwg1ms38,15,15,fast,1,1,1,75,light_repair,succeeded,0.999,1,1,0,1,0,,,,,,,,39554,25921,65475,6,2026-07-02T05:13:47.912+00:00,"{""provider"":""deepseek"",""model"":""deepseek-v4-pro"",""temperature"":0.7,""workflowTaskId"":""cmr2y4off05chv16z9k5ip0ij"",""maxRetries"":1,""runMode"":""fast"",""autoReview"":true,""autoRepair"":true,""skipCompleted"":true,""qualityThreshold"":75,""repairMode"":""light_repair"",""artifactSyncMode"":""adaptive"",""controlPolicy"":{""kickoffMode"":""director_start"",""advanceMode"":""auto_to_execution"",""reviewCheckpoints"":[""chapter_batch""]}}",2026-07-02T05:07:26.717+00:00,2026-07-02T05:13:48.103+00:00,2026-07-02T05:07:26.707+00:00,2026-07-02T05:13:48.104+00:00
cmr31udg30azov16zy6muc3w8,cmr23pgks000fv16zpwg1ms38,16,16,fast,1,1,1,75,light_repair,succeeded,0.999,1,1,0,1,0,,,,,,,,35253,17185,52438,5,2026-07-02T05:18:35.243+00:00,"{""provider"":""deepseek"",""model"":""deepseek-v4-pro"",""temperature"":0.7,""workflowTaskId"":""cmr2y4off05chv16z9k5ip0ij"",""maxRetries"":1,""runMode"":""fast"",""autoReview"":true,""autoRepair"":true,""skipCompleted"":true,""qualityThreshold"":75,""repairMode"":""light_repair"",""artifactSyncMode"":""adaptive"",""controlPolicy"":{""kickoffMode"":""director_start"",""advanceMode"":""auto_to_execution"",""reviewCheckpoints"":[""chapter_batch""]}}",2026-07-02T05:13:48.446+00:00,2026-07-02T05:18:35.507+00:00,2026-07-02T05:13:48.435+00:00,2026-07-02T05:18:35.508+00:00
cmr320jpi0b27v16zki7n7436,cmr23pgks000fv16zpwg1ms38,17,17,fast,1,1,1,75,light_repair,succeeded,0.999,1,1,0,1,0,,,,,,,,33718,14482,48200,5,2026-07-02T05:23:46.332+00:00,"{""provider"":""deepseek"",""model"":""deepseek-v4-pro"",""temperature"":0.7,""workflowTaskId"":""cmr2y4off05chv16z9k5ip0ij"",""maxRetries"":1,""runMode"":""fast"",""autoReview"":true,""autoRepair"":true,""skipCompleted"":true,""qualityThreshold"":75,""repairMode"":""light_repair"",""artifactSyncMode"":""adaptive"",""controlPolicy"":{""kickoffMode"":""director_start"",""advanceMode"":""auto_to_execution"",""reviewCheckpoints"":[""chapter_batch""]}}",2026-07-02T05:18:36.496+00:00,2026-07-02T05:23:46.513+00:00,2026-07-02T05:18:36.486+00:00,2026-07-02T05:23:46.514+00:00
cmr3277wq0b4bv16zjgt6mhxo,cmr23pgks000fv16zpwg1ms38,18,18,fast,1,1,1,75,light_repair,succeeded,0.999,1,1,0,1,0,,,,,,,,46430,24495,70925,8,2026-07-02T05:32:16.634+00:00,"{""provider"":""deepseek"",""model"":""deepseek-v4-pro"",""temperature"":0.7,""workflowTaskId"":""cmr2y4off05chv16z9k5ip0ij"",""maxRetries"":1,""runMode"":""fast"",""autoReview"":true,""autoRepair"":true,""skipCompleted"":true,""qualityThreshold"":75,""repairMode"":""light_repair"",""artifactSyncMode"":""adaptive"",""controlPolicy"":{""kickoffMode"":""director_start"",""advanceMode"":""auto_to_execution"",""reviewCheckpoints"":[""chapter_batch""]}}",2026-07-02T05:23:47.794+00:00,2026-07-02T05:32:16.895+00:00,2026-07-02T05:23:47.786+00:00,2026-07-02T05:32:16.896+00:00
cmr32i51y0b6tv16zf2p6tdgl,cmr23pgks000fv16zpwg1ms38,19,19,fast,1,1,1,75,light_repair,succeeded,0.999,1,1,1,1,0,,,,,,,,62867,20343,83210,7,2026-07-02T05:39:51.761+00:00,"{""provider"":""deepseek"",""model"":""deepseek-v4-pro"",""temperature"":0.7,""workflowTaskId"":""cmr2y4off05chv16z9k5ip0ij"",""maxRetries"":1,""runMode"":""fast"",""autoReview"":true,""autoRepair"":true,""skipCompleted"":true,""qualityThreshold"":75,""repairMode"":""light_repair"",""artifactSyncMode"":""adaptive"",""controlPolicy"":{""kickoffMode"":""director_start"",""advanceMode"":""auto_to_execution"",""reviewCheckpoints"":[""chapter_batch""]}}",2026-07-02T05:32:17.311+00:00,2026-07-02T05:39:52.102+00:00,2026-07-02T05:32:17.302+00:00,2026-07-02T05:39:52.103+00:00
cmr32rwkk0b9ev16zs0iws5xe,cmr23pgks000fv16zpwg1ms38,20,20,fast,1,1,1,75,light_repair,succeeded,0.999,1,1,0,1,0,,,,,,,,38573,19557,58130,4,2026-07-02T05:47:17.124+00:00,"{""provider"":""deepseek"",""model"":""deepseek-v4-pro"",""temperature"":0.7,""workflowTaskId"":""cmr2y4off05chv16z9k5ip0ij"",""maxRetries"":1,""runMode"":""fast"",""autoReview"":true,""autoRepair"":true,""skipCompleted"":true,""qualityThreshold"":75,""repairMode"":""light_repair"",""artifactSyncMode"":""adaptive"",""controlPolicy"":{""kickoffMode"":""director_start"",""advanceMode"":""auto_to_execution"",""reviewCheckpoints"":[""chapter_batch""]}}",2026-07-02T05:39:52.877+00:00,2026-07-02T05:47:17.381+00:00,2026-07-02T05:39:52.868+00:00,2026-07-02T05:47:17.381+00:00
cmr331g4q0bbzv16z869gqpq9,cmr23pgks000fv16zpwg1ms38,21,21,fast,1,1,1,75,light_repair,succeeded,0.999,1,1,1,1,0,,,,,,,,65428,31969,97397,7,2026-07-02T05:54:59.834+00:00,"{""provider"":""deepseek"",""model"":""deepseek-v4-pro"",""temperature"":0.7,""workflowTaskId"":""cmr2y4off05chv16z9k5ip0ij"",""maxRetries"":1,""runMode"":""fast"",""autoReview"":true,""autoRepair"":true,""skipCompleted"":true,""qualityThreshold"":75,""repairMode"":""light_repair"",""artifactSyncMode"":""adaptive"",""controlPolicy"":{""kickoffMode"":""director_start"",""advanceMode"":""auto_to_execution"",""reviewCheckpoints"":[""chapter_batch""]},""qualityAlertDetails"":[""第21章（coherence=80, repetition=90, engagement=75）""]}",2026-07-02T05:47:18.131+00:00,2026-07-02T05:55:00.091+00:00,2026-07-02T05:47:18.122+00:00,2026-07-02T05:55:00.092+00:00
cmr33bcy80bezv16zoxxm3737,cmr23pgks000fv16zpwg1ms38,22,22,fast,1,1,1,75,light_repair,succeeded,0.999,1,1,1,1,0,,,,,,,,66773,24804,91577,7,2026-07-02T06:03:02.694+00:00,"{""provider"":""deepseek"",""model"":""deepseek-v4-pro"",""temperature"":0.7,""workflowTaskId"":""cmr2y4off05chv16z9k5ip0ij"",""maxRetries"":1,""runMode"":""fast"",""autoReview"":true,""autoRepair"":true,""skipCompleted"":true,""qualityThreshold"":75,""repairMode"":""light_repair"",""artifactSyncMode"":""adaptive"",""controlPolicy"":{""kickoffMode"":""director_start"",""advanceMode"":""auto_to_execution"",""reviewCheckpoints"":[""chapter_batch""]}}",2026-07-02T05:55:00.569+00:00,2026-07-02T06:03:02.987+00:00,2026-07-02T05:55:00.560+00:00,2026-07-02T06:03:02.987+00:00
cmr33lpfz0bhnv16z2bcqdr31,cmr23pgks000fv16zpwg1ms38,23,23,fast,1,1,1,75,light_repair,succeeded,0.999,1,1,0,1,0,,,,,,,,35787,19224,55011,5,2026-07-02T06:09:32.499+00:00,"{""provider"":""deepseek"",""model"":""deepseek-v4-pro"",""temperature"":0.7,""workflowTaskId"":""cmr2y4off05chv16z9k5ip0ij"",""maxRetries"":1,""runMode"":""fast"",""autoReview"":true,""autoRepair"":true,""skipCompleted"":true,""qualityThreshold"":75,""repairMode"":""light_repair"",""artifactSyncMode"":""adaptive"",""controlPolicy"":{""kickoffMode"":""director_start"",""advanceMode"":""auto_to_execution"",""reviewCheckpoints"":[""chapter_batch""]}}",2026-07-02T06:03:03.320+00:00,2026-07-02T06:09:32.895+00:00,2026-07-02T06:03:03.311+00:00,2026-07-02T06:09:32.896+00:00
cmr33u2ve0bk8v16zuzj0j0rl,cmr23pgks000fv16zpwg1ms38,24,24,fast,1,1,1,75,light_repair,succeeded,0.999,1,1,1,1,0,,,,,,,,67497,22556,90053,7,2026-07-02T06:17:30.250+00:00,"{""provider"":""deepseek"",""model"":""deepseek-v4-pro"",""temperature"":0.7,""workflowTaskId"":""cmr2y4off05chv16z9k5ip0ij"",""maxRetries"":1,""runMode"":""fast"",""autoReview"":true,""autoRepair"":true,""skipCompleted"":true,""qualityThreshold"":75,""repairMode"":""light_repair"",""artifactSyncMode"":""adaptive"",""controlPolicy"":{""kickoffMode"":""director_start"",""advanceMode"":""auto_to_execution"",""reviewCheckpoints"":[""chapter_batch""]},""qualityAlertDetails"":[""第24章（coherence=88, repetition=90, engagement=80）""]}",2026-07-02T06:09:33.971+00:00,2026-07-02T06:17:30.408+00:00,2026-07-02T06:09:33.962+00:00,2026-07-02T06:17:30.409+00:00
cmr344bhr0bmov16z32uss743,cmr23pgks000fv16zpwg1ms38,25,25,fast,1,1,1,75,light_repair,succeeded,0.999,1,1,0,1,0,,,,,,,,34206,16231,50437,5,2026-07-02T06:23:34.623+00:00,"{""provider"":""deepseek"",""model"":""deepseek-v4-pro"",""temperature"":0.7,""workflowTaskId"":""cmr2y4off05chv16z9k5ip0ij"",""maxRetries"":1,""runMode"":""fast"",""autoReview"":true,""autoRepair"":true,""skipCompleted"":true,""qualityThreshold"":75,""repairMode"":""light_repair"",""artifactSyncMode"":""adaptive"",""controlPolicy"":{""kickoffMode"":""director_start"",""advanceMode"":""auto_to_execution"",""reviewCheckpoints"":[""chapter_batch""]}}",2026-07-02T06:17:31.705+00:00,2026-07-02T06:23:34.915+00:00,2026-07-02T06:17:31.695+00:00,2026-07-02T06:23:34.918+00:00
cmr34c4950bpcv16zinsq630a,cmr23pgks000fv16zpwg1ms38,26,26,fast,1,1,1,75,light_repair,succeeded,0.999,1,1,0,1,0,,,,,,,,36367,17794,54161,5,2026-07-02T06:30:34.246+00:00,"{""provider"":""deepseek"",""model"":""deepseek-v4-pro"",""temperature"":0.7,""workflowTaskId"":""cmr2y4off05chv16z9k5ip0ij"",""maxRetries"":1,""runMode"":""fast"",""autoReview"":true,""autoRepair"":true,""skipCompleted"":true,""qualityThreshold"":75,""repairMode"":""light_repair"",""artifactSyncMode"":""adaptive"",""controlPolicy"":{""kickoffMode"":""director_start"",""advanceMode"":""auto_to_execution"",""reviewCheckpoints"":[""chapter_batch""]}}",2026-07-02T06:23:35.572+00:00,2026-07-02T06:30:34.542+00:00,2026-07-02T06:23:35.561+00:00,2026-07-02T06:30:34.543+00:00
cmr34l4940bruv16zb6g7couv,cmr23pgks000fv16zpwg1ms38,27,27,fast,1,1,1,75,light_repair,succeeded,0.999,1,1,0,1,0,,,,,,,,44330,22264,66594,5,2026-07-02T06:38:08.824+00:00,"{""provider"":""deepseek"",""model"":""deepseek-v4-pro"",""temperature"":0.7,""workflowTaskId"":""cmr2y4off05chv16z9k5ip0ij"",""maxRetries"":1,""runMode"":""fast"",""autoReview"":true,""autoRepair"":true,""skipCompleted"":true,""qualityThreshold"":75,""repairMode"":""light_repair"",""artifactSyncMode"":""adaptive"",""controlPolicy"":{""kickoffMode"":""director_start"",""advanceMode"":""auto_to_execution"",""reviewCheckpoints"":[""chapter_batch""]}}",2026-07-02T06:30:35.473+00:00,2026-07-02T06:38:09.010+00:00,2026-07-02T06:30:35.464+00:00,2026-07-02T06:38:09.011+00:00
cmr34uuyi0busv16z4p12y894,cmr23pgks000fv16zpwg1ms38,28,28,fast,1,1,1,75,light_repair,succeeded,0.999,1,1,0,1,0,,,,,,,,48910,21032,69942,7,2026-07-02T06:44:54.246+00:00,"{""provider"":""deepseek"",""model"":""deepseek-v4-pro"",""temperature"":0.7,""workflowTaskId"":""cmr2y4off05chv16z9k5ip0ij"",""maxRetries"":1,""runMode"":""fast"",""autoReview"":true,""autoRepair"":true,""skipCompleted"":true,""qualityThreshold"":75,""repairMode"":""light_repair"",""artifactSyncMode"":""adaptive"",""controlPolicy"":{""kickoffMode"":""director_start"",""advanceMode"":""auto_to_execution"",""reviewCheckpoints"":[""chapter_batch""]},""qualityAlertDetails"":[""第28章（coherence=70, repetition=85, engagement=72）"",""第28章建议局部处理（影响章节=28,29,30；原因=高优先级审计问题未解决：规定必须出场的李晴、小菲、王总全未出现，仅陈默和阿条在场。；整章场景为陈默私人聚会，阿力仅通过消息出现，未发生任何公开示好被拒事件，同事（李晴、小菲、王总）全未出场，冲突未升级至公开僵持。。）""]}",2026-07-02T06:38:09.987+00:00,2026-07-02T06:44:54.314+00:00,2026-07-02T06:38:09.978+00:00,2026-07-02T06:44:54.315+00:00
cmr353k3b0bw6v16zql2kismk,cmr23pgks000fv16zpwg1ms38,29,29,fast,1,1,1,75,light_repair,succeeded,0.999,1,1,0,1,0,,,,,,,,38382,16711,55093,5,2026-07-02T06:50:41.269+00:00,"{""provider"":""deepseek"",""model"":""deepseek-v4-pro"",""temperature"":0.7,""workflowTaskId"":""cmr2y4off05chv16z9k5ip0ij"",""maxRetries"":1,""runMode"":""fast"",""autoReview"":true,""autoRepair"":true,""skipCompleted"":true,""qualityThreshold"":75,""repairMode"":""light_repair"",""artifactSyncMode"":""adaptive"",""controlPolicy"":{""kickoffMode"":""director_start"",""advanceMode"":""auto_to_execution"",""reviewCheckpoints"":[""chapter_batch""]}}",2026-07-02T06:44:55.808+00:00,2026-07-02T06:50:41.539+00:00,2026-07-02T06:44:55.799+00:00,2026-07-02T06:50:41.540+00:00
cmr35azr70bysv16z3nrk8qg4,cmr23pgks000fv16zpwg1ms38,30,30,fast,1,1,1,75,light_repair,succeeded,0.999,1,1,1,1,0,,,,,,,,72584,30489,103073,9,2026-07-02T07:00:59.150+00:00,"{""provider"":""deepseek"",""model"":""deepseek-v4-pro"",""temperature"":0.7,""workflowTaskId"":""cmr2y4off05chv16z9k5ip0ij"",""maxRetries"":1,""runMode"":""fast"",""autoReview"":true,""autoRepair"":true,""skipCompleted"":true,""qualityThreshold"":75,""repairMode"":""light_repair"",""artifactSyncMode"":""adaptive"",""controlPolicy"":{""kickoffMode"":""director_start"",""advanceMode"":""auto_to_execution"",""reviewCheckpoints"":[""chapter_batch""]}}",2026-07-02T06:50:42.700+00:00,2026-07-02T07:00:59.411+00:00,2026-07-02T06:50:42.691+00:00,2026-07-02T07:00:59.413+00:00
cmr35o8av0c1uv16zg3jan6pw,cmr23pgks000fv16zpwg1ms38,31,31,fast,1,1,1,75,light_repair,succeeded,0.999,1,1,1,1,0,,,,,,,,71251,22682,93933,7,2026-07-02T07:08:48.554+00:00,"{""provider"":""deepseek"",""model"":""deepseek-v4-pro"",""temperature"":0.7,""workflowTaskId"":""cmr2y4off05chv16z9k5ip0ij"",""maxRetries"":1,""runMode"":""fast"",""autoReview"":true,""autoRepair"":true,""skipCompleted"":true,""qualityThreshold"":75,""repairMode"":""light_repair"",""artifactSyncMode"":""adaptive"",""controlPolicy"":{""kickoffMode"":""director_start"",""advanceMode"":""auto_to_execution"",""reviewCheckpoints"":[""chapter_batch""]}}",2026-07-02T07:01:00.306+00:00,2026-07-02T07:08:48.906+00:00,2026-07-02T07:01:00.295+00:00,2026-07-02T07:08:48.907+00:00
cmr35yao90c4vv16z4e4t9eci,cmr23pgks000fv16zpwg1ms38,32,32,fast,1,1,1,75,light_repair,succeeded,0.999,1,1,1,1,0,,,,,,,,66128,28323,94451,6,2026-07-02T07:18:14.645+00:00,"{""provider"":""deepseek"",""model"":""deepseek-v4-pro"",""temperature"":0.7,""workflowTaskId"":""cmr2y4off05chv16z9k5ip0ij"",""maxRetries"":1,""runMode"":""fast"",""autoReview"":true,""autoRepair"":true,""skipCompleted"":true,""qualityThreshold"":75,""repairMode"":""light_repair"",""artifactSyncMode"":""adaptive"",""controlPolicy"":{""kickoffMode"":""director_start"",""advanceMode"":""auto_to_execution"",""reviewCheckpoints"":[""chapter_batch""]},""qualityAlertDetails"":[""第32章（coherence=85, repetition=90, engagement=83）""]}",2026-07-02T07:08:49.938+00:00,2026-07-02T07:18:14.973+00:00,2026-07-02T07:08:49.929+00:00,2026-07-02T07:18:14.974+00:00
cmr36aeys0c84v16zupjb8s2k,cmr23pgks000fv16zpwg1ms38,33,33,fast,1,1,1,75,light_repair,succeeded,0.999,1,1,0,1,0,,,,,,,,41434,14414,55848,5,2026-07-02T07:23:09.662+00:00,"{""provider"":""deepseek"",""model"":""deepseek-v4-pro"",""temperature"":0.7,""workflowTaskId"":""cmr2y4off05chv16z9k5ip0ij"",""maxRetries"":1,""runMode"":""fast"",""autoReview"":true,""autoRepair"":true,""skipCompleted"":true,""qualityThreshold"":75,""repairMode"":""light_repair"",""artifactSyncMode"":""adaptive"",""controlPolicy"":{""kickoffMode"":""director_start"",""advanceMode"":""auto_to_execution"",""reviewCheckpoints"":[""chapter_batch""]},""qualityAlertDetails"":[""第33章（coherence=88, repetition=90, engagement=85）""],""replanAlertDetails"":[""第33章需要重规划（影响章节=33,34,35；原因=核心仪式段落质量高，达到了情感转折的写作目标；角色出场与目标变化义务因封闭空间设定无法执行，属于计划层面冲突，不应在本章强行修补，可推迟至后续章节。）""]}",2026-07-02T07:18:15.376+00:00,2026-07-02T07:23:09.910+00:00,2026-07-02T07:18:15.364+00:00,2026-07-02T07:23:09.911+00:00
cmr8k7n5h0d01v16zoimvetle,cmr23pgks000fv16zpwg1ms38,34,34,fast,1,1,1,75,light_repair,succeeded,0.999,1,1,1,1,0,,,,,,,,65050,19085,84135,7,2026-07-06T01:53:20.747+00:00,"{""provider"":""deepseek"",""model"":""deepseek-v4-pro"",""temperature"":0.7,""workflowTaskId"":""cmr8k7gfc0cbhv16znv7f5t5y"",""maxRetries"":1,""runMode"":""fast"",""autoReview"":true,""autoRepair"":true,""skipCompleted"":true,""qualityThreshold"":75,""repairMode"":""light_repair"",""artifactSyncMode"":""adaptive"",""controlPolicy"":{""kickoffMode"":""director_start"",""advanceMode"":""auto_to_execution"",""reviewCheckpoints"":[""chapter_batch""]}}",2026-07-06T01:46:51.524+00:00,2026-07-06T01:53:21.041+00:00,2026-07-06T01:46:51.509+00:00,2026-07-06T01:53:21.042+00:00
cmr8kfzyx0d2lv16zt4t8ajdr,cmr23pgks000fv16zpwg1ms38,35,35,fast,1,1,1,75,light_repair,succeeded,0.999,1,1,0,1,0,,,,,,,,37603,11071,48674,5,2026-07-06T01:57:09.674+00:00,"{""provider"":""deepseek"",""model"":""deepseek-v4-pro"",""temperature"":0.7,""workflowTaskId"":""cmr8k7gfc0cbhv16znv7f5t5y"",""maxRetries"":1,""runMode"":""fast"",""autoReview"":true,""autoRepair"":true,""skipCompleted"":true,""qualityThreshold"":75,""repairMode"":""light_repair"",""artifactSyncMode"":""adaptive"",""controlPolicy"":{""kickoffMode"":""director_start"",""advanceMode"":""auto_to_execution"",""reviewCheckpoints"":[""chapter_batch""]}}",2026-07-06T01:53:21.381+00:00,2026-07-06T01:57:09.952+00:00,2026-07-06T01:53:21.369+00:00,2026-07-06T01:57:09.953+00:00
cmr8kkxj90d4xv16z5b41k3ww,cmr23pgks000fv16zpwg1ms38,36,36,fast,1,1,1,75,light_repair,succeeded,0.999,1,1,1,1,0,,,,,,,,77308,26140,103448,9,2026-07-06T02:04:26.558+00:00,"{""provider"":""deepseek"",""model"":""deepseek-v4-pro"",""temperature"":0.7,""workflowTaskId"":""cmr8k7gfc0cbhv16znv7f5t5y"",""maxRetries"":1,""runMode"":""fast"",""autoReview"":true,""autoRepair"":true,""skipCompleted"":true,""qualityThreshold"":75,""repairMode"":""light_repair"",""artifactSyncMode"":""adaptive"",""controlPolicy"":{""kickoffMode"":""director_start"",""advanceMode"":""auto_to_execution"",""reviewCheckpoints"":[""chapter_batch""]}}",2026-07-06T01:57:11.504+00:00,2026-07-06T02:04:26.919+00:00,2026-07-06T01:57:11.493+00:00,2026-07-06T02:04:26.920+00:00
cmr8ku9uw0d7wv16zhvy0t603,cmr23pgks000fv16zpwg1ms38,37,37,fast,1,1,1,75,light_repair,succeeded,0.999,1,1,0,1,0,,,,,,,,40744,15138,55882,5,2026-07-06T02:09:44.973+00:00,"{""provider"":""deepseek"",""model"":""deepseek-v4-pro"",""temperature"":0.7,""workflowTaskId"":""cmr8k7gfc0cbhv16znv7f5t5y"",""maxRetries"":1,""runMode"":""fast"",""autoReview"":true,""autoRepair"":true,""skipCompleted"":true,""qualityThreshold"":75,""repairMode"":""light_repair"",""artifactSyncMode"":""adaptive"",""controlPolicy"":{""kickoffMode"":""director_start"",""advanceMode"":""auto_to_execution"",""reviewCheckpoints"":[""chapter_batch""]}}",2026-07-06T02:04:27.380+00:00,2026-07-06T02:09:45.283+00:00,2026-07-06T02:04:27.368+00:00,2026-07-06T02:09:45.284+00:00
cmr8l13pq0dakv16zv9qwudw2,cmr23pgks000fv16zpwg1ms38,38,38,fast,1,1,1,75,light_repair,succeeded,0.999,1,1,1,1,0,,,,,,,,72035,28323,100358,7,2026-07-06T02:17:10.611+00:00,"{""provider"":""deepseek"",""model"":""deepseek-v4-pro"",""temperature"":0.7,""workflowTaskId"":""cmr8k7gfc0cbhv16znv7f5t5y"",""maxRetries"":1,""runMode"":""fast"",""autoReview"":true,""autoRepair"":true,""skipCompleted"":true,""qualityThreshold"":75,""repairMode"":""light_repair"",""artifactSyncMode"":""adaptive"",""controlPolicy"":{""kickoffMode"":""director_start"",""advanceMode"":""auto_to_execution"",""reviewCheckpoints"":[""chapter_batch""]},""qualityAlertDetails"":[""第38章（coherence=90, repetition=90, engagement=88）""]}",2026-07-06T02:09:46.008+00:00,2026-07-06T02:17:10.956+00:00,2026-07-06T02:09:45.998+00:00,2026-07-06T02:17:10.957+00:00
cmr8lanim0ddsv16zuqx8oi7w,cmr23pgks000fv16zpwg1ms38,39,39,fast,1,1,1,75,light_repair,succeeded,0.999,1,1,1,1,0,,,,,,,,71528,29892,101420,8,2026-07-06T02:24:37.649+00:00,"{""provider"":""deepseek"",""model"":""deepseek-v4-pro"",""temperature"":0.7,""workflowTaskId"":""cmr8k7gfc0cbhv16znv7f5t5y"",""maxRetries"":1,""runMode"":""fast"",""autoReview"":true,""autoRepair"":true,""skipCompleted"":true,""qualityThreshold"":75,""repairMode"":""light_repair"",""artifactSyncMode"":""adaptive"",""controlPolicy"":{""kickoffMode"":""director_start"",""advanceMode"":""auto_to_execution"",""reviewCheckpoints"":[""chapter_batch""]},""qualityAlertDetails"":[""第39章（coherence=85, repetition=90, engagement=82）""]}",2026-07-06T02:17:11.576+00:00,2026-07-06T02:24:37.840+00:00,2026-07-06T02:17:11.566+00:00,2026-07-06T02:24:37.841+00:00
cmr8lk8zp0dgov16zbn7ashcm,cmr23pgks000fv16zpwg1ms38,40,40,fast,1,1,1,75,light_repair,succeeded,0.999,1,1,1,1,0,,,,,,,,71295,25965,97260,7,2026-07-06T02:31:52.513+00:00,"{""provider"":""deepseek"",""model"":""deepseek-v4-pro"",""temperature"":0.7,""workflowTaskId"":""cmr8k7gfc0cbhv16znv7f5t5y"",""maxRetries"":1,""runMode"":""fast"",""autoReview"":true,""autoRepair"":true,""skipCompleted"":true,""qualityThreshold"":75,""repairMode"":""light_repair"",""artifactSyncMode"":""adaptive"",""controlPolicy"":{""kickoffMode"":""director_start"",""advanceMode"":""auto_to_execution"",""reviewCheckpoints"":[""chapter_batch""]},""qualityAlertDetails"":[""第40章（coherence=85, repetition=90, engagement=85）""]}",2026-07-06T02:24:39.311+00:00,2026-07-06T02:31:52.730+00:00,2026-07-06T02:24:39.301+00:00,2026-07-06T02:31:52.730+00:00
