id,novelId,chapterOrder,text,category,source,createdAt
cmr25vv08046yv16za8utoc4n,cmr23pgks000fv16zpwg1ms38,1,第1章已完成：由独处到突袭亲密，再因外部威胁而打断，完成一次高危互动,completed,auto,2026-07-01T14:19:10.135+00:00
cmr25vv08046zv16zkg319tv2,cmr23pgks000fv16zpwg1ms38,1,第1章已完成：让阿条的感知从被动沉溺转向主动挣脱，并落下“我们不能这样”的自觉,completed,auto,2026-07-01T14:19:10.135+00:00
cmr25vv080470v16zrsxnm2rt,cmr23pgks000fv16zpwg1ms38,1,第1章已完成：在章末明确两人需在办公室继续表演陌生，为下一章铺垫,completed,auto,2026-07-01T14:19:10.135+00:00
cmr266akf049kv16z1fc42bos,cmr23pgks000fv16zpwg1ms38,2,第2章已完成：展现阿条与阿力在同事面前表演陌生人的刺激与默契,completed,auto,2026-07-01T14:27:16.863+00:00
cmr266akf049lv16zqd2t3fnu,cmr23pgks000fv16zpwg1ms38,2,第2章已完成：使阿条从惊魂未定转向主动享受这场秘密游戏,completed,auto,2026-07-01T14:27:16.863+00:00
cmr266akf049mv16zow9flxrq,cmr23pgks000fv16zpwg1ms38,2,第2章已完成：用阿力的私信邀约制造章节结尾悬念,completed,auto,2026-07-01T14:27:16.863+00:00
cmr266akf049nv16zb1mm59w3,cmr23pgks000fv16zpwg1ms38,2,第2章已完成：触发陈默的问候消息（伏笔兑现），并体现阿条对过去的淡淡疏离,completed,auto,2026-07-01T14:27:16.863+00:00
cmr269sqk04axv16zgt8y9ogw,cmr23pgks000fv16zpwg1ms38,2,阿力在走廊低声对阿条说“演得不错”，确认两人秘密同谋。,revealed,auto,2026-07-01T14:30:00.379+00:00
cmr269sqk04ayv16zyk74dbbb,cmr23pgks000fv16zpwg1ms38,2,阿力通过微信给阿条发“今晚有空吗？”，阿条未立刻回复。,revealed,auto,2026-07-01T14:30:00.379+00:00
cmr269sqk04azv16zo9ivxrvo,cmr23pgks000fv16zpwg1ms38,2,陈默发微信问候阿条，阿条回复简短，态度疏离。,revealed,auto,2026-07-01T14:30:00.379+00:00
cmr269sqk04b0v16z2ny0x8yr,cmr23pgks000fv16zpwg1ms38,2,小菲在午餐时试探阿条对阿力的看法，阿条声称“没怎么注意”。,revealed,auto,2026-07-01T14:30:00.379+00:00
cmr26cyky04d8v16zth6qwd31,cmr23pgks000fv16zpwg1ms38,3,第3章已完成：阿力 goal changed,completed,auto,2026-07-01T14:32:27.921+00:00
cmr26cyky04d9v16zmkalfkqp,cmr23pgks000fv16zpwg1ms38,3,第3章已完成：阿条 goal changed,completed,auto,2026-07-01T14:32:27.921+00:00
cmr26cyky04dav16zimf2nhqx,cmr23pgks000fv16zpwg1ms38,3,第3章已完成：通过阿条主导的对话，将暧昧关系正式转为隐秘恋爱，并制定职场隐蔽规则。,completed,auto,2026-07-01T14:32:27.921+00:00
cmr26cyky04dbv16zeh5e3m75,cmr23pgks000fv16zpwg1ms38,3,第3章已完成：展现阿条从禁忌自觉到主动冒险的心理关键转折。,completed,auto,2026-07-01T14:32:27.921+00:00
cmr26cyky04dcv16zyqvsko4a,cmr23pgks000fv16zpwg1ms38,3,第3章已完成：为后续偷情日常铺设暗语等可反复使用的细节钩子。,completed,auto,2026-07-01T14:32:27.921+00:00
cmr26fey604e6v16z43jqrv1a,cmr23pgks000fv16zpwg1ms38,3,阿条与阿力在天台确立三条秘密关系规则：公司内保持陌生人、私下见面、单方可随时结束。,completed,auto,2026-07-01T14:34:22.445+00:00
cmr26fey604e7v16ztii8k9r7,cmr23pgks000fv16zpwg1ms38,3,阿条提出“暗号库”概念，第一条候选暗号为“苏打水”。,completed,auto,2026-07-01T14:34:22.445+00:00
cmr26fey604e8v16zyda5tikk,cmr23pgks000fv16zpwg1ms38,3,阿力表示“演得不错”是为了确认阿条自愿参与秘密关系。,revealed,auto,2026-07-01T14:34:22.445+00:00
cmr26fftc04f7v16zncyoxyp0,cmr23pgks000fv16zpwg1ms38,3,阿条制定三条秘密恋爱规则：公司装不熟、不在同事面前发微信、见面需提前告知。,revealed,auto,2026-07-01T14:34:23.568+00:00
cmr26fftc04f8v16zf0v81rm5,cmr23pgks000fv16zpwg1ms38,3,阿条附加规则：阿力不许再买草莓糖。,revealed,auto,2026-07-01T14:34:23.568+00:00
cmr26fftc04f9v16zeaf3njef,cmr23pgks000fv16zpwg1ms38,3,阿力同意全部规则，要求阿条“别让我猜”。,completed,auto,2026-07-01T14:34:23.568+00:00
cmr26fftc04fav16ze4w5c6t4,cmr23pgks000fv16zpwg1ms38,3,阿条收下阿力给的草莓糖，吃了觉得难吃，将糖纸叠好放入口袋。,completed,auto,2026-07-01T14:34:23.568+00:00
cmr26fftc04fbv16z0gvmyb99,cmr23pgks000fv16zpwg1ms38,3,约定明日中午食堂，阿力可坐阿条对面隔一个座位。,completed,auto,2026-07-01T14:34:23.568+00:00
cmr26fftd04fcv16zll6ymi2w,cmr23pgks000fv16zpwg1ms38,3,陈默发来微信问候，阿条未回复。,completed,auto,2026-07-01T14:34:23.568+00:00
cmr26k46j04jav16zxindnkc3,cmr23pgks000fv16zpwg1ms38,4,第4章已完成：payoff/payoff_missing_progress,completed,auto,2026-07-01T14:38:01.770+00:00
cmr26k46j04jbv16zg4pthm7x,cmr23pgks000fv16zpwg1ms38,4,第4章已完成：阿力 goal changed,completed,auto,2026-07-01T14:38:01.770+00:00
cmr26k46j04jcv16zgy9vy6oy,cmr23pgks000fv16zpwg1ms38,4,第4章已完成：阿条 goal changed,completed,auto,2026-07-01T14:38:01.770+00:00
cmr26k46j04jdv16z5gbgtuox,cmr23pgks000fv16zpwg1ms38,4,第4章已完成：阿条完成暗语系统的建立和初步测试，获得主导关系的实感。,completed,auto,2026-07-01T14:38:01.770+00:00
cmr26k46j04jev16z2w9otbac,cmr23pgks000fv16zpwg1ms38,4,第4章已完成：通过多个工作场景展示两人使用暗语传递信息、维持表演疏离，并刻画阿条从中获得的刺激与甜蜜。,completed,auto,2026-07-01T14:38:01.770+00:00
cmr26ko7q04jgv16zm7ouwdig,cmr23pgks000fv16zpwg1ms38,1,陈默发来微信“最近怎么样？”，阿条没有回复。,revealed,auto,2026-07-01T14:38:27.734+00:00
cmr26ko7q04jhv16zfi05lx6u,cmr23pgks000fv16zpwg1ms38,1,阿力将阿条拉进储物隔间，用噤声手势阻止出声，并在黑暗中轻吻她嘴角。,completed,auto,2026-07-01T14:38:27.734+00:00
cmr26ko7q04jiv16zihbskigx,cmr23pgks000fv16zpwg1ms38,1,阿条对阿力说：“陈默走的时候怎么说的，他让我们别搞办公室这套。”,completed,auto,2026-07-01T14:38:27.734+00:00
cmr26psbv04mjv16zuvdvkfcm,cmr23pgks000fv16zpwg1ms38,4,阿条与阿力确认九条基础暗语，新增“菠萝包”=我想你，“明天的菜谱”=接头暗号。,completed,auto,2026-07-01T14:42:26.347+00:00
cmr26psbv04mkv16zd5ccjlu3,cmr23pgks000fv16zpwg1ms38,4,食堂暗语规则：阿力坐阿条对面隔座，允许椅子偏移，全程消息交流。,completed,auto,2026-07-01T14:42:26.347+00:00
cmr26psbv04mlv16zmozq1pmn,cmr23pgks000fv16zpwg1ms38,4,小菲在打印室撞见阿力和阿条单独相处，但未察觉异常。,revealed,auto,2026-07-01T14:42:26.347+00:00
cmr26tk2304o6v16zzymyizwd,cmr23pgks000fv16zpwg1ms38,5,第5章已完成：阿条 goal changed,completed,auto,2026-07-01T14:45:22.250+00:00
cmr26tk2304o7v16zryqh0au6,cmr23pgks000fv16zpwg1ms38,5,第5章已完成：午休时阿条用暗语成功策划并实施茶水间私会,completed,auto,2026-07-01T14:45:22.250+00:00
cmr26tk2304o8v16zjc12ogw6,cmr23pgks000fv16zpwg1ms38,5,第5章已完成：小菲意外闯入，阿条急智表演，阿力默契配合脱险,completed,auto,2026-07-01T14:45:22.250+00:00
cmr26y8qh04pjv16zjxnne863,cmr23pgks000fv16zpwg1ms38,5,阿条用暗语约阿力茶水间私会，小菲闯入时以接水、等水凉为由脱险。,completed,auto,2026-07-01T14:49:00.857+00:00
cmr26y8qi04pkv16z2fv0sabs,cmr23pgks000fv16zpwg1ms38,5,阿力在群内公开回应手链为朋友赠送，未说明来源。,revealed,auto,2026-07-01T14:49:00.857+00:00
cmr26y8qi04plv16zzvkq59vj,cmr23pgks000fv16zpwg1ms38,5,新增暗语规则：食堂隔座时椅子偏移上限三厘米，紧急可加量。,completed,auto,2026-07-01T14:49:00.857+00:00
cmr26y8qi04pmv16zfudt7u23,cmr23pgks000fv16zpwg1ms38,5,阿条在备忘录新增编码：芒果代表危险信号，菠萝包多义性。,completed,auto,2026-07-01T14:49:00.857+00:00
cmr274qxf04sfv16zunq69xt4,cmr23pgks000fv16zpwg1ms38,6,阿条在23:53向阿力发送微信消息“稳”,completed,auto,2026-07-01T14:54:04.370+00:00
cmr274qxf04sgv16z3r4fcxld,cmr23pgks000fv16zpwg1ms38,6,阿力回复“你也稳”并已读,completed,auto,2026-07-01T14:54:04.370+00:00
cmr274qxf04shv16zzqvcjpt9,cmr23pgks000fv16zpwg1ms38,6,阿条最后发送“明天见”并已读，阿力未回复,completed,auto,2026-07-01T14:54:04.370+00:00
cmr27a1j504uvv16zv80frud4,cmr23pgks000fv16zpwg1ms38,7,第7章已完成：payoff/payoff_missing_progress,completed,auto,2026-07-01T14:58:11.392+00:00
cmr27a1j604uwv16zi8x2oaph,cmr23pgks000fv16zpwg1ms38,7,第7章已完成：为感情裂缝埋下伏笔，让读者感受到甜蜜之下涌动的猜疑,completed,auto,2026-07-01T14:58:11.392+00:00
cmr27a1j604uxv16zi8gvhdt0,cmr23pgks000fv16zpwg1ms38,7,第7章已完成：推进“心照不宣的共谋”关系出现首次不和谐音,completed,auto,2026-07-01T14:58:11.392+00:00
cmr27a1j604uyv16z6macbbx6,cmr23pgks000fv16zpwg1ms38,7,第7章已完成：垫定团建距离策略，让下一章的冷战顺理成章,completed,auto,2026-07-01T14:58:11.392+00:00
cmr27cojt04vyv16z2k2y8dvo,cmr23pgks000fv16zpwg1ms38,7,阿条邀请技术部同事李响共进午餐，缺席食堂,completed,auto,2026-07-01T15:00:14.536+00:00
cmr27cojt04vzv16zc3s3bndo,cmr23pgks000fv16zpwg1ms38,7,小菲在会议和茶歇时对阿力主动关怀，送水并称赞手链,completed,auto,2026-07-01T15:00:14.536+00:00
cmr27cojt04w0v16zqz0h2iph,cmr23pgks000fv16zpwg1ms38,7,王总因数据口径问题在会上点名批评阿力,completed,auto,2026-07-01T15:00:14.536+00:00
cmr27cojt04w1v16z6qty2yh3,cmr23pgks000fv16zpwg1ms38,7,阿力在电梯中发送“今天稳”给阿条，阿条未回复,completed,auto,2026-07-01T15:00:14.536+00:00
cmr27coju04w2v16z73r6l4mx,cmr23pgks000fv16zpwg1ms38,7,阿条决定周末团建期间全程与阿力保持距离,state_changed,auto,2026-07-01T15:00:14.536+00:00
cmr27coju04w3v16zyh4p81ja,cmr23pgks000fv16zpwg1ms38,7,陈默发消息约阿条回杭州老同事聚会，阿条回复“看时间”,completed,auto,2026-07-01T15:00:14.536+00:00
cmr27yo1104yiv16z8gjl0itv,cmr23pgks000fv16zpwg1ms38,8,阿力与小菲完成双人三足闯关，阿力在小菲险些绊倒时扶住其腰部。,completed,auto,2026-07-01T15:17:20.292+00:00
cmr27yo1104yjv16z3keyanda,cmr23pgks000fv16zpwg1ms38,8,攀岩时阿力在第九米处转头看向休息区的阿条，完成短暂对视。,completed,auto,2026-07-01T15:17:20.292+00:00
cmr27yo1104ykv16z6iobk7gd,cmr23pgks000fv16zpwg1ms38,8,陈默发微信约阿条下周六在湖滨烤肉店聚餐。,revealed,auto,2026-07-01T15:17:20.292+00:00
cmr281ygj0501v16zeqb0k752,cmr23pgks000fv16zpwg1ms38,9,第9章已完成：阿条 goal changed,completed,auto,2026-07-01T15:19:53.779+00:00
cmr281ygj0502v16z3i6evfn1,cmr23pgks000fv16zpwg1ms38,9,第9章已完成：plot/ending_missing,completed,auto,2026-07-01T15:19:53.779+00:00
cmr281ygj0503v16z94rfug98,cmr23pgks000fv16zpwg1ms38,9,第9章已完成：李晴的半开玩笑询问让阿条心跳漏拍，同事怀疑已经浮上水面,completed,auto,2026-07-01T15:19:53.779+00:00
cmr281ygj0504v16zup9crind,cmr23pgks000fv16zpwg1ms38,9,第9章已完成：阿条借递文件主动试探，却遭遇阿力头也不抬的冷淡回应,completed,auto,2026-07-01T15:19:53.779+00:00
cmr284zw30518v16zqyq1nk8t,cmr23pgks000fv16zpwg1ms38,9,陈默确认下周六晚七点在湖滨烤肉店组织聚会,completed,auto,2026-07-01T15:22:15.602+00:00
cmr284zw30519v16zcp8qmbqs,cmr23pgks000fv16zpwg1ms38,9,阿力在工区当众拒绝了阿条递出的蓝色文件夹,completed,auto,2026-07-01T15:22:15.602+00:00
cmr28an1y0537v16zz9iczdie,cmr23pgks000fv16zpwg1ms38,10,第10章已完成：payoff/payoff_missing_progress,completed,auto,2026-07-01T15:26:38.902+00:00
cmr28an1y0538v16z1n6ip0nf,cmr23pgks000fv16zpwg1ms38,10,第10章已完成：通过阿力持续回避与明确拒绝私下邀约，累积被冷落的实感。,completed,auto,2026-07-01T15:26:38.902+00:00
cmr28an1y0539v16z9qjhjcbn,cmr23pgks000fv16zpwg1ms38,10,第10章已完成：让阿条从困惑转为不安，并推动她进入消极观察与猜疑萌芽状态。,completed,auto,2026-07-01T15:26:38.902+00:00
cmr28an1y053av16zsk8en5vs,cmr23pgks000fv16zpwg1ms38,10,第10章已完成：为后续对峙蓄能，在章节结尾留下关系真实性存疑的悬念。,completed,auto,2026-07-01T15:26:38.902+00:00
cmr28ct3f054cv16zz1ob2ow5,cmr23pgks000fv16zpwg1ms38,10,阿力以今晚加班为由拒绝阿条的私下邀约。,completed,auto,2026-07-01T15:28:20.043+00:00
cmr28ct3f054dv16zw144own7,cmr23pgks000fv16zpwg1ms38,10,阿条在团建照片中注意到小菲挡在阿力身侧。,revealed,auto,2026-07-01T15:28:20.043+00:00
cmr28ct3f054ev16zwmng4nrf,cmr23pgks000fv16zpwg1ms38,10,阿条在食堂等待阿力，但阿力全程无眼神接触或暗语回应。,completed,auto,2026-07-01T15:28:20.043+00:00
cmr28ct3f054fv16zloqcm0bt,cmr23pgks000fv16zpwg1ms38,10,阿条发送“你稳？”后，阿力已读未回。,completed,auto,2026-07-01T15:28:20.043+00:00
cmr28ct3f054gv16zg5vda172,cmr23pgks000fv16zpwg1ms38,10,周六调休通知下，阿条和阿力都填了“加班”。,completed,auto,2026-07-01T15:28:20.043+00:00
cmr28ct3f054hv16zngcghhna,cmr23pgks000fv16zpwg1ms38,10,阿条叫住阿力提议午餐，被以“赶周报”为由拒绝。,completed,auto,2026-07-01T15:28:20.043+00:00
cmr28ct3f054iv16zo4wlo946,cmr23pgks000fv16zpwg1ms38,10,阿条决定不再主动发消息，陷入消极观察。,state_changed,auto,2026-07-01T15:28:20.043+00:00
cmr28jh0j0577v16z3wwaef5l,cmr23pgks000fv16zpwg1ms38,1,第1章已完成：payoff/payoff_missing_progress,completed,auto,2026-07-01T15:33:30.978+00:00
cmr28jh0j0578v16zwknudaza,cmr23pgks000fv16zpwg1ms38,1,第1章已完成：完成茶水间储物隔间的高危互动：阿力拉入、噤声、抚摸与未完成的吻。,completed,auto,2026-07-01T15:33:30.978+00:00
cmr28jh0k0579v16z9sjyqsik,cmr23pgks000fv16zpwg1ms38,1,第1章已完成：阿条的感知从被动沉溺转向主动挣脱，内心明确响起“我们不能这样”。,completed,auto,2026-07-01T15:33:30.978+00:00
cmr28jh0k057av16zwpq7vl0h,cmr23pgks000fv16zpwg1ms38,1,第1章已完成：小菲与李晴的逼近自然发生并消退，不使用巧合化解危机。,completed,auto,2026-07-01T15:33:30.978+00:00
cmr28jh0k057bv16z33txwa48,cmr23pgks000fv16zpwg1ms38,1,第1章已完成：阿条回到工位强装镇定，与阿力在同事面前继续表演陌生人。,completed,auto,2026-07-01T15:33:30.978+00:00
cmr28l0fu0582v16zmi0dvd2a,cmr23pgks000fv16zpwg1ms38,1,阿条左手腕常戴红绳银坠，紧张时会捻搓。,revealed,auto,2026-07-01T15:34:42.810+00:00
cmr28l0fu0583v16zs1bjyqht,cmr23pgks000fv16zpwg1ms38,1,阿力腕上常戴棕色皮绳手链，上有小银珠，思考时会捻转。,revealed,auto,2026-07-01T15:34:42.810+00:00
cmr28l0fv0584v16z52uml2fz,cmr23pgks000fv16zpwg1ms38,1,陈默离职前曾告诫阿条和阿力不要发展办公室恋情。,revealed,auto,2026-07-01T15:34:42.810+00:00
cmr28mpte059yv16znp6xr44i,cmr23pgks000fv16zpwg1ms38,1,阿力在茶水间储物隔间锁门并捂住阿条的嘴，防止她被同事发现。,completed,auto,2026-07-01T15:36:02.353+00:00
cmr28mpte059zv16zg136wzd2,cmr23pgks000fv16zpwg1ms38,1,阿条推开阿力并说出“我们不能这样”，阻止了一次亲吻。,state_changed,auto,2026-07-01T15:36:02.353+00:00
cmr28mpte05a0v16zsu7kw38a,cmr23pgks000fv16zpwg1ms38,1,阿力让阿条先回工位，自己两分钟后从茶水间出来。,completed,auto,2026-07-01T15:36:02.353+00:00
cmr28mptf05a1v16z43tahxw2,cmr23pgks000fv16zpwg1ms38,1,阿力在工位与小菲正常交谈，与阿条互不相识。,completed,auto,2026-07-01T15:36:02.353+00:00
cmr28mptf05a2v16zn04h4kci,cmr23pgks000fv16zpwg1ms38,1,阿力通过办公通讯给阿条发消息“你稳？”，阿条未回复。,completed,auto,2026-07-01T15:36:02.353+00:00
cmr30r3if0aknv16z1mqmpvti,cmr23pgks000fv16zpwg1ms38,11,第11章已完成：payoff/payoff_missing_progress,completed,auto,2026-07-02T04:43:15.974+00:00
cmr30r3if0akov16zhpm4bhib,cmr23pgks000fv16zpwg1ms38,11,第11章已完成：阿条打破‘不再主动’约定，在加班结束后主动跟上阿力并向其质问。,completed,auto,2026-07-02T04:43:15.974+00:00
cmr30r3if0akpv16zql8eby52,cmr23pgks000fv16zpwg1ms38,11,第11章已完成：阿力以冷漠敷衍回应，使模糊的不安具体化为被冷落的感受。,completed,auto,2026-07-02T04:43:15.974+00:00
cmr30r3if0akqv16zguuwzmbk,cmr23pgks000fv16zpwg1ms38,11,第11章已完成：阿条赌气提前退出电梯，用背影传递抗议。,completed,auto,2026-07-02T04:43:15.974+00:00
cmr30r3if0akrv16zpv3ms65f,cmr23pgks000fv16zpwg1ms38,11,第11章已完成：失眠中将猜疑具体化，并萌生主动测试阿力的念头。,completed,auto,2026-07-02T04:43:15.974+00:00
cmr30u03l0alvv16z38964s8k,cmr23pgks000fv16zpwg1ms38,11,阿条向陈默确认参加周日晚上七点湖滨烤肉店聚会。,completed,auto,2026-07-02T04:45:31.521+00:00
cmr314mb30aoxv16z6cbyuwe5,cmr23pgks000fv16zpwg1ms38,12,王总分配八月下旬客户演示任务：阿力负责演示，小菲配合素材，阿条与李晴负责数据汇总下周一交初稿。,completed,auto,2026-07-02T04:53:46.862+00:00
cmr314mb30aoyv16zbxt2z2ug,cmr23pgks000fv16zpwg1ms38,12,陈默聚会共有七八人，包括老王、小周等，阿力被邀请但尚未回复。,revealed,auto,2026-07-02T04:53:46.862+00:00
cmr314mb30aozv16zjblo9zn0,cmr23pgks000fv16zpwg1ms38,12,阿条主动找到技术部小刘说笑，完成对阿力的公开测试。,completed,auto,2026-07-02T04:53:46.862+00:00
cmr314mb30ap0v16zj38odfox,cmr23pgks000fv16zpwg1ms38,12,阿力在目光相撞后移开视线，未做出任何特殊回应。,completed,auto,2026-07-02T04:53:46.862+00:00
cmr314mb30ap1v16zzyz7myxi,cmr23pgks000fv16zpwg1ms38,12,阿条在手机备忘录记录对阿力动机的分析，形成“他在隐瞒”的判断。,revealed,auto,2026-07-02T04:53:46.862+00:00
cmr31ahfc0arhv16zrfbmx63d,cmr23pgks000fv16zpwg1ms38,13,第13章已完成：payoff/payoff_missing_progress,completed,auto,2026-07-02T04:58:20.471+00:00
cmr31ahfc0ariv16zjf9inlv7,cmr23pgks000fv16zpwg1ms38,13,第13章已完成：阿条从被动等待解释转为主动实施全面回避行动,completed,auto,2026-07-02T04:58:20.471+00:00
cmr31ahfc0arjv16zmnr64zpw,cmr23pgks000fv16zpwg1ms38,13,第13章已完成：同事对两人关系异常的私下议论被阿条清晰偷听，内容具体到可直接冲击阿条的侥幸心理,completed,auto,2026-07-02T04:58:20.471+00:00
cmr31ahfc0arkv16ze3c6ldgo,cmr23pgks000fv16zpwg1ms38,13,第13章已完成：阿条独处时，甜蜜回忆被恐慌压倒，产生关系即将暴露甚至破裂的悲观预感,completed,auto,2026-07-02T04:58:20.471+00:00
cmr31ctav0askv16zgp5ysfcd,cmr23pgks000fv16zpwg1ms38,13,阿条偷听到小菲和李晴议论阿力对某人特别冷淡,revealed,auto,2026-07-02T05:00:09.174+00:00
cmr31ctav0aslv16zhdkg6ad6,cmr23pgks000fv16zpwg1ms38,13,阿条决定采取主动回避行动：绕路、避开食堂、克制接触,state_changed,auto,2026-07-02T05:00:09.174+00:00
cmr31ctav0asmv16z928gz33w,cmr23pgks000fv16zpwg1ms38,13,阿条以“今晚加班”为由拒绝了阿力“有空吗”的见面邀请,completed,auto,2026-07-02T05:00:09.174+00:00
cmr31ctav0asnv16z0phbgz41,cmr23pgks000fv16zpwg1ms38,13,陈默发微信提醒周六七点烤肉店聚会，阿条未回复,revealed,auto,2026-07-02T05:00:09.174+00:00
cmr31ctav0asov16zkj4zx70h,cmr23pgks000fv16zpwg1ms38,13,阿力打破多日沉默，主动发消息问阿条是否空闲,revealed,auto,2026-07-02T05:00:09.174+00:00
cmr31m5rq0av6v16zisukfg14,cmr23pgks000fv16zpwg1ms38,14,阿条发送了第一条直接质问消息“你为什么躲我。”,completed,auto,2026-07-02T05:07:25.238+00:00
cmr31m5rq0av7v16zzu4343il,cmr23pgks000fv16zpwg1ms38,14,阿力回复“别多想，为大家好”后对阿条已读不回,completed,auto,2026-07-02T05:07:25.238+00:00
cmr31m5rq0av8v16zw4brmbe8,cmr23pgks000fv16zpwg1ms38,14,李晴约阿条明天午饭聊聊,completed,auto,2026-07-02T05:07:25.238+00:00
cmr31m5rq0av9v16zayldt5t1,cmr23pgks000fv16zpwg1ms38,14,陈默聚会定在周六七点，阿力还没回复,revealed,auto,2026-07-02T05:07:25.238+00:00
cmr31pnsb0awvv16z18kzeidy,cmr23pgks000fv16zpwg1ms38,15,第15章已完成：李晴 goal changed,completed,auto,2026-07-02T05:10:08.554+00:00
cmr31pnsb0awwv16z2lg1nkal,cmr23pgks000fv16zpwg1ms38,15,第15章已完成：阿力 goal changed,completed,auto,2026-07-02T05:10:08.554+00:00
cmr31pnsb0awxv16zf08iubk8,cmr23pgks000fv16zpwg1ms38,15,第15章已完成：阿条 goal changed,completed,auto,2026-07-02T05:10:08.554+00:00
cmr31pnsb0awyv16z6nazhz7c,cmr23pgks000fv16zpwg1ms38,15,第15章已完成：阿条完成从‘期待解释’到‘决定不再主动’的明确心理转折。,completed,auto,2026-07-02T05:10:08.554+00:00
cmr31pnsb0awzv16zk5tghpp9,cmr23pgks000fv16zpwg1ms38,15,第15章已完成：通过具体试探场景（如经过工位）将冷暴力具象化为阿力的彻底无视。,completed,auto,2026-07-02T05:10:08.554+00:00
cmr31u2te0ay3v16z2tnk6wyk,cmr23pgks000fv16zpwg1ms38,15,阿条对李晴坦白：和阿力“没有开始，差一点开始”，阿力说“别多想，为大家好”,revealed,auto,2026-07-02T05:13:34.657+00:00
cmr31u2te0ay4v16zbxa184ue,cmr23pgks000fv16zpwg1ms38,15,阿条内心决定不再主动联系阿力（不发消息、不故意经过工位、不期待回头）,state_changed,auto,2026-07-02T05:13:34.657+00:00
cmr31u2te0ay5v16zjdyb5ayw,cmr23pgks000fv16zpwg1ms38,15,阿力对阿条和小菲均表现彻底冷漠，拒绝任何互动,revealed,auto,2026-07-02T05:13:34.657+00:00
cmr31u2te0ay6v16zzzhqmno1,cmr23pgks000fv16zpwg1ms38,15,陈默的周六聚会地点确认为“湖滨烤肉店晚上七点”，阿条回复“好的”,completed,auto,2026-07-02T05:13:34.657+00:00
cmr31xut60b02v16z70ssz63o,cmr23pgks000fv16zpwg1ms38,16,第16章已完成：payoff/payoff_missing_progress,completed,auto,2026-07-02T05:16:30.906+00:00
cmr31xut60b03v16zfjtaz569,cmr23pgks000fv16zpwg1ms38,16,第16章已完成：完成小菲咖啡试探全流程，阿条从被动警觉转为主动反问，成功转移追问并构筑心理防线。,completed,auto,2026-07-02T05:16:30.906+00:00
cmr31xut60b04v16zdlfkl3yv,cmr23pgks000fv16zpwg1ms38,16,第16章已完成：通过阿条解读小菲的支吾，确认同事间存在窃窃私语，强化她内心的孤立与警惕。,completed,auto,2026-07-02T05:16:30.906+00:00
cmr31xut60b05v16zjhx3ief4,cmr23pgks000fv16zpwg1ms38,16,第16章已完成：阿条下定决心在即将到来的团队聚餐中刻意与阿力保持距离，将秘密防线再升级。,completed,auto,2026-07-02T05:16:30.906+00:00
cmr31xut60b06v16zb4vo5zq2,cmr23pgks000fv16zpwg1ms38,16,第16章已完成：在章节结尾留下聚餐警告，为下一章的集体场合考验埋下悬念。,completed,auto,2026-07-02T05:16:30.906+00:00
cmr320irp0b1av16z3icas3c2,cmr23pgks000fv16zpwg1ms38,16,小菲以“买错加榛果糖浆的拿铁”为由递给阿条咖啡，实际意在试探阿条状态,revealed,auto,2026-07-02T05:18:35.268+00:00
cmr320irp0b1bv16za8rqgzht,cmr23pgks000fv16zpwg1ms38,16,陈默告知阿条，他曾告诫阿力别搞办公室恋情时，阿力只回答“知道了”,revealed,auto,2026-07-02T05:18:35.268+00:00
cmr320irp0b1cv16z2h5q9i40,cmr23pgks000fv16zpwg1ms38,16,周六团队聚餐定于晚上七点，公司楼下集合统一坐大巴，王总要求所有人必须到,revealed,auto,2026-07-02T05:18:35.268+00:00
cmr320irp0b1dv16zoiftwrxq,cmr23pgks000fv16zpwg1ms38,16,阿条要求李晴在聚餐时坐在自己旁边，以形成侧面支援,completed,auto,2026-07-02T05:18:35.268+00:00
cmr323wna0b2lv16z92kh8ne5,cmr23pgks000fv16zpwg1ms38,17,第17章已完成：阿条 goal changed,completed,auto,2026-07-02T05:21:13.222+00:00
cmr323wna0b2mv16zohg2fyms,cmr23pgks000fv16zpwg1ms38,17,第17章已完成：payoff/payoff_missing_progress,completed,auto,2026-07-02T05:21:13.222+00:00
cmr323wna0b2nv16zsksmiq57,cmr23pgks000fv16zpwg1ms38,17,第17章已完成：完成团队聚餐完整场景，从入座到散席,completed,auto,2026-07-02T05:21:13.222+00:00
cmr323wna0b2ov16z0fyg5v8h,cmr23pgks000fv16zpwg1ms38,17,第17章已完成：阿条执行疏离策略，主动选择远离阿力的位置,completed,auto,2026-07-02T05:21:13.222+00:00
cmr323wna0b2pv16z1jc5h6hu,cmr23pgks000fv16zpwg1ms38,17,第17章已完成：阿力全程回避视线、无任何交流,completed,auto,2026-07-02T05:21:13.222+00:00
cmr3276sz0b3pv16zixroxz7b,cmr23pgks000fv16zpwg1ms38,17,阿力以'家里有急事'为由提前离席,revealed,auto,2026-07-02T05:23:46.354+00:00
cmr32blag0b4pv16zkx78t0ns,cmr23pgks000fv16zpwg1ms38,18,第18章已完成：阿条 goal changed,completed,auto,2026-07-02T05:27:11.752+00:00
cmr32blag0b4qv16zjbddbfp5,cmr23pgks000fv16zpwg1ms38,18,第18章已完成：payoff/payoff_missing_progress,completed,auto,2026-07-02T05:27:11.752+00:00
cmr32blag0b4rv16z68lv6iiw,cmr23pgks000fv16zpwg1ms38,18,第18章已完成：阿条完成从“绝望等待”到“主动切断期待”的心理动作，性格上建立情感防御。,completed,auto,2026-07-02T05:27:11.752+00:00
cmr32blag0b4sv16zqudsok78,cmr23pgks000fv16zpwg1ms38,18,第18章已完成：关系从一方冷漠回避、一方痛苦等待，正式转为双方互相猜疑拉扯的僵局。,completed,auto,2026-07-02T05:27:11.752+00:00
cmr32blag0b4tv16zfsabn5hi,cmr23pgks000fv16zpwg1ms38,18,第18章已完成：明确铺垫明日项目合作带来的暴露危险，让读者感知到压迫感升级。,completed,auto,2026-07-02T05:27:11.752+00:00
cmr32hs6f0b5tv16zypsln4jt,cmr23pgks000fv16zpwg1ms38,18,阿条在备忘录中新增记录：「不再期待回应」,completed,auto,2026-07-02T05:32:00.614+00:00
cmr32hs6f0b5uv16zd5ne32lt,cmr23pgks000fv16zpwg1ms38,18,王总邮件要求演示组与数据组每日同步进度，明早9点第一次进度对齐会,revealed,auto,2026-07-02T05:32:00.614+00:00
cmr32hs6f0b5vv16z1vro03tl,cmr23pgks000fv16zpwg1ms38,18,阿力发给阿条的两条消息被阿条已读但未回复，已读状态对阿力可见,completed,auto,2026-07-02T05:32:00.614+00:00
cmr32ortv0b7cv16zz0abx0pq,cmr23pgks000fv16zpwg1ms38,19,第19章已完成：payoff/payoff_missing_progress,completed,auto,2026-07-02T05:37:26.755+00:00
cmr32ortw0b7dv16z7q2fc4eq,cmr23pgks000fv16zpwg1ms38,19,第19章已完成：阿条从被动冷战转为主动试探，但遭遇阿力回避，信任进一步破裂。,completed,auto,2026-07-02T05:37:26.755+00:00
cmr32ortw0b7ev16zczu6jtp4,cmr23pgks000fv16zpwg1ms38,19,第19章已完成：茶水间单一事件中完成从伪装的轻松到失望、决绝、冰冷收场的情绪弧。,completed,auto,2026-07-02T05:37:26.755+00:00
cmr32ortw0b7fv16z2s5oegxh,cmr23pgks000fv16zpwg1ms38,19,第19章已完成：关系模式从表面和谐彻底转为猜疑拉扯，为后续强制合作铺垫张力。,completed,auto,2026-07-02T05:37:26.755+00:00
cmr32rvrf0b8fv16zdvfgm9tb,cmr23pgks000fv16zpwg1ms38,19,阿力对昨天消息的解释是“没什么意思，就是问问你有没有空”,revealed,auto,2026-07-02T05:39:51.819+00:00
cmr32rvrf0b8gv16z7y2lxo1m,cmr23pgks000fv16zpwg1ms38,19,阿力八点四十回复确认邮件，卡在阿条到公司之后,revealed,auto,2026-07-02T05:39:51.819+00:00
cmr32rvrf0b8hv16zf1b5ejpr,cmr23pgks000fv16zpwg1ms38,19,王总要求数据组下班前重新跑留存口径，阿条负责执行,state_changed,auto,2026-07-02T05:39:51.819+00:00
cmr32rvrf0b8iv16zbq55llx0,cmr23pgks000fv16zpwg1ms38,19,阿条在笔记本写下“别再试了”，正式放弃试探,state_changed,auto,2026-07-02T05:39:51.819+00:00
cmr32yfl60b9rv16zxf5ulffp,cmr23pgks000fv16zpwg1ms38,20,第20章已完成：阿条 goal changed,completed,auto,2026-07-02T05:44:57.450+00:00
cmr32yfl60b9sv16z8pfrch1d,cmr23pgks000fv16zpwg1ms38,20,第20章已完成：payoff/payoff_missing_progress,completed,auto,2026-07-02T05:44:57.450+00:00
cmr32yfl60b9tv16z51dwn264,cmr23pgks000fv16zpwg1ms38,20,第20章已完成：阿力在晨会上表面配合实则划界，展现表演式合作，阿条内心警觉。,completed,auto,2026-07-02T05:44:57.450+00:00
cmr32yfl60b9uv16zicti1sqe,cmr23pgks000fv16zpwg1ms38,20,第20章已完成：阿条尝试私下沟通被阿力用流程和忙碌拒绝，语气公事公事，提及‘避免误会’。,completed,auto,2026-07-02T05:44:57.450+00:00
cmr32yfl60b9vv16zqarqf302,cmr23pgks000fv16zpwg1ms38,20,第20章已完成：两人在项目中比陌生人更疏远，零交流与公文往来加深距离感。,completed,auto,2026-07-02T05:44:57.450+00:00
cmr331fe60bazv16z13mu75t6,cmr23pgks000fv16zpwg1ms38,20,王总要求数据组与演示组每日进度同步，阿条与阿力定在午休前11:30-12:00。,completed,auto,2026-07-02T05:47:17.166+00:00
cmr331fe60bb0v16zdg2wq4xh,cmr23pgks000fv16zpwg1ms38,20,阿力提出所有需求变更、数据口径调整等必须通过邮件确认，抄送王总，办公通讯只做即时通知。,completed,auto,2026-07-02T05:47:17.166+00:00
cmr331fe60bb1v16zmr2tmz8t,cmr23pgks000fv16zpwg1ms38,20,王总通知本周六加班，演示组周六前完成初版，数据组周五前完成口径校准。,completed,auto,2026-07-02T05:47:17.166+00:00
cmr331fe60bb2v16ze9xei2pj,cmr23pgks000fv16zpwg1ms38,20,阿条向陈默要求周日聚会提前到。,completed,auto,2026-07-02T05:47:17.166+00:00
cmr33aw8w0bdgv16zjefs0ihk,cmr23pgks000fv16zpwg1ms38,21,阿条在笔记本上写下“别再问了”,state_changed,auto,2026-07-02T05:54:38.911+00:00
cmr33aw8w0bdhv16zjanghj61,cmr23pgks000fv16zpwg1ms38,21,阿条在手机备忘录添加“从现在开始，我不问了。他说他的，我做我的。”,state_changed,auto,2026-07-02T05:54:38.911+00:00
cmr33aw8w0bdiv16znx477buo,cmr23pgks000fv16zpwg1ms38,21,陈默消息确定聚会时间为周日五点半，已定包厢,completed,auto,2026-07-02T05:54:38.911+00:00
cmr33aw8w0bdjv16z6puijy1w,cmr23pgks000fv16zpwg1ms38,21,事件发生时间晚上9:47，阿条回到工位时留存数据报表显示,revealed,auto,2026-07-02T05:54:38.911+00:00
cmr33ia3x0bfjv16zk6wtfdnm,cmr23pgks000fv16zpwg1ms38,22,第22章已完成：payoff/payoff_missing_progress,completed,auto,2026-07-02T06:00:23.469+00:00
cmr33ia3x0bfkv16zppjk6gzk,cmr23pgks000fv16zpwg1ms38,22,第22章已完成：阿条通过“若若”短信和试探获得明确怀疑证据,completed,auto,2026-07-02T06:00:23.469+00:00
cmr33ia3x0bflv16z9y67702u,cmr23pgks000fv16zpwg1ms38,22,第22章已完成：阿条首次采取主动调查行动，完成从被动忍耐到暗中刺探的关键转折,completed,auto,2026-07-02T06:00:23.469+00:00
cmr33ia3x0bfmv16z05lvhgn1,cmr23pgks000fv16zpwg1ms38,22,第22章已完成：试探刺破阿力的掩饰，信任裂痕加剧,completed,auto,2026-07-02T06:00:23.469+00:00
cmr33lp040bgmv16zun48tw6w,cmr23pgks000fv16zpwg1ms38,22,阿条在电梯看到阿力手机消息备注名“若若”，预览“晚上方便吗？”,revealed,auto,2026-07-02T06:03:02.739+00:00
cmr33lp040bgnv16z96zcbj69,cmr23pgks000fv16zpwg1ms38,22,阿条在团建午餐时再次看到消息备注“若若”，预览“今天真的不——”,revealed,auto,2026-07-02T06:03:02.739+00:00
cmr33lp040bgov16z39rrnkr2,cmr23pgks000fv16zpwg1ms38,22,阿条撞见阿力打电话说“不行，今天不行”“别再发消息过来了”,revealed,auto,2026-07-02T06:03:02.739+00:00
cmr33lp040bgpv16ztpzj7gt1,cmr23pgks000fv16zpwg1ms38,22,阿条将阿力微信备注名从“若若”改回本名,state_changed,auto,2026-07-02T06:03:02.739+00:00
cmr33lp040bgqv16zy8dfhy1o,cmr23pgks000fv16zpwg1ms38,22,阿条查询阿力手机号归属地为浙江杭州中国移动，并截图保存,completed,auto,2026-07-02T06:03:02.739+00:00
cmr33lp040bgrv16zn6nw9j36,cmr23pgks000fv16zpwg1ms38,22,阿条通过手机号搜索微信，得账号“Ruo”，头像夜景，朋友圈仅三天可见,revealed,auto,2026-07-02T06:03:02.739+00:00
cmr33lp040bgsv16z9lknhzhw,cmr23pgks000fv16zpwg1ms38,22,周六全员团建九溪徒步，小菲分发安排表，计入考勤,completed,auto,2026-07-02T06:03:02.739+00:00
cmr33pmvd0bhzv16znk3ur3wn,cmr23pgks000fv16zpwg1ms38,23,第23章已完成：阿条 goal changed,completed,auto,2026-07-02T06:06:06.600+00:00
cmr33pmvd0bi0v16zc2yoydvs,cmr23pgks000fv16zpwg1ms38,23,第23章已完成：payoff/payoff_missing_progress,completed,auto,2026-07-02T06:06:06.600+00:00
cmr33pmvd0bi1v16ztyb4odni,cmr23pgks000fv16zpwg1ms38,23,第23章已完成：阿条发现并辨认手写号码，完成从怀疑到确认的暗查动作。,completed,auto,2026-07-02T06:06:06.600+00:00
cmr33pmvd0bi2v16zlp5836rb,cmr23pgks000fv16zpwg1ms38,23,第23章已完成：阿条当面试探阿力，迫使对方撒谎露出破绽。,completed,auto,2026-07-02T06:06:06.600+00:00
cmr33pmvd0bi3v16z7csrldph,cmr23pgks000fv16zpwg1ms38,23,第23章已完成：阿条当着阿力面存下号码，将私下调查转为公开宣示证据收集。,completed,auto,2026-07-02T06:06:06.600+00:00
cmr33u1s70bj3v16zxq5c5jt2,cmr23pgks000fv16zpwg1ms38,23,阿力在团建安排表紧急联系人栏手写了自己的手机号码。,completed,auto,2026-07-02T06:09:32.550+00:00
cmr33u1s70bj4v16zi1tio9vk,cmr23pgks000fv16zpwg1ms38,23,阿条当着阿力面新建联系人仅存号码，姓名为空。,completed,auto,2026-07-02T06:09:32.550+00:00
cmr33u1s70bj5v16zmhr05jks,cmr23pgks000fv16zpwg1ms38,23,阿条在手机备忘录中写下“是他写的”，确认笔迹。,completed,auto,2026-07-02T06:09:32.550+00:00
cmr33u1s70bj6v16zs84f4wg2,cmr23pgks000fv16zpwg1ms38,23,李晴在城西银泰二楼奶茶店旁看到阿力与一戴白色鸭舌帽的长发女生。,revealed,auto,2026-07-02T06:09:32.550+00:00
cmr33u1s70bj7v16zw1hmxr3b,cmr23pgks000fv16zpwg1ms38,23,阿条保存有手写号码的团建安排表作为证据。,completed,auto,2026-07-02T06:09:32.550+00:00
cmr343u9r0blhv16z0xxrj4ao,cmr23pgks000fv16zpwg1ms38,24,在天台对峙中，阿力声称自己昨天下午在家，否认去过城西银泰。,revealed,auto,2026-07-02T06:17:09.375+00:00
cmr343u9r0bliv16zl5v1ru8a,cmr23pgks000fv16zpwg1ms38,24,阿条对阿力宣布将把所有与他有关的东西留档。,state_changed,auto,2026-07-02T06:17:09.375+00:00
cmr343u9r0bljv16zeg8idcgh,cmr23pgks000fv16zpwg1ms38,24,阿条将阿力的微信备注名从空白改为“阿力”。,completed,auto,2026-07-02T06:17:09.375+00:00
cmr34894l0bn0v16zistdjalk,cmr23pgks000fv16zpwg1ms38,25,第25章已完成：payoff/payoff_missing_progress,completed,auto,2026-07-02T06:20:35.253+00:00
cmr34894l0bn1v16zxwqqw9fk,cmr23pgks000fv16zpwg1ms38,25,第25章已完成：让阿条通过起身换座、平静回应小菲等公开言行，完成从被动忍受到主动划清界限的转折。,completed,auto,2026-07-02T06:20:35.253+00:00
cmr34894l0bn2v16z50jw3fdv,cmr23pgks000fv16zpwg1ms38,25,第25章已完成：让阿力在同事面前露出难堪与僵硬，使其无法再维持表面和谐假象。,completed,auto,2026-07-02T06:20:35.253+00:00
cmr34894l0bn3v16z0q82rjfi,cmr23pgks000fv16zpwg1ms38,25,第25章已完成：让同事明确感知到两人关系破裂，为后续职场议论或站队埋下伏笔。,completed,auto,2026-07-02T06:20:35.253+00:00
cmr34894l0bn4v16z4g6uev1q,cmr23pgks000fv16zpwg1ms38,25,第25章已完成：推进阿条内心从“受伤者”到“反击者”的转变，并在此过程中获得短暂主导感。,completed,auto,2026-07-02T06:20:35.253+00:00
cmr34c3k00bo2v16zjlxcxyba,cmr23pgks000fv16zpwg1ms38,25,阿条在聚餐中收到阿力微信消息“今天——”，未点开。,completed,auto,2026-07-02T06:23:34.656+00:00
cmr34c3k00bo3v16z4zmsr622,cmr23pgks000fv16zpwg1ms38,25,阿条从李晴旁边换座至王总和小菲之间。,completed,auto,2026-07-02T06:23:34.656+00:00
cmr34c3k00bo4v16zenndn3ku,cmr23pgks000fv16zpwg1ms38,25,阿条主动向王总声明数据组周四前同步口径并抄送。,completed,auto,2026-07-02T06:23:34.656+00:00
cmr34c3k00bo5v16z1bguo6ku,cmr23pgks000fv16zpwg1ms38,25,阿条左手腕红绳手链线头比上周松了一点。,state_changed,auto,2026-07-02T06:23:34.656+00:00
cmr34c3k00bo6v16za36gzcjo,cmr23pgks000fv16zpwg1ms38,25,阿力在聚餐结束后独自站在包厢门口未离开。,completed,auto,2026-07-02T06:23:34.656+00:00
cmr34h31r0bpqv16z2y8c4q5p,cmr23pgks000fv16zpwg1ms38,26,第26章已完成：阿力 goal changed,completed,auto,2026-07-02T06:27:27.278+00:00
cmr34h31r0bprv16zj6yfaeeu,cmr23pgks000fv16zpwg1ms38,26,第26章已完成：阿条 goal changed,completed,auto,2026-07-02T06:27:27.278+00:00
cmr34h31r0bpsv16zlrgz3oz1,cmr23pgks000fv16zpwg1ms38,26,第26章已完成：payoff/payoff_missing_progress,completed,auto,2026-07-02T06:27:27.278+00:00
cmr34h31r0bptv16z88i0wq2e,cmr23pgks000fv16zpwg1ms38,26,第26章已完成：周五协调会上阿条当众驳回阿力方案，将私人敌对公开化。,completed,auto,2026-07-02T06:27:27.278+00:00
cmr34h31r0bpuv16zn0xf4wd0,cmr23pgks000fv16zpwg1ms38,26,第26章已完成：空会议室内争吵升级至阿力砸桌，阿条以冷笑说出一直憋在心头的宣判。,completed,auto,2026-07-02T06:27:27.278+00:00
cmr34l3c90bquv16z86ji972n,cmr23pgks000fv16zpwg1ms38,26,阿条在协调会上指出阿力演示方案使用模拟数据，要求用真实脱敏数据。,completed,auto,2026-07-02T06:30:34.281+00:00
cmr34l3c90bqvv16z25zo0ldd,cmr23pgks000fv16zpwg1ms38,26,阿条在会议室揭露阿力城西银泰的谎言，并称“李晴在城西银泰看到了你”。,revealed,auto,2026-07-02T06:30:34.281+00:00
cmr34l3c90bqwv16zxisk60tv,cmr23pgks000fv16zpwg1ms38,26,阿条对阿力说“我从来就没信过你”，并宣布“从下周一开始，我们是陌生人”。,state_changed,auto,2026-07-02T06:30:34.281+00:00
cmr34l3c90bqxv16z4e47bw2j,cmr23pgks000fv16zpwg1ms38,26,阿力挥臂将方案打印件扫飞，撞倒笔槽，马克笔散落一地。,state_changed,auto,2026-07-02T06:30:34.281+00:00
cmr34l3c90bqyv16zdy77ycf4,cmr23pgks000fv16zpwg1ms38,26,李晴和小菲在会议室外听到争吵，明显感知裂痕。,revealed,auto,2026-07-02T06:30:34.281+00:00
cmr34l3c90bqzv16zi09kbeyo,cmr23pgks000fv16zpwg1ms38,26,阿条下班时红绳手链断裂，银坠磕在桌面，她未捡，留在黑暗工位。,state_changed,auto,2026-07-02T06:30:34.281+00:00
cmr34l3c90br0v16zfkknn41d,cmr23pgks000fv16zpwg1ms38,26,阿条未回复陈默关于周六聚会包厢的确认消息。,completed,auto,2026-07-02T06:30:34.281+00:00
cmr34r0lx0bs7v16z6fjqmxjd,cmr23pgks000fv16zpwg1ms38,27,第27章已完成：阿力 goal changed,completed,auto,2026-07-02T06:35:10.677+00:00
cmr34r0lx0bs8v16zu9ijz175,cmr23pgks000fv16zpwg1ms38,27,第27章已完成：阿条 goal changed,completed,auto,2026-07-02T06:35:10.677+00:00
cmr34r0lx0bs9v16z1qeobsxs,cmr23pgks000fv16zpwg1ms38,27,第27章已完成：payoff/payoff_missing_progress,completed,auto,2026-07-02T06:35:10.677+00:00
cmr34r0lx0bsav16zr2dohr8i,cmr23pgks000fv16zpwg1ms38,27,第27章已完成：阿条完成从‘我们’到‘我’的心理分离，内心不再波动。,completed,auto,2026-07-02T06:35:10.677+00:00
cmr34r0lx0bsbv16zqj6r88nd,cmr23pgks000fv16zpwg1ms38,27,第27章已完成：通过座位选择、同事试探、擦肩无视，让公共僵局明确化，同事们默认两人关系冰冻。,completed,auto,2026-07-02T06:35:10.677+00:00
cmr34uhug0btfv16zjmkl6q8p,cmr23pgks000fv16zpwg1ms38,27,阿条将抽屉中所有草莓糖纸丢弃，一张未留。,completed,auto,2026-07-02T06:37:52.984+00:00
cmr34uhug0btgv16zqnqjab4d,cmr23pgks000fv16zpwg1ms38,27,阿条左手腕红绳已断裂且未捡，手腕为空。,state_changed,auto,2026-07-02T06:37:52.984+00:00
cmr34uhug0bthv16zzph2lr7f,cmr23pgks000fv16zpwg1ms38,27,阿条在溪边明确心理分离：'从现在开始，我是我。',revealed,auto,2026-07-02T06:37:52.984+00:00
cmr34uhuh0btiv16zjkjzoxys,cmr23pgks000fv16zpwg1ms38,27,陈默聚会地点为湖滨烤肉店，包厢名'清风'，时间五点半。,revealed,auto,2026-07-02T06:37:52.984+00:00
cmr34uhuh0btjv16zarohu5lc,cmr23pgks000fv16zpwg1ms38,27,王总要求阿力周五下午提交演示初版，并警告上次数据口径问题。,revealed,auto,2026-07-02T06:37:52.984+00:00
cmr34uhuh0btkv16zgqi5iir0,cmr23pgks000fv16zpwg1ms38,27,公司团建中，阿条与阿力全程无直接交流，座位、用餐均分隔。,completed,auto,2026-07-02T06:37:52.984+00:00
cmr357nfh0bwiv16z3nxkjbtk,cmr23pgks000fv16zpwg1ms38,29,第29章已完成：plot/obligation_gap,completed,auto,2026-07-02T06:48:06.749+00:00
cmr357nfh0bwjv16zr0x0ft3e,cmr23pgks000fv16zpwg1ms38,29,第29章已完成：plot/mission_misalignment,completed,auto,2026-07-02T06:48:06.749+00:00
cmr357nfh0bwkv16zxug5mmdq,cmr23pgks000fv16zpwg1ms38,29,第29章已完成：character/missing_required_appearances,completed,auto,2026-07-02T06:48:06.749+00:00
cmr357nfh0bwlv16zq1vmq6l2,cmr23pgks000fv16zpwg1ms38,29,第29章已完成：阿条以幽会信物为由约出阿力，实际为对峙,completed,auto,2026-07-02T06:48:06.749+00:00
cmr357nfh0bwmv16zqckad3lj,cmr23pgks000fv16zpwg1ms38,29,第29章已完成：阿条明确要求查看阿力备用手机，阿力强硬拒绝,completed,auto,2026-07-02T06:48:06.749+00:00
cmr35ayol0bxov16zhy7whdwf,cmr23pgks000fv16zpwg1ms38,29,阿条在木栈道摔碎巧克力盒，红绳银坠子掉入木板缝隙,state_changed,auto,2026-07-02T06:50:41.301+00:00
cmr35ayom0bxpv16z05vxtjbx,cmr23pgks000fv16zpwg1ms38,29,阿力承认有备用手机但以隐私为由拒绝展示,revealed,auto,2026-07-02T06:50:41.301+00:00
cmr35ayom0bxqv16z1fovxmqv,cmr23pgks000fv16zpwg1ms38,29,阿条宣布从下周一起两人为真正的陌生人,revealed,auto,2026-07-02T06:50:41.301+00:00
cmr35ayom0bxrv16zcd16phdd,cmr23pgks000fv16zpwg1ms38,29,阿条收到若若微信消息：“今天下午三点有空吗？”,revealed,auto,2026-07-02T06:50:41.301+00:00
cmr35fv770bz9v16zxi0ir7py,cmr23pgks000fv16zpwg1ms38,30,第30章已完成：阿力 goal changed,completed,auto,2026-07-02T06:54:30.066+00:00
cmr35fv770bzav16z4suul2l0,cmr23pgks000fv16zpwg1ms38,30,第30章已完成：阿条 goal changed,completed,auto,2026-07-02T06:54:30.066+00:00
cmr35fv770bzbv16zpf0ujjpi,cmr23pgks000fv16zpwg1ms38,30,第30章已完成：plot/obligation_gap,completed,auto,2026-07-02T06:54:30.066+00:00
cmr35fv770bzcv16zkwh2wmdr,cmr23pgks000fv16zpwg1ms38,30,第30章已完成：阿条逐张删除手机中与阿力的合影,completed,auto,2026-07-02T06:54:30.066+00:00
cmr35fv770bzdv16zprapfi2o,cmr23pgks000fv16zpwg1ms38,30,第30章已完成：阿条清空与阿力的全部聊天记录,completed,auto,2026-07-02T06:54:30.066+00:00
cmr35nukx0c0jv16z19mjmmu5,cmr23pgks000fv16zpwg1ms38,30,阿条删除了手机中所有与阿力的照片和聊天记录。,completed,auto,2026-07-02T07:00:42.512+00:00
cmr35nukx0c0kv16zoz664pfm,cmr23pgks000fv16zpwg1ms38,30,阿条从通讯录中删除阿力的号码。,completed,auto,2026-07-02T07:00:42.512+00:00
cmr35nukx0c0lv16zq9auzffr,cmr23pgks000fv16zpwg1ms38,30,阿条在备忘录中写下“已删”。,completed,auto,2026-07-02T07:00:42.512+00:00
cmr35nukx0c0mv16zp7bopsa9,cmr23pgks000fv16zpwg1ms38,30,阿条向若若发送消息：“团建结束，我们该把自己拆干净了。”,completed,auto,2026-07-02T07:00:42.512+00:00
cmr35nukx0c0nv16zs3hbihjb,cmr23pgks000fv16zpwg1ms38,30,阿条确认陈默聚会包厢号为“清风，五点半”。,completed,auto,2026-07-02T07:00:42.512+00:00
cmr35sv5q0c27v16z8jy4ggpf,cmr23pgks000fv16zpwg1ms38,31,第31章已完成：payoff/payoff_missing_progress,completed,auto,2026-07-02T07:04:36.542+00:00
cmr35sv5q0c28v16zlekwhk2w,cmr23pgks000fv16zpwg1ms38,31,第31章已完成：阿条将疑点摊开质问，阿力以回避和轻描淡写回应，使阿条从期待澄清转为更深失望，完成信任进一步崩塌。,completed,auto,2026-07-02T07:04:36.542+00:00
cmr35y9mz0c3fv16z7xlmvev4,cmr23pgks000fv16zpwg1ms38,31,阿条与若若约定次日湖滨银泰一楼咖啡店靠窗第三卡座下午三点见面。,completed,auto,2026-07-02T07:08:48.586+00:00
cmr35y9mz0c3gv16z7zm6mq5c,cmr23pgks000fv16zpwg1ms38,31,阿力在天台以“私事”回应若若询问，以“隐私”回应备用手机。,revealed,auto,2026-07-02T07:08:48.586+00:00
cmr35y9mz0c3hv16zdaow0w2f,cmr23pgks000fv16zpwg1ms38,31,阿条对阿力宣称今后只像同事般交流，不再私谈。,state_changed,auto,2026-07-02T07:08:48.586+00:00
cmr35y9mz0c3iv16zk3e5lohj,cmr23pgks000fv16zpwg1ms38,31,阿条不再佩戴红绳银坠子手链，手腕仅留痕迹。,state_changed,auto,2026-07-02T07:08:48.586+00:00
cmr35y9mz0c3jv16zaguw80wr,cmr23pgks000fv16zpwg1ms38,31,阿条收起新发夹，没有使用。,state_changed,auto,2026-07-02T07:08:48.586+00:00
cmr364wcb0c5gv16zsf1txtsv,cmr23pgks000fv16zpwg1ms38,32,第32章已完成：阿力 goal changed,completed,auto,2026-07-02T07:13:57.947+00:00
cmr364wcb0c5hv16zjz298c2f,cmr23pgks000fv16zpwg1ms38,32,第32章已完成：阿条 goal changed,completed,auto,2026-07-02T07:13:57.947+00:00
cmr364wcb0c5iv16zsrfph55j,cmr23pgks000fv16zpwg1ms38,32,第32章已完成：payoff/payoff_missing_progress,completed,auto,2026-07-02T07:13:57.947+00:00
cmr364wcb0c5jv16zxg1xk9vf,cmr23pgks000fv16zpwg1ms38,32,第32章已完成：通过手机时间戳证据拆穿阿力声称加班却出现在商场的谎言,completed,auto,2026-07-02T07:13:57.947+00:00
cmr364wcb0c5kv16z3tc5tsfy,cmr23pgks000fv16zpwg1ms38,32,第32章已完成：迫使阿力承认与前女友见面，但立即转向推卸责任,completed,auto,2026-07-02T07:13:57.947+00:00
cmr36aeg40c6kv16zfz8j8d52,cmr23pgks000fv16zpwg1ms38,32,阿力承认若若是前女友，上周四下午在城西银泰见面。,revealed,auto,2026-07-02T07:18:14.692+00:00
cmr36aeg40c6lv16zfnpyj9wd,cmr23pgks000fv16zpwg1ms38,32,阿条出示阿力于当日16:07发送的声称加班的微信截图作为说谎证据。,revealed,auto,2026-07-02T07:18:14.692+00:00
cmr36aeg40c6mv16z3ddsgzpp,cmr23pgks000fv16zpwg1ms38,32,阿力以“你非要这样想我也没办法”推卸责任。,state_changed,auto,2026-07-02T07:18:14.692+00:00
cmr36aeg40c6nv16zt3glotp3,cmr23pgks000fv16zpwg1ms38,32,阿条将草莓糖、糖纸、工作笔记装入牛皮纸信封带走。,completed,auto,2026-07-02T07:18:14.692+00:00
cmr36aeg40c6ov16z2h7y31gj,cmr23pgks000fv16zpwg1ms38,32,阿条摔粉色笑脸弹簧发夹后捡起带走。,completed,auto,2026-07-02T07:18:14.692+00:00
cmr36aeg40c6pv16z6mgy68nk,cmr23pgks000fv16zpwg1ms38,32,阿条收到陈默聚会提醒“周日五点半，清风包厢”，未回复。,completed,auto,2026-07-02T07:18:14.692+00:00
cmr36gghi0c9bv16zacymkdau,cmr23pgks000fv16zpwg1ms38,33,阿条向阿力发送短信“我们之间，到此为止。”,completed,auto,2026-07-02T07:22:57.269+00:00
cmr36gghi0c9cv16zw3641tkm,cmr23pgks000fv16zpwg1ms38,33,阿条删除阿力的手机联系人并清空微信聊天记录。,completed,auto,2026-07-02T07:22:57.269+00:00
cmr36gghi0c9dv16zn5xmmkx1,cmr23pgks000fv16zpwg1ms38,33,阿条将粉色笑脸弹簧发夹放入抽屉，不再用于伪装情绪。,completed,auto,2026-07-02T07:22:57.269+00:00
cmr36gghi0c9ev16zx6v3v2mx,cmr23pgks000fv16zpwg1ms38,33,阿条在备忘录中标记暗语系统已废弃，恢复词汇日常用法。,completed,auto,2026-07-02T07:22:57.269+00:00
cmr8kc8oi0d0fv16z5hiqcqiw,cmr23pgks000fv16zpwg1ms38,34,第34章已完成：payoff/payoff_missing_progress,completed,auto,2026-07-06T01:50:26.034+00:00
cmr8kc8oi0d0gv16z2wqcpsbk,cmr23pgks000fv16zpwg1ms38,34,第34章已完成：阿条与阿力全天零接触（无对话、无眼神交流、无肢体触碰）。,completed,auto,2026-07-06T01:50:26.034+00:00
cmr8kc8oi0d0hv16zykcsfr9t,cmr23pgks000fv16zpwg1ms38,34,第34章已完成：阿条通过调整屏幕角度、刻意不抬头、快速传递文件等动作建立物理距离。,completed,auto,2026-07-06T01:50:26.034+00:00
cmr8kc8oi0d0iv16ziqgg738s,cmr23pgks000fv16zpwg1ms38,34,第34章已完成：小菲察觉异样并借故试探，阿条以身体不适为由搪塞。,completed,auto,2026-07-06T01:50:26.034+00:00
cmr8kc8oi0d0jv16zcnax4cdk,cmr23pgks000fv16zpwg1ms38,34,第34章已完成：李晴以朋友姿态关心，阿条同样搪塞，引发李晴更深怀疑。,completed,auto,2026-07-06T01:50:26.034+00:00
cmr8kfzj00d1ov16zvvaqkyoe,cmr23pgks000fv16zpwg1ms38,34,阿条将桌面文件架左移三厘米以遮挡阿力方向视线。,completed,auto,2026-07-06T01:53:20.796+00:00
cmr8kfzj00d1pv16zr874sa61,cmr23pgks000fv16zpwg1ms38,34,阿条不再佩戴红绳手链，手腕仅有浅白色压痕。,state_changed,auto,2026-07-06T01:53:20.796+00:00
cmr8kfzj00d1qv16zn58gwved,cmr23pgks000fv16zpwg1ms38,34,李晴通过微信私下询问阿条：“你红绳是不是他自己断的”。,completed,auto,2026-07-06T01:53:20.796+00:00
cmr8kfzj00d1rv16z2tsa2mnx,cmr23pgks000fv16zpwg1ms38,34,阿力通过透明文件夹传递数据口径对比表，附手写便签条。,completed,auto,2026-07-06T01:53:20.796+00:00
cmr8kfzj00d1sv16zwk62ycg7,cmr23pgks000fv16zpwg1ms38,34,小菲给阿条速溶奶茶被婉拒。,completed,auto,2026-07-06T01:53:20.796+00:00
cmr8kfzj10d1tv16zi86uhj80,cmr23pgks000fv16zpwg1ms38,34,陈默发微信提醒周六聚会：“周六五点半清风包厢，别忘了。”,completed,auto,2026-07-06T01:53:20.796+00:00
cmr8kj6qx0d2yv16z5pi3szxo,cmr23pgks000fv16zpwg1ms38,35,第35章已完成：payoff/payoff_missing_progress,completed,auto,2026-07-06T01:55:50.121+00:00
cmr8kj6qx0d2zv16zexdbibfi,cmr23pgks000fv16zpwg1ms38,35,第35章已完成：通过团建通知邮件将外部压力强加于冷战中的阿条，迫使她意识到回避策略即将失效，关系已无路可退，从而将内心焦虑推至阶段性顶点。,completed,auto,2026-07-06T01:55:50.121+00:00
cmr8kkw6g0d43v16znjyn0cpg,cmr23pgks000fv16zpwg1ms38,35,团建于下周五至周日在千岛湖拓展基地举行，三天封闭，两人一间。,revealed,auto,2026-07-06T01:57:09.736+00:00
cmr8kkw6g0d44v16z8l68l4vm,cmr23pgks000fv16zpwg1ms38,35,住宿按性别分房，可指定同住人周三前报备，逾期随机分配。,revealed,auto,2026-07-06T01:57:09.736+00:00
cmr8kkw6g0d45v16zssvqla3e,cmr23pgks000fv16zpwg1ms38,35,团建分组由教练随机抽签决定，同部门原则上分散编入不同小组。,revealed,auto,2026-07-06T01:57:09.736+00:00
cmr8kkw6g0d46v16zb1c7d34z,cmr23pgks000fv16zpwg1ms38,35,陈默聚会定于本周六17:30清风包厢。,revealed,auto,2026-07-06T01:57:09.736+00:00
cmr8kkw6g0d47v16znkddeydz,cmr23pgks000fv16zpwg1ms38,35,阿条和阿力均在工作群内确认参加团建。,completed,auto,2026-07-06T01:57:09.736+00:00
cmr8kkw6g0d48v16zfnjui3cb,cmr23pgks000fv16zpwg1ms38,35,阿条左手手腕红绳压痕变淡，仅剩浅白色印子。,state_changed,auto,2026-07-06T01:57:09.736+00:00
cmr8kkw6h0d49v16zbnvfekty,cmr23pgks000fv16zpwg1ms38,35,阿力在工位转动手链上的银珠，面前屏幕显示团建通知。,revealed,auto,2026-07-06T01:57:09.736+00:00
cmr8kp1p30d5dv16zqycsos6v,cmr23pgks000fv16zpwg1ms38,36,第36章已完成：阿力 goal changed,completed,auto,2026-07-06T02:00:23.511+00:00
cmr8kp1p30d5ev16zrcn18wf5,cmr23pgks000fv16zpwg1ms38,36,第36章已完成：阿条 goal changed,completed,auto,2026-07-06T02:00:23.511+00:00
cmr8kp1p30d5fv16ze3jd49nk,cmr23pgks000fv16zpwg1ms38,36,第36章已完成：payoff/payoff_missing_progress,completed,auto,2026-07-06T02:00:23.511+00:00
cmr8kp1p30d5gv16zp37wy85l,cmr23pgks000fv16zpwg1ms38,36,第36章已完成：冷战从无声回避升级为制度性隔离，便签成为标志性物件。,completed,auto,2026-07-06T02:00:23.511+00:00
cmr8kp1p30d5hv16zon9i3agf,cmr23pgks000fv16zpwg1ms38,36,第36章已完成：阿条首次体验职业化冷漠的致命性，被迫直面关系终结的现实。,completed,auto,2026-07-06T02:00:23.511+00:00
cmr8ktu9q0d6lv16zig2j5c61,cmr23pgks000fv16zpwg1ms38,36,阿力通过五张便签完成工作交接，两人全天无直接语言交流。,completed,auto,2026-07-06T02:04:07.165+00:00
cmr8ktu9q0d6mv16zy8i0gjag,cmr23pgks000fv16zpwg1ms38,36,团建补充通知禁止调换组别、手机静音、训练场内禁打电话。,revealed,auto,2026-07-06T02:04:07.165+00:00
cmr8ktu9q0d6nv16zmpzufhg8,cmr23pgks000fv16zpwg1ms38,36,阿条接受仅走工作流程的关系状态，将五张便签收为工作记录。,state_changed,auto,2026-07-06T02:04:07.165+00:00
cmr8kyth10d88v16znqowsz0g,cmr23pgks000fv16zpwg1ms38,37,第37章已完成：payoff/payoff_missing_progress,completed,auto,2026-07-06T02:07:59.411+00:00
cmr8kyth10d89v16z3i16bhqn,cmr23pgks000fv16zpwg1ms38,37,第37章已完成：借工作之名发出缓和信号，展现阿条内心最后的期待与脆弱。,completed,auto,2026-07-06T02:07:59.411+00:00
cmr8kyth10d8av16z81dp14cu,cmr23pgks000fv16zpwg1ms38,37,第37章已完成：通过已读标记和走廊敷衍完成情感冰点的一击，使阿条彻底放弃幻想。,completed,auto,2026-07-06T02:07:59.411+00:00
cmr8kyth10d8bv16zxu85n5h2,cmr23pgks000fv16zpwg1ms38,37,第37章已完成：用具体行动（取消特别关注、专注项目）完成从等待到切割的转折，体现自尊觉醒。,completed,auto,2026-07-06T02:07:59.411+00:00
cmr8kyth10d8cv16zb76x2x0m,cmr23pgks000fv16zpwg1ms38,37,第37章已完成：为下一章团建危机提供明确铺垫，如团建通知确认或预感即将到来的压力。,completed,auto,2026-07-06T02:07:59.411+00:00
cmr8l12y20d9gv16z55o8jf9g,cmr23pgks000fv16zpwg1ms38,37,阿条通过微信向阿力发送工作消息，但阿力未回微信，凌晨以邮件回复并抄送王总。,completed,auto,2026-07-06T02:09:45.002+00:00
cmr8l12y20d9hv16zmmotrn11,cmr23pgks000fv16zpwg1ms38,37,阿条取消了对阿力微信的特别关注。,completed,auto,2026-07-06T02:09:45.002+00:00
cmr8l12y20d9iv16z0ucp7bqn,cmr23pgks000fv16zpwg1ms38,37,阿条将阿力的微信备注名改为全名，并取消置顶聊天。,completed,auto,2026-07-06T02:09:45.002+00:00
cmr8l12y20d9jv16z8nfb6szp,cmr23pgks000fv16zpwg1ms38,37,阿条清空了与阿力的微信聊天记录。,completed,auto,2026-07-06T02:09:45.002+00:00
cmr8l12y20d9kv16z5zho5hvk,cmr23pgks000fv16zpwg1ms38,37,阿条回复陈默：“工作上还在联系”。,revealed,auto,2026-07-06T02:09:45.002+00:00
cmr8l12y20d9lv16z2s7luxm0,cmr23pgks000fv16zpwg1ms38,37,团建分组从随机抽签改为自主组队，每组四人。,revealed,auto,2026-07-06T02:09:45.002+00:00
cmr8l12y20d9mv16zxv186x5b,cmr23pgks000fv16zpwg1ms38,37,阿条加入李晴的队伍，成员包括李响和周姐。,completed,auto,2026-07-06T02:09:45.002+00:00
cmr8l12y20d9nv16zrz1x7jcv,cmr23pgks000fv16zpwg1ms38,37,团建住宿按性别分房，两人一间，可报备同住人，逾期随机分配。,revealed,auto,2026-07-06T02:09:45.002+00:00
cmr8lamsu0dc7v16z8m087jin,cmr23pgks000fv16zpwg1ms38,38,王总明确要求阿条不带情绪，团建后视情况谈话。,state_changed,auto,2026-07-06T02:17:10.638+00:00
cmr8lamsu0dc8v16zxv0ejgpp,cmr23pgks000fv16zpwg1ms38,38,团建分组：阿条B组，阿力A组，晚间活动同厅。,revealed,auto,2026-07-06T02:17:10.638+00:00
cmr8lamsu0dc9v16zsgnpobjx,cmr23pgks000fv16zpwg1ms38,38,阿条手机发现周日下午前端招聘搜索记录，操作者不明。,revealed,auto,2026-07-06T02:17:10.638+00:00
cmr8lamsu0dcav16zew22u03v,cmr23pgks000fv16zpwg1ms38,38,陈默证实阿力一周前向他询问上海招聘市场。,revealed,auto,2026-07-06T02:17:10.638+00:00
cmr8lamsu0dcbv16z2xzr6flv,cmr23pgks000fv16zpwg1ms38,38,阿条以邮件商务沟通回应阿力，确立公务化隔离模式。,completed,auto,2026-07-06T02:17:10.638+00:00
cmr8ljtk40df5v16zy0ih06cw,cmr23pgks000fv16zpwg1ms38,39,阿条将包含历史聊天记录截图的新建文件夹命名为“留档”并存入相册。,completed,auto,2026-07-06T02:24:19.300+00:00
cmr8ljtk40df6v16zgn7kq696,cmr23pgks000fv16zpwg1ms38,39,阿条在暗语备忘录中删除旧说明，改为“不再需要”。,state_changed,auto,2026-07-06T02:24:19.300+00:00
cmr8ljtk40df7v16zxk558wzp,cmr23pgks000fv16zpwg1ms38,39,阿条将红裙折入行李箱夹层，装有糖纸、残页、发夹的牛皮纸信封放入侧袋。,completed,auto,2026-07-06T02:24:19.300+00:00
cmr8ljtk40df8v16ziszseq4e,cmr23pgks000fv16zpwg1ms38,39,阿条删除了与阿力的全部聊天记录并关机。,completed,auto,2026-07-06T02:24:19.300+00:00
cmr8ljtk40df9v16zs9ugif18,cmr23pgks000fv16zpwg1ms38,39,阿条决定穿红裙参加团建，动机声明“不是穿给他看”。,revealed,auto,2026-07-06T02:24:19.300+00:00
cmr8lt4gs0digv16zl5mgfi3a,cmr23pgks000fv16zpwg1ms38,40,阿力向行政部申请单人间并获批准，理由为“特殊原因不方便拼房”,revealed,auto,2026-07-06T02:31:33.340+00:00
cmr8lt4gs0dihv16zgfnsw10x,cmr23pgks000fv16zpwg1ms38,40,李晴因公司系统紧急情况在团建报到后被临时召回杭州,completed,auto,2026-07-06T02:31:33.340+00:00
cmr8lt4gs0diiv16z68ganc40,cmr23pgks000fv16zpwg1ms38,40,阿条的房间被调整到206室，与阿力的205室相邻,revealed,auto,2026-07-06T02:31:33.340+00:00
cmr8lt4gs0dijv16z8q4w5b9k,cmr23pgks000fv16zpwg1ms38,40,阿条手机关机，聊天记录清空，但“留档”文件夹仍保存,revealed,auto,2026-07-06T02:31:33.340+00:00
cmr8lt4gs0dikv16zbu42rip5,cmr23pgks000fv16zpwg1ms38,40,红裙仍压在阿条行李箱最底层，未取出也未丢弃,state_changed,auto,2026-07-06T02:31:33.340+00:00
