id,novelId,ledgerKey,title,summary,scopeType,currentStatus,targetStartChapterOrder,targetEndChapterOrder,firstSeenChapterOrder,lastTouchedChapterOrder,lastTouchedChapterId,setupChapterId,payoffChapterId,lastSnapshotId,sourceRefsJson,evidenceJson,riskSignalsJson,statusReason,confidence,createdAt,updatedAt
cmr24eebf00fov16z7q4v9a9j,cmr23pgks000fv16zpwg1ms38,first_trust_crisis,第一次因隐瞒引发的信任危机,两人首次激烈争吵，关系出现裂痕。已通过第24-33章兑现。,book,paid_off,,,1,33,cmr24zod201sdv16zyjm3gz4z,cmr24zoaz01rhv16zmcjv20hl,cmr24zod201sdv16zyjm3gz4z,cmr8lt4hp0dinv16ztw5fne9q,"[{""kind"":""major_payoff"",""refLabel"":""第一次因隐瞒引发的信任危机"",""chapterOrder"":1,""volumeSortOrder"":1,""chapterId"":""cmr24zoaz01rhv16zmcjv20hl""}]","[{""summary"":""第33章信任碎成三个字，争吵达到顶点。"",""chapterOrder"":33,""chapterId"":""cmr24zod201sdv16zyjm3gz4z""}]",[],已通过第24-33章争吵链条兑现。,0.95,2026-07-01T13:37:35.739+00:00,2026-07-06T02:31:52.524+00:00
cmr24eebn00fpv16zvuqfa09v,cmr23pgks000fv16zpwg1ms38,secret_semi_exposed,秘密因突发事件被半公开,朋友圈和职场压力拉满，面临毁灭性后果。尚未触发半公开事件。,book,pending_payoff,35,40,1,40,cmr252pek0213v16zuwcfd0ck,cmr24zoaz01rhv16zmcjv20hl,,cmr8lt4hp0dinv16ztw5fne9q,"[{""kind"":""major_payoff"",""refLabel"":""秘密因突发事件被半公开"",""chapterOrder"":1,""volumeSortOrder"":1,""chapterId"":""cmr24zoaz01rhv16zmcjv20hl""},{""kind"":""open_conflict"",""refLabel"":""payoff_missing_progress: 秘密因突发事件被半公开"",""chapterOrder"":40,""volumeSortOrder"":1,""chapterId"":""cmr252pek0213v16zuwcfd0ck""}]","[{""summary"":""同事怀疑已升级，但尚未触发半公开事件。"",""chapterOrder"":40,""chapterId"":""cmr252pek0213v16zuwcfd0ck""}]","[{""code"":""payoff_missing_progress"",""severity"":""medium"",""summary"":""同事怀疑已升级，但尚未触发半公开事件。""}]",同事怀疑持续升温，但未形成半公开引爆点。,0.8,2026-07-01T13:37:35.747+00:00,2026-07-06T02:31:52.524+00:00
cmr24eebq00fqv16zhozelo3y,cmr23pgks000fv16zpwg1ms38,realization_of_fake_investment,发现对方从未真正投入,最终发现对方可能从未真正投入，内心彻底崩溃，在幻灭中清醒决断。,book,setup,,,1,9,cmr24zobj01rpv16zet3olxnq,cmr24zoaz01rhv16zmcjv20hl,,cmr28ct4i054lv16zo559rqej,"[{""kind"":""major_payoff"",""refLabel"":""发现对方可能从未真正投入，内心崩溃"",""chapterOrder"":0,""volumeSortOrder"":1,""chapterId"":null}]",[],"[{""code"":""sync_stale"",""severity"":""medium"",""summary"":""本轮 AI 对账没有再次命中这条伏笔，已保留旧账本并标记为 stale，等待下一次同步确认。"",""stale"":true}]",故事尚处早期，未触及此发现。,,2026-07-01T13:37:35.750+00:00,2026-07-06T02:31:52.524+00:00
cmr24eebu00frv16zui7vmvz1,cmr23pgks000fv16zpwg1ms38,ali_hidden_reason,阿力隐瞒的真实原因,阿力为何持续回避与疏远，部分揭示可能与外部机会有关。,volume,pending_payoff,35,40,14,40,cmr252pek0213v16zuwcfd0ck,cmr24zoc101ruv16zr0qqiis6,,cmr8lt4hp0dinv16ztw5fne9q,"[{""kind"":""volume_open_payoff"",""refLabel"":""阿力隐瞒的真实原因"",""chapterOrder"":1,""volumeSortOrder"":1,""chapterId"":""cmr24zoaz01rhv16zmcjv20hl""},{""kind"":""open_conflict"",""refLabel"":""payoff_missing_progress: 阿力隐瞒的真实原因"",""chapterOrder"":40,""volumeSortOrder"":1,""chapterId"":""cmr252pek0213v16zuwcfd0ck""}]","[{""summary"":""第38章暗示阿力可能在寻求外部机会，但原因未完全揭示。"",""chapterOrder"":38,""chapterId"":""cmr252peh0211v16zss2kflem""}]","[{""code"":""payoff_missing_progress"",""severity"":""medium"",""summary"":""卷内已临近结尾，原因仍未揭示。""}]",部分揭示但未完全说明。,0.7,2026-07-01T13:37:35.754+00:00,2026-07-06T02:31:52.524+00:00
cmr24eebx00fsv16z65hnqzwm,cmr23pgks000fv16zpwg1ms38,colleague_suspicion_escalation,同事的怀疑是否升级,同事怀疑持续升温，但未形成半公开引爆点。,volume,pending_payoff,35,40,9,40,cmr252pek0213v16zuwcfd0ck,cmr24zobj01rpv16zet3olxnq,cmr24zobj01rpv16zet3olxnq,cmr8lt4hp0dinv16ztw5fne9q,"[{""kind"":""volume_open_payoff"",""refLabel"":""同事的怀疑是否升级"",""chapterOrder"":1,""volumeSortOrder"":1,""chapterId"":""cmr24zoaz01rhv16zmcjv20hl""},{""kind"":""open_conflict"",""refLabel"":""payoff_missing_progress: 同事的怀疑是否升级"",""chapterOrder"":40,""volumeSortOrder"":1,""chapterId"":""cmr252pek0213v16zuwcfd0ck""}]","[{""summary"":""第40章同事怀疑已升级，但未形成半公开引爆点。"",""chapterOrder"":40,""chapterId"":""cmr252pek0213v16zuwcfd0ck""}]","[{""code"":""payoff_missing_progress"",""severity"":""medium"",""summary"":""怀疑持续升温但未形成半公开引爆点。""}]",怀疑持续升温，但未形成半公开引爆点。,0.8,2026-07-01T13:37:35.757+00:00,2026-07-06T02:31:52.524+00:00
cmr252ohr020sv16zmln6n56c,cmr23pgks000fv16zpwg1ms38,real_intention_revealed,发现对方可能从未真正投入,内心彻底崩溃，在幻灭中清醒决断。阿力真实态度仍未揭示。,book,pending_payoff,35,40,1,40,cmr252pek0213v16zuwcfd0ck,cmr24zoaz01rhv16zmcjv20hl,,cmr8lt4hp0dinv16ztw5fne9q,"[{""kind"":""major_payoff"",""refLabel"":""发现对方可能从未真正投入"",""chapterOrder"":1,""volumeSortOrder"":1,""chapterId"":""cmr24zoaz01rhv16zmcjv20hl""},{""kind"":""open_conflict"",""refLabel"":""payoff_missing_progress: 发现对方可能从未真正投入"",""chapterOrder"":40,""volumeSortOrder"":1,""chapterId"":""cmr252pek0213v16zuwcfd0ck""}]","[{""summary"":""阿力真实态度仍未揭示，阿条已开始主动筑墙。"",""chapterOrder"":40,""chapterId"":""cmr252pek0213v16zuwcfd0ck""}]","[{""code"":""payoff_missing_progress"",""severity"":""medium"",""summary"":""阿力真实态度仍未揭示，需在后续明确。""}]",阿力真实态度未揭示，但阿条已开始主动筑墙。,0.75,2026-07-01T13:56:28.671+00:00,2026-07-06T02:31:52.524+00:00
cmr252oi0020uv16z0e8biytc,cmr23pgks000fv16zpwg1ms38,ali_real_attitude,阿力在这段关系中的真实态度,阿力是否真正投入，还是只是享受禁忌刺激。,volume,pending_payoff,30,40,14,30,cmr24zocw01sav16z8wprb5vx,cmr24zoc101ruv16zr0qqiis6,,cmr35nume0c0qv16zavwu8h97,"[{""kind"":""volume_open_payoff"",""refLabel"":""他在这段关系中的真实态度"",""chapterOrder"":1,""volumeSortOrder"":1,""chapterId"":""cmr24zoaz01rhv16zmcjv20hl""}]","[{""summary"":""第32章拆穿最后一层谎言后，阿力态度仍模糊。"",""chapterOrder"":32,""chapterId"":""cmr24zod001scv16zh2hhfj2q""}]","[{""code"":""sync_stale"",""severity"":""medium"",""summary"":""本轮 AI 对账没有再次命中这条伏笔，已保留旧账本并标记为 stale，等待下一次同步确认。"",""stale"":true}]",尚未明确揭示。,,2026-07-01T13:56:28.680+00:00,2026-07-06T02:31:52.524+00:00
cmr261x3m0490v16zifo5mr7l,cmr23pgks000fv16zpwg1ms38,chenmo_message_hook,陈默的问候消息,陈默发来微信问候，阿条回复冷淡，已兑现第一章伏笔，但本章结尾陈默再次问候，暗示后续联系可能恢复。,volume,setup,4,15,2,3,cmr24zob701rjv16zoa3pmbkg,cmr24zob701rjv16zoa3pmbkg,cmr24zob501riv16zlk7xxqvy,cmr26feyn04ebv16zh84ifjuv,"[{""kind"":""chapter_payoff_ref"",""refId"":null,""refLabel"":""第3章《天台夜话》"",""chapterId"":""cmr24zob701rjv16zoa3pmbkg"",""chapterOrder"":3,""volumeId"":null,""volumeSortOrder"":null}]","[{""summary"":""陈默消息再次弹出：“这几天还好吗？杭州天气转凉了。”阿条未立即回复。"",""chapterOrder"":3,""chapterId"":""cmr24zob701rjv16zoa3pmbkg""}]","[{""code"":""sync_stale"",""severity"":""medium"",""summary"":""本轮 AI 对账没有再次命中这条伏笔，已保留旧账本并标记为 stale，等待下一次同步确认。"",""stale"":true}]",陈默消息在阿条确立新关系后再次出现，可能成为未来干扰因素。,0.85,2026-07-01T14:23:52.786+00:00,2026-07-06T02:31:52.524+00:00
cmr261x3s0491v16z1he5o8jz,cmr23pgks000fv16zpwg1ms38,forbidden_love_awareness,阿条的禁忌自觉,阿条彻底克服‘我们不能这样’的内心挣扎，完全接纳并主导秘密关系。,chapter,paid_off,4,10,1,4,cmr24zob901rkv16z4obgdvth,cmr24zoaz01rhv16zmcjv20hl,cmr24zob901rkv16z4obgdvth,cmr26psce04mov16zi89zlpdj,"[{""kind"":""chapter_payoff_ref"",""refId"":null,""refLabel"":""第4章《编码暗语》"",""chapterId"":""cmr24zob901rkv16z4obgdvth"",""chapterOrder"":4,""volumeId"":null,""volumeSortOrder"":null}]","[{""summary"":""阿条主动说出‘菠萝包’暗语，享受游戏，无任何禁忌犹豫。"",""chapterOrder"":4,""chapterId"":""cmr24zob901rkv16z4obgdvth""}]","[{""code"":""sync_stale"",""severity"":""medium"",""summary"":""本轮 AI 对账没有再次命中这条伏笔，已保留旧账本并标记为 stale，等待下一次同步确认。"",""stale"":true}]",阿条已从被动转为主动，禁忌自觉不再束缚。,0.9,2026-07-01T14:23:52.792+00:00,2026-07-01T14:42:36.344+00:00
cmr269sv004buv16zrg16bz3n,cmr23pgks000fv16zpwg1ms38,ali_night_invitation,阿力的夜晚邀约,阿力在第2章下班前私信邀约，本章阿条赴天台私会，确立关系。,chapter,paid_off,3,3,2,3,cmr24zob701rjv16zoa3pmbkg,cmr24zob501riv16zlk7xxqvy,cmr24zob701rjv16zoa3pmbkg,cmr26feyn04ebv16zh84ifjuv,"[{""kind"":""chapter_payoff_ref"",""refId"":null,""refLabel"":""第3章《天台夜话》"",""chapterId"":""cmr24zob701rjv16zoa3pmbkg"",""chapterOrder"":3,""volumeId"":null,""volumeSortOrder"":null}]","[{""summary"":""阿条前往天台与阿力见面，并主导制定秘密恋爱规则。"",""chapterOrder"":3,""chapterId"":""cmr24zob701rjv16zoa3pmbkg""}]","[{""code"":""sync_stale"",""severity"":""medium"",""summary"":""本轮 AI 对账没有再次命中这条伏笔，已保留旧账本并标记为 stale，等待下一次同步确认。"",""stale"":true}]",阿条赴约，邀约兑现并推动关系突破。,0.95,2026-07-01T14:30:00.540+00:00,2026-07-01T14:34:59.261+00:00
cmr26ff3204f2v16z6fods9j7,cmr23pgks000fv16zpwg1ms38,secret_rules_system,秘密关系规则,阿条制定三条规则及附加条件，为后续偷情日常提供框架。,chapter,setup,4,10,3,3,cmr24zob701rjv16zoa3pmbkg,cmr24zob701rjv16zoa3pmbkg,,cmr26feyn04ebv16zh84ifjuv,"[{""kind"":""foreshadow_state"",""refLabel"":""秘密关系规则"",""chapterOrder"":3,""volumeSortOrder"":1,""chapterId"":""cmr24zob701rjv16zoa3pmbkg""}]","[{""summary"":""第3章阿条制定三条规则及附加条件。"",""chapterOrder"":3,""chapterId"":""cmr24zob701rjv16zoa3pmbkg""}]","[{""code"":""sync_stale"",""severity"":""medium"",""summary"":""本轮 AI 对账没有再次命中这条伏笔，已保留旧账本并标记为 stale，等待下一次同步确认。"",""stale"":true}]",刚建立，尚未在后续章节中应用。,0.9,2026-07-01T14:34:22.622+00:00,2026-07-06T02:31:52.524+00:00
cmr26ff3704f3v16zt9vn1af5,cmr23pgks000fv16zpwg1ms38,alibi_signal_system,暗号库系统,阿条开始建立暗号库，第一条候选为“苏打水”，后续将开发更多暗语用于秘密沟通。,volume,setup,4,35,3,3,cmr24zob701rjv16zoa3pmbkg,cmr24zob701rjv16zoa3pmbkg,,cmr26feyn04ebv16zh84ifjuv,"[{""kind"":""chapter_payoff_ref"",""refId"":null,""refLabel"":""第3章《天台夜话》"",""chapterId"":""cmr24zob701rjv16zoa3pmbkg"",""chapterOrder"":3,""volumeId"":null,""volumeSortOrder"":null}]","[{""summary"":""阿条在手机备忘录写下“暗号库待建。第一条候选:苏打水。”"",""chapterOrder"":3,""chapterId"":""cmr24zob701rjv16zoa3pmbkg""}]","[{""code"":""sync_stale"",""severity"":""medium"",""summary"":""本轮 AI 对账没有再次命中这条伏笔，已保留旧账本并标记为 stale，等待下一次同步确认。"",""stale"":true}]",暗语系统是维系秘密关系的关键工具，需要持续构建。,0.88,2026-07-01T14:34:22.626+00:00,2026-07-06T02:31:52.524+00:00
cmr26ffxl04g5v16ze9f2b8mt,cmr23pgks000fv16zpwg1ms38,secret_relationship_established,秘密关系确立,阿条在天台主导制定职场隐蔽规则，阿力接受，两人正式确立秘密恋爱关系。,chapter,paid_off,3,3,3,3,cmr24zob701rjv16zoa3pmbkg,cmr24zob701rjv16zoa3pmbkg,cmr24zob701rjv16zoa3pmbkg,cmr26feyn04ebv16zh84ifjuv,"[{""kind"":""chapter_payoff_ref"",""refId"":null,""refLabel"":""第3章《天台夜话》"",""chapterId"":""cmr24zob701rjv16zoa3pmbkg"",""chapterOrder"":3,""volumeId"":null,""volumeSortOrder"":null}]","[{""summary"":""阿条提出三条规则及附加条件，阿力同意，并说“谢谢你来”。"",""chapterOrder"":3,""chapterId"":""cmr24zob701rjv16zoa3pmbkg""}]",[],本章完成秘密关系确立的里程碑。,0.95,2026-07-01T14:34:23.721+00:00,2026-07-01T14:34:23.698+00:00
cmr26ffxo04g6v16zn5soxlhm,cmr23pgks000fv16zpwg1ms38,canteen_cipher,食堂暗语,食堂暗语规则最终确认，椅子偏移上限三厘米，阿条目标完成全套表演。,volume,pending_payoff,4,5,4,5,cmr24zobb01rlv16z1chjyonq,cmr24zob901rkv16z4obgdvth,,cmr26y8qz04ppv16zakxqwzrs,"[{""kind"":""chapter_payoff_ref"",""refId"":null,""refLabel"":""第5章《茶水间脱险》"",""chapterId"":""cmr24zobb01rlv16z1chjyonq"",""chapterOrder"":5,""volumeId"":null,""volumeSortOrder"":null}]","[{""summary"":""阿力和阿条通过微信确认食堂椅子偏移规则。"",""chapterOrder"":5,""chapterId"":""cmr24zobb01rlv16z1chjyonq""}]","[{""code"":""sync_stale"",""severity"":""medium"",""summary"":""本轮 AI 对账没有再次命中这条伏笔，已保留旧账本并标记为 stale，等待下一次同步确认。"",""stale"":true}]",规则已定，即将在下一章兑现。,0.92,2026-07-01T14:34:23.724+00:00,2026-07-06T02:31:52.524+00:00
cmr26ffxs04g7v16z33s9i4f8,cmr23pgks000fv16zpwg1ms38,ali_dont_guess_condition,阿力的条件“别让我猜”,阿力答应阿条所有规则后，要求她坦诚相待，别让他猜测她的真实想法。,chapter,setup,4,10,3,3,cmr24zob701rjv16zoa3pmbkg,cmr24zob701rjv16zoa3pmbkg,,cmr26feyn04ebv16zh84ifjuv,"[{""kind"":""chapter_payoff_ref"",""refId"":null,""refLabel"":""第3章《天台夜话》"",""chapterId"":""cmr24zob701rjv16zoa3pmbkg"",""chapterOrder"":3,""volumeId"":null,""volumeSortOrder"":null}]","[{""summary"":""阿力在天台认真地说出“别让我猜”四个字，作为他唯一的条件。"",""chapterOrder"":3,""chapterId"":""cmr24zob701rjv16zoa3pmbkg""}]","[{""code"":""sync_stale"",""severity"":""medium"",""summary"":""本轮 AI 对账没有再次命中这条伏笔，已保留旧账本并标记为 stale，等待下一次同步确认。"",""stale"":true}]",为未来可能因隐瞒或误解引发的冲突埋下伏笔。,0.85,2026-07-01T14:34:23.728+00:00,2026-07-06T02:31:52.524+00:00
cmr26ffxv04g8v16zgv57nof4,cmr23pgks000fv16zpwg1ms38,chenmo_recontact,陈默再次联系,陈默发来照片问候，阿条冷淡回应，旧缘联系持续但关系仍然疏远。,volume,pending_payoff,4,15,3,5,cmr24zobb01rlv16z1chjyonq,cmr24zob701rjv16zoa3pmbkg,,cmr26y8qz04ppv16zakxqwzrs,"[{""kind"":""chapter_payoff_ref"",""refId"":null,""refLabel"":""第5章《茶水间脱险》"",""chapterId"":""cmr24zobb01rlv16z1chjyonq"",""chapterOrder"":5,""volumeId"":null,""volumeSortOrder"":null}]","[{""summary"":""陈默发来上海办公室窗外照片，问‘杭州天气好吗？’，阿条仅回‘挺好’。"",""chapterOrder"":5,""chapterId"":""cmr24zobb01rlv16z1chjyonq""}]","[{""code"":""sync_stale"",""severity"":""medium"",""summary"":""本轮 AI 对账没有再次命中这条伏笔，已保留旧账本并标记为 stale，等待下一次同步确认。"",""stale"":true}]",陈默继续主动联系，但阿条态度冷淡，为后续发展保留空间。,0.86,2026-07-01T14:34:23.731+00:00,2026-07-06T02:31:52.524+00:00
cmr26fu3004gfv16zt3qtow2k,cmr23pgks000fv16zpwg1ms38,ali_true_attitude,阿力在这段关系中的真实态度,阿力当众宣称单人间，坐实彻底回避姿态。,volume,pending_payoff,35,40,14,40,cmr252pek0213v16zuwcfd0ck,cmr24zoc101ruv16zr0qqiis6,cmr252pek0213v16zuwcfd0ck,cmr8lt4hp0dinv16ztw5fne9q,"[{""kind"":""volume_open_payoff"",""refLabel"":""他在这段关系中的真实态度"",""chapterOrder"":1,""volumeSortOrder"":1,""chapterId"":""cmr24zoaz01rhv16zmcjv20hl""},{""kind"":""foreshadow_state"",""refLabel"":""阿力真实态度"",""chapterOrder"":40,""volumeSortOrder"":1,""chapterId"":""cmr252pek0213v16zuwcfd0ck""}]","[{""summary"":""第40章阿力当众宣称单人间，完全断绝同事合住可能。"",""chapterOrder"":40,""chapterId"":""cmr252pek0213v16zuwcfd0ck""}]","[{""code"":""payoff_missing_progress"",""severity"":""medium"",""summary"":""阿力真实态度仍未揭示，需在后续明确。""}]",回避姿态坐实，但真实态度未完全揭示。,0.7,2026-07-01T14:34:42.060+00:00,2026-07-06T02:31:52.524+00:00
cmr26fu3704ghv16zab10n1z3,cmr23pgks000fv16zpwg1ms38,ati_night_invitation,阿力的夜晚邀约,阿力邀约阿条夜晚天台见面，已兑现。,chapter,paid_off,,,1,3,cmr24zob701rjv16zoa3pmbkg,cmr24zoaz01rhv16zmcjv20hl,cmr24zob701rjv16zoa3pmbkg,cmr26feyn04ebv16zh84ifjuv,"[{""kind"":""foreshadow_state"",""refLabel"":""阿力的夜晚邀约"",""chapterOrder"":3,""volumeSortOrder"":1,""chapterId"":""cmr24zob701rjv16zoa3pmbkg""}]","[{""summary"":""第3章阿条赴约天台，邀约兑现。"",""chapterOrder"":3,""chapterId"":""cmr24zob701rjv16zoa3pmbkg""}]",[],已明确兑现。,1.0,2026-07-01T14:34:42.067+00:00,2026-07-01T14:34:42.032+00:00
cmr26fu3m04glv16zesgksfrj,cmr23pgks000fv16zpwg1ms38,ati_goal_shift,阿条目标转变,阿条从决定如何回应邀约转为执行秘密恋爱规则。,chapter,paid_off,,,3,3,cmr24zob701rjv16zoa3pmbkg,cmr24zob701rjv16zoa3pmbkg,cmr24zob701rjv16zoa3pmbkg,cmr26feyn04ebv16zh84ifjuv,"[{""kind"":""open_conflict"",""refLabel"":""阿条 goal changed"",""chapterOrder"":3,""volumeSortOrder"":1,""chapterId"":""cmr24zob701rjv16zoa3pmbkg""}]","[{""summary"":""第3章阿条制定规则，目标转变明确。"",""chapterOrder"":3,""chapterId"":""cmr24zob701rjv16zoa3pmbkg""}]",[],目标转变已在第3章明确触发。,0.95,2026-07-01T14:34:42.082+00:00,2026-07-01T14:34:42.032+00:00
cmr26fu3o04gmv16zhwm5qbxk,cmr23pgks000fv16zpwg1ms38,ali_goal_shift,阿力目标转变：保持回避但面临摊牌压力,阿力从保持回避拒绝对峙，转为继续保持回避但面临被摊牌的压力。,chapter,pending_payoff,,,30,30,cmr24zocw01sav16z8wprb5vx,cmr24zocw01sav16z8wprb5vx,cmr24zob701rjv16zoa3pmbkg,cmr35nume0c0qv16zavwu8h97,"[{""kind"":""open_conflict"",""refLabel"":""阿力 goal changed"",""chapterOrder"":30,""volumeSortOrder"":1,""chapterId"":""cmr24zocw01sav16z8wprb5vx""}]","[{""summary"":""第30章阿条摊牌消息发出，阿力面临压力。"",""chapterOrder"":30,""chapterId"":""cmr24zocw01sav16z8wprb5vx""}]","[{""code"":""sync_stale"",""severity"":""medium"",""summary"":""本轮 AI 对账没有再次命中这条伏笔，已保留旧账本并标记为 stale，等待下一次同步确认。"",""stale"":true}]",目标转变已触发，但尚未明确执行。,,2026-07-01T14:34:42.084+00:00,2026-07-06T02:31:52.524+00:00
cmr26fuge04gxv16z2orz6qjq,cmr23pgks000fv16zpwg1ms38,secret_rules_established,三条秘密关系规则,第3章创建了规则，后续将面临规则被挑战或破坏的风险。,chapter,setup,4,40,3,3,cmr24zob701rjv16zoa3pmbkg,cmr24zob701rjv16zoa3pmbkg,,cmr26feyn04ebv16zh84ifjuv,"[{""kind"":""foreshadow_state"",""refLabel"":""三条秘密关系规则"",""chapterOrder"":3,""volumeSortOrder"":1,""chapterId"":""cmr24zob701rjv16zoa3pmbkg""}]","[{""summary"":""第3章确立规则，尚未被挑战。"",""chapterOrder"":3,""chapterId"":""cmr24zob701rjv16zoa3pmbkg""}]","[{""code"":""sync_stale"",""severity"":""medium"",""summary"":""本轮 AI 对账没有再次命中这条伏笔，已保留旧账本并标记为 stale，等待下一次同步确认。"",""stale"":true}]",已建立铺垫，尚未进入兑现窗口。,0.9,2026-07-01T14:34:42.542+00:00,2026-07-06T02:31:52.524+00:00
cmr26fugh04gyv16ze40zziun,cmr23pgks000fv16zpwg1ms38,code_library_and_soda,暗号库与苏打水,暗语系统新增“稳”作为暗语，并通过深夜消息实战使用，系统进一步成熟，待食堂游戏兑现。,chapter,pending_payoff,4,40,4,6,cmr24zobd01rmv16z1nhh9ss5,cmr24zob901rkv16z4obgdvth,,cmr274qxw04skv16zz42ick5d,"[{""kind"":""chapter_payoff_ref"",""refId"":null,""refLabel"":""第6章《选择沉溺》"",""chapterId"":""cmr24zobd01rmv16z1nhh9ss5"",""chapterOrder"":6,""volumeId"":null,""volumeSortOrder"":null}]","[{""summary"":""阿条发送“稳”，阿力回复“你也稳”，成为双方懂的新暗语。"",""chapterOrder"":6,""chapterId"":""cmr24zobd01rmv16z1nhh9ss5""}]","[{""code"":""sync_stale"",""severity"":""medium"",""summary"":""本轮 AI 对账没有再次命中这条伏笔，已保留旧账本并标记为 stale，等待下一次同步确认。"",""stale"":true}]",本章在测试后首次正式使用暗语进行非计划沟通，推进系统实用化。,0.9,2026-07-01T14:34:42.544+00:00,2026-07-06T02:31:52.524+00:00
cmr26fugi04gzv16zdxhtb4a6,cmr23pgks000fv16zpwg1ms38,chen_mo_greeting,陈默的再次问候,陈默发来微信‘在忙吗？’，阿条回复‘刚吃完饭，你呢？’后中断对话，关系冷淡。,chapter,pending_payoff,4,40,1,4,cmr24zob901rkv16z4obgdvth,cmr24zoaz01rhv16zmcjv20hl,,cmr26psce04mov16zi89zlpdj,"[{""kind"":""chapter_payoff_ref"",""refId"":null,""refLabel"":""第4章《编码暗语》"",""chapterId"":""cmr24zob901rkv16z4obgdvth"",""chapterOrder"":4,""volumeId"":null,""volumeSortOrder"":null}]","[{""summary"":""陈默再次联系，阿条回复简短，未延续话题。"",""chapterOrder"":4,""chapterId"":""cmr24zob901rkv16z4obgdvth""}]","[{""code"":""sync_stale"",""severity"":""medium"",""summary"":""本轮 AI 对账没有再次命中这条伏笔，已保留旧账本并标记为 stale，等待下一次同步确认。"",""stale"":true}]",陈默仍尝试联系，但阿条已心不在焉，预示未来决裂。,0.8,2026-07-01T14:34:42.546+00:00,2026-07-06T02:31:52.524+00:00
cmr26fugn04h0v16z84qytam2,cmr23pgks000fv16zpwg1ms38,chapter1_hook_payoff,开卷抓手：办公室内几乎暴露的亲密瞬间,第1章建立禁忌感与悬念，已兑现。,chapter,paid_off,,,1,1,cmr24zoaz01rhv16zmcjv20hl,cmr24zoaz01rhv16zmcjv20hl,cmr24zoaz01rhv16zmcjv20hl,cmr26feyn04ebv16zh84ifjuv,"[{""kind"":""chapter_payoff_ref"",""refLabel"":""第1章《隔间心跳》开卷抓手"",""chapterOrder"":1,""volumeSortOrder"":1,""chapterId"":""cmr24zoaz01rhv16zmcjv20hl""}]","[{""summary"":""第1章已兑现几乎暴露的亲密瞬间。"",""chapterOrder"":1,""chapterId"":""cmr24zoaz01rhv16zmcjv20hl""}]",[],已明确兑现。,1.0,2026-07-01T14:34:42.551+00:00,2026-07-01T14:34:42.515+00:00
cmr26fugy04h1v16zdqhxjqlc,cmr23pgks000fv16zpwg1ms38,chapter2_hook_payoff,半兑现开篇钩子‘我们不能这样’的紧张,第2章将紧张转化为刺激兴奋，为第3章做准备。,chapter,paid_off,,,2,2,cmr24zob501riv16zlk7xxqvy,cmr24zob501riv16zlk7xxqvy,cmr24zob501riv16zlk7xxqvy,cmr26feyn04ebv16zh84ifjuv,"[{""kind"":""chapter_payoff_ref"",""refLabel"":""第2章《陌生演技》半兑现"",""chapterOrder"":2,""volumeSortOrder"":1,""chapterId"":""cmr24zob501riv16zlk7xxqvy""}]","[{""summary"":""第2章将紧张转化为刺激兴奋。"",""chapterOrder"":2,""chapterId"":""cmr24zob501riv16zlk7xxqvy""}]",[],已明确兑现。,1.0,2026-07-01T14:34:42.562+00:00,2026-07-01T14:34:42.515+00:00
cmr26fuh004h2v16z43e593nv,cmr23pgks000fv16zpwg1ms38,chapter3_transition_payoff,阿条从被动诱惑到主动掌控的转变,第3章兑现‘禁忌之始’的甜蜜刺激承诺，秘密关系正式确立。,chapter,paid_off,,,3,3,cmr24zob701rjv16zoa3pmbkg,cmr24zob701rjv16zoa3pmbkg,cmr24zob701rjv16zoa3pmbkg,cmr26feyn04ebv16zh84ifjuv,"[{""kind"":""chapter_payoff_ref"",""refLabel"":""第3章《天台夜话》兑现"",""chapterOrder"":3,""volumeSortOrder"":1,""chapterId"":""cmr24zob701rjv16zoa3pmbkg""}]","[{""summary"":""第3章确立秘密关系，完成心理转变。"",""chapterOrder"":3,""chapterId"":""cmr24zob701rjv16zoa3pmbkg""}]",[],已明确兑现。,1.0,2026-07-01T14:34:42.564+00:00,2026-07-01T14:34:42.515+00:00
cmr26g7db04hav16zcao39mqq,cmr23pgks000fv16zpwg1ms38,secret_semi_exposure,秘密半公开与职场毁灭性压力,秘密因突发事件被半公开，朋友圈和职场的压力瞬间拉满，面临毁灭性后果。,book,setup,,,,,,,,cmr269sr004b3v16zvdhpsups,"[{""kind"":""major_payoff"",""refLabel"":""秘密因某个突发事件被半公开，朋友圈和职场的压力瞬间拉满，面临毁灭性后果。"",""chapterId"":null}]",[],"[{""code"":""sync_stale"",""severity"":""medium"",""summary"":""本轮 AI 对账没有再次命中这条伏笔，已保留旧账本并标记为 stale，等待下一次同步确认。"",""stale"":true}]",书级重要节点，目前尚未有任何章节推进或铺垫。,,2026-07-01T14:34:59.279+00:00,2026-07-06T02:31:52.524+00:00
cmr26g7de04hbv16zph43aiot,cmr23pgks000fv16zpwg1ms38,false_investment_realization,识破虚伪投入与最终决断,最终发现阿力从未真正投入，内心崩溃后清醒决断。,book,setup,,,,,,,,cmr269sr004b3v16zvdhpsups,"[{""kind"":""major_payoff"",""refLabel"":""最终发现对方可能从未真正投入，内心彻底崩溃，在幻灭中清醒决断。"",""chapterId"":null}]",[],"[{""code"":""sync_stale"",""severity"":""medium"",""summary"":""本轮 AI 对账没有再次命中这条伏笔，已保留旧账本并标记为 stale，等待下一次同步确认。"",""stale"":true}]",书级终极节点，目前无任何推进。,,2026-07-01T14:34:59.282+00:00,2026-07-06T02:31:52.524+00:00
cmr26g7e104hfv16zylnx0heq,cmr23pgks000fv16zpwg1ms38,forbidden_romance_establishment,办公室秘密关系的建立与初期享受,通过储物间高危亲密互动，办公室禁忌之恋的危险氛围初步建立。,chapter,hinted,,,1,1,cmr24zoaz01rhv16zmcjv20hl,cmr24zoaz01rhv16zmcjv20hl,cmr24zob701rjv16zoa3pmbkg,cmr261wze048bv16zho19qw9d,"[{""kind"":""chapter_payoff_ref"",""refId"":null,""refLabel"":""第1章《隔间心跳》"",""chapterId"":""cmr24zoaz01rhv16zmcjv20hl"",""chapterOrder"":1,""volumeId"":null,""volumeSortOrder"":null}]","[{""summary"":""阿力突袭拉阿条进隔间，黑暗中抚摸、未完成之吻，险些暴露。"",""chapterOrder"":1,""chapterId"":""cmr24zoaz01rhv16zmcjv20hl""}]","[{""code"":""sync_stale"",""severity"":""medium"",""summary"":""本轮 AI 对账没有再次命中这条伏笔，已保留旧账本并标记为 stale，等待下一次同步确认。"",""stale"":true}]",本章为关系建立的起点，高危互动为后续秘密关系铺路。,0.9,2026-07-01T14:34:59.304+00:00,2026-07-06T02:31:52.524+00:00
cmr26g7e804hgv16zp0ct5v83,cmr23pgks000fv16zpwg1ms38,atiaos_inner_conflict,阿条的禁忌自觉与内心挣扎,阿条在储物间亲密度过后，内心明确响起“我们不能这样”，禁忌自觉被激活。,chapter,hinted,,,1,1,cmr24zoaz01rhv16zmcjv20hl,cmr24zoaz01rhv16zmcjv20hl,,cmr261wze048bv16zho19qw9d,"[{""kind"":""chapter_payoff_ref"",""refId"":null,""refLabel"":""第1章《隔间心跳》"",""chapterId"":""cmr24zoaz01rhv16zmcjv20hl"",""chapterOrder"":1,""volumeId"":null,""volumeSortOrder"":null}]","[{""summary"":""阿条心里响起“我们不能这样”，并攥紧阿力衬衫。"",""chapterOrder"":1,""chapterId"":""cmr24zoaz01rhv16zmcjv20hl""}]","[{""code"":""sync_stale"",""severity"":""medium"",""summary"":""本轮 AI 对账没有再次命中这条伏笔，已保留旧账本并标记为 stale，等待下一次同步确认。"",""stale"":true}]",本章首次明显展露内心挣扎信号，标志禁忌自觉开始成形。,0.9,2026-07-01T14:34:59.311+00:00,2026-07-06T02:31:52.524+00:00
cmr26g7ef04hhv16zcfw83j0k,cmr23pgks000fv16zpwg1ms38,chenmo_message,陈默的问候与阿条的冷淡回应,陈默发来微信问候，阿条回复冷淡，展现内心疏远。,chapter,paid_off,,,,,,cmr24zoaz01rhv16zmcjv20hl,cmr24zob501riv16zlk7xxqvy,cmr269sr004b3v16zvdhpsups,"[{""kind"":""foreshadow_state"",""refLabel"":""陈默的问候消息"",""chapterOrder"":1,""chapterId"":""cmr24zoaz01rhv16zmcjv20hl""}]","[{""summary"":""第2章阿条回复冷淡，兑现第一章陈默消息伏笔。"",""chapterOrder"":2,""chapterId"":""cmr24zob501riv16zlk7xxqvy""}]",[],已在第2章明确兑现。,,2026-07-01T14:34:59.319+00:00,2026-07-01T14:34:59.261+00:00
cmr26msn904m0v16z4wyqqpc0,cmr23pgks000fv16zpwg1ms38,taboo_romance_setup,禁忌之恋的建立与初期甜蜜,从办公室暧昧到天台确立秘密关系，制定规则，享受禁忌刺激。,volume,paid_off,,,1,3,cmr24zob701rjv16zoa3pmbkg,cmr24zoaz01rhv16zmcjv20hl,cmr24zob701rjv16zoa3pmbkg,cmr26feyn04ebv16zh84ifjuv,"[{""kind"":""chapter_payoff_ref"",""refLabel"":""第3章《天台夜话》建立关系"",""chapterOrder"":3,""volumeSortOrder"":1,""chapterId"":""cmr24zob701rjv16zoa3pmbkg""},{""kind"":""foreshadow_state"",""refLabel"":""阿力的夜晚邀约"",""chapterOrder"":3,""volumeSortOrder"":1,""chapterId"":""cmr24zob701rjv16zoa3pmbkg""}]","[{""summary"":""第3章天台对话，两人正式确立秘密关系，并制定规则。"",""chapterOrder"":3,""chapterId"":""cmr24zob701rjv16zoa3pmbkg""}]",[],第3章已明确兑现秘密关系确立的承诺。,1.0,2026-07-01T14:40:06.789+00:00,2026-07-01T14:40:06.778+00:00
cmr26msnd04m1v16zsdyyjgnf,cmr23pgks000fv16zpwg1ms38,ajiao_taboo_consciousness,阿条的禁忌自觉与风险意识,阿条对禁忌关系风险的自觉成长，需后续风险事件触发。,book,hinted,6,40,6,21,cmr24zocf01s1v16zorowoe4i,cmr24zobd01rmv16z1nhh9ss5,,cmr33aw9p0bdmv16z8bg0bkb6,"[{""kind"":""chapter_payoff_ref"",""refLabel"":""第6章《选择沉溺》"",""chapterOrder"":6,""volumeSortOrder"":1,""chapterId"":""cmr24zobd01rmv16z1nhh9ss5""}]","[{""summary"":""第6章阿条预感会穿帮，但尚未有具体风险事件。"",""chapterOrder"":6,""chapterId"":""cmr24zobd01rmv16z1nhh9ss5""}]","[{""code"":""payoff_missing_progress"",""severity"":""low"",""summary"":""需后续加入更具体的风险事件来触发禁忌自觉的成长。""},{""code"":""sync_stale"",""severity"":""medium"",""summary"":""本轮 AI 对账没有再次命中这条伏笔，已保留旧账本并标记为 stale，等待下一次同步确认。"",""stale"":true}]",已有预感铺垫，但未触发成长。,0.7,2026-07-01T14:40:06.793+00:00,2026-07-06T02:31:52.524+00:00
cmr26msnh04m2v16z8lx1p2b1,cmr23pgks000fv16zpwg1ms38,code_system,秘密通信与暗语系统,编码暗语系统、天台保密规则等，当前在冷战中被便签替代。,volume,paid_off,5,36,5,36,cmr252ped020zv16zhk3ez4ic,cmr24zobb01rlv16z1chjyonq,cmr252ped020zv16zhk3ez4ic,cmr8ktubn0d6qv16zm30pynbs,"[{""kind"":""chapter_payoff_ref"",""refLabel"":""编码暗语系统"",""chapterOrder"":5,""volumeSortOrder"":1,""chapterId"":""cmr24zobb01rlv16z1chjyonq""}]","[{""summary"":""第36章便签成为工作沟通唯一媒介，暗语系统被冷战替代。"",""chapterOrder"":36,""chapterId"":""cmr252ped020zv16zhk3ez4ic""}]","[{""code"":""payoff_missing_progress"",""severity"":""medium"",""summary"":""暗语系统被便签替代，但未提及废弃或回忆，需后续处理。""}]",暗语系统被便签替代，实际已失效。,0.85,2026-07-01T14:40:06.797+00:00,2026-07-06T02:04:26.574+00:00
cmr26msnw04m4v16zcot77loc,cmr23pgks000fv16zpwg1ms38,secret_half_exposed,秘密因突发事件被半公开,朋友圈和职场压力拉满，面临毁灭性后果。,book,pending_payoff,35,40,1,38,cmr252peh0211v16zss2kflem,cmr24zoaz01rhv16zmcjv20hl,,cmr8ljtl10dfcv16zselcftc2,"[{""kind"":""major_payoff"",""refLabel"":""秘密因某个突发事件被半公开，朋友圈和职场的压力瞬间拉满，面临毁灭性后果。"",""chapterOrder"":1,""volumeSortOrder"":1,""chapterId"":""cmr24zoaz01rhv16zmcjv20hl""},{""kind"":""open_conflict"",""refLabel"":""payoff_missing_progress: 同事怀疑已升级，但尚未触发半公开事件。"",""chapterOrder"":38,""volumeSortOrder"":1,""chapterId"":""cmr252peh0211v16zss2kflem""}]","[{""summary"":""第38章领导点名别带情绪，同事怀疑升级。"",""chapterOrder"":38,""chapterId"":""cmr252peh0211v16zss2kflem""}]","[{""code"":""payoff_missing_progress"",""severity"":""medium"",""summary"":""同事怀疑已升级，但尚未触发半公开事件。""},{""code"":""sync_stale"",""severity"":""medium"",""summary"":""本轮 AI 对账没有再次命中这条伏笔，已保留旧账本并标记为 stale，等待下一次同步确认。"",""stale"":true}]",同事怀疑已升级，但半公开事件尚未触发。,0.8,2026-07-01T14:40:06.812+00:00,2026-07-06T02:31:52.524+00:00
cmr26msny04m5v16z0n71ib77,cmr23pgks000fv16zpwg1ms38,final_disillusion,最终幻灭与清醒决断,最终发现对方可能从未真正投入，内心彻底崩溃，在幻灭中清醒决断。,book,setup,,,1,,,cmr24zoaz01rhv16zmcjv20hl,,cmr26feyn04ebv16zh84ifjuv,"[{""kind"":""major_payoff"",""refLabel"":""最终发现对方可能从未真正投入"",""chapterId"":null}]",[],"[{""code"":""sync_stale"",""severity"":""medium"",""summary"":""本轮 AI 对账没有再次命中这条伏笔，已保留旧账本并标记为 stale，等待下一次同步确认。"",""stale"":true}]",最终高潮，暂时处于远景铺垫。,0.5,2026-07-01T14:40:06.814+00:00,2026-07-06T02:31:52.524+00:00
cmr26p0ar04mbv16z3j6f58ei,cmr23pgks000fv16zpwg1ms38,first_trust_crisis_and_hidden_reason,第一次信任危机与隐瞒真相,阿力隐瞒的真实原因逐渐浮出水面，引发首次激烈争吵与信任危机，关系出现裂痕，同时揭示他对关系的真实态度。,book,pending_payoff,10,40,6,,,cmr24zobd01rmv16z1nhh9ss5,,cmr26feyn04ebv16zh84ifjuv,"[{""kind"":""major_payoff"",""refLabel"":""第一次因隐瞒引发的信任危机"",""chapterId"":null},{""kind"":""volume_open_payoff"",""refLabel"":""阿力隐瞒的真实原因"",""chapterId"":null}]","[{""summary"":""第10章开始冷落与猜疑，阿力隐瞒态度初现。"",""chapterOrder"":10,""chapterId"":""cmr24zobt01rqv16zbto61e2r""}]","[{""code"":""payoff_missing_progress"",""severity"":""medium"",""summary"":""已到卷末，但尚未明确展示争吵场景，需在后续章节兑现。""},{""code"":""continuity_setup_weak"",""severity"":""low"",""summary"":""阿力指出阿条说谎摸手腕习惯，前文未铺垫，可能影响信任危机说服力。""},{""code"":""sync_stale"",""severity"":""medium"",""summary"":""本轮 AI 对账没有再次命中这条伏笔，已保留旧账本并标记为 stale，等待下一次同步确认。"",""stale"":true}]",第6章铺垫谎言预感，第10章启动冷落，卷末应揭示真相与争吵。,0.8,2026-07-01T14:41:50.019+00:00,2026-07-06T02:31:52.524+00:00
cmr26p0bg04mfv16zvxto3xig,cmr23pgks000fv16zpwg1ms38,atiaos_taboo_consciousness,阿条的禁忌意识与行为规则,阿条推开阿力，明确说出“我们不能这样”，内心首次清晰意识到禁忌。,book,pending_payoff,,,1,1,cmr24zoaz01rhv16zmcjv20hl,cmr24zoaz01rhv16zmcjv20hl,,cmr261wze048bv16zho19qw9d,"[{""kind"":""chapter_payoff_ref"",""refId"":null,""refLabel"":""第1章《隔间心跳》"",""chapterId"":""cmr24zoaz01rhv16zmcjv20hl"",""chapterOrder"":1,""volumeId"":null,""volumeSortOrder"":null}]","[{""summary"":""阿条说“我们不能这样”，并产生心跳下降等反应。"",""chapterOrder"":1,""chapterId"":""cmr24zoaz01rhv16zmcjv20hl""}]","[{""code"":""sync_stale"",""severity"":""medium"",""summary"":""本轮 AI 对账没有再次命中这条伏笔，已保留旧账本并标记为 stale，等待下一次同步确认。"",""stale"":true}]",本章完成了阿条从被动沉溺到主动挣脱的转折，禁忌意识建立。,,2026-07-01T14:41:50.044+00:00,2026-07-06T02:31:52.524+00:00
cmr26q01r04nmv16zff2yfgeo,cmr23pgks000fv16zpwg1ms38,secret_romance_establish,办公室秘密恋情确立与规则制定,阿条和阿力从暧昧到在第3章正式确立秘密恋爱关系，并制定保密规则和暗语系统，进入日常扮演陌生人的阶段。,volume,paid_off,,,1,5,cmr24zobb01rlv16z1chjyonq,cmr24zoaz01rhv16zmcjv20hl,cmr24zob701rjv16zoa3pmbkg,cmr26feyn04ebv16zh84ifjuv,"[{""kind"":""chapter_payoff_ref"",""refLabel"":""第3章《天台夜话》"",""chapterOrder"":3,""chapterId"":""cmr24zob701rjv16zoa3pmbkg""},{""kind"":""foreshadow_state"",""refLabel"":""秘密关系规则"",""chapterOrder"":3,""chapterId"":""cmr24zob701rjv16zoa3pmbkg""}]","[{""summary"":""第3章天台上阿条制定规则，两人确立秘密关系并接吻。"",""chapterOrder"":3,""chapterId"":""cmr24zob701rjv16zoa3pmbkg""}]",[],第3章《天台夜话》中两人正式确立关系并制定规则，核心兑现已完成。,1.0,2026-07-01T14:42:36.351+00:00,2026-07-01T14:42:36.344+00:00
cmr26q02804nsv16zb08wwj39,cmr23pgks000fv16zpwg1ms38,ultimate_disillusion,最终幻灭与决断,阿条在木栈道对峙后彻底幻灭，摔碎信物，宣布决裂。,volume,paid_off,29,29,1,29,cmr24zocv01s9v16zuaz9jx84,cmr24zoaz01rhv16zmcjv20hl,cmr24zocv01s9v16zuaz9jx84,cmr35aypc0bxuv16zp7dbzfi5,"[{""kind"":""chapter_payoff_ref"",""refId"":null,""refLabel"":""第29章《木栈道撕破脸》"",""chapterId"":""cmr24zocv01s9v16zuaz9jx84"",""chapterOrder"":29,""volumeId"":null,""volumeSortOrder"":null}]","[{""summary"":""阿条摔巧克力盒、红绳断落，宣布从周一起是陌生人。"",""chapterOrder"":29,""chapterId"":""cmr24zocv01s9v16zuaz9jx84""}]",[],本章通过公开对峙和信物销毁完成了情感上的最终幻灭与决断。,0.95,2026-07-01T14:42:36.368+00:00,2026-07-02T06:50:41.462+00:00
cmr26q02f04ntv16zdjpe4osk,cmr23pgks000fv16zpwg1ms38,supervision_monitoring,上下级监控压力,王总巡视工位区，检查阿条工作，体现公司监控压力仍作为背景存在。,volume,hinted,5,40,5,5,cmr24zobb01rlv16z1chjyonq,cmr24zobb01rlv16z1chjyonq,,cmr26y8qz04ppv16zakxqwzrs,"[{""kind"":""chapter_payoff_ref"",""refId"":null,""refLabel"":""第5章《茶水间脱险》"",""chapterId"":""cmr24zobb01rlv16z1chjyonq"",""chapterOrder"":5,""volumeId"":null,""volumeSortOrder"":null}]","[{""summary"":""王总在阿条身后站了十五秒，要求修改公式。"",""chapterOrder"":5,""chapterId"":""cmr24zobb01rlv16z1chjyonq""}]","[{""code"":""payoff_missing_progress"",""severity"":""low"",""summary"":""正文未展示监控压力，需补充。""},{""code"":""sync_stale"",""severity"":""medium"",""summary"":""本轮 AI 对账没有再次命中这条伏笔，已保留旧账本并标记为 stale，等待下一次同步确认。"",""stale"":true}]",监控压力在背景中低调维持，尚未直接影响恋情。,0.8,2026-07-01T14:42:36.374+00:00,2026-07-06T02:31:52.524+00:00
cmr27197x04r1v16zwg2ckfdo,cmr23pgks000fv16zpwg1ms38,trust_crisis_hidden_truth,信任危机与隐瞒真相,阿条通过发送绝情短信和清空聊天记录，让信任完全崩塌，伏笔兑现。,volume,paid_off,10,35,10,33,cmr24zod201sdv16zyjm3gz4z,cmr24zobt01rqv16zbto61e2r,cmr24zod201sdv16zyjm3gz4z,cmr36ggif0c9hv16zzkjv2nfi,"[{""kind"":""chapter_payoff_ref"",""refId"":null,""refLabel"":""第33章《信任碎成三个字》"",""chapterId"":""cmr24zod201sdv16zyjm3gz4z"",""chapterOrder"":33,""volumeId"":null,""volumeSortOrder"":null}]","[{""summary"":""阿条发送短信“我们之间，到此为止。”，删除联系人并清空聊天记录。"",""chapterOrder"":33,""chapterId"":""cmr24zod201sdv16zyjm3gz4z""}]",[],本章完成信任危机的终极 payoff，关系不可逆终结。,0.92,2026-07-01T14:51:21.453+00:00,2026-07-02T07:22:57.459+00:00
cmr27198804r3v16zfsfugh40,cmr23pgks000fv16zpwg1ms38,secret_relationship_performance,维持秘密关系的日常伪装,伪装彻底结束，关系公开崩坏。,volume,paid_off,,,1,32,cmr24zod001scv16zh2hhfj2q,cmr24zoaz01rhv16zmcjv20hl,cmr24zod001scv16zh2hhfj2q,cmr36aegt0c6sv16zguv4id1c,"[{""kind"":""chapter_payoff_ref"",""refId"":null,""refLabel"":""第32章《拆穿最后一层谎言》"",""chapterId"":""cmr24zod001scv16zh2hhfj2q"",""chapterOrder"":32,""volumeId"":null,""volumeSortOrder"":null}]","[{""summary"":""阿条公开离开公司，不再维持伪装。"",""chapterOrder"":32,""chapterId"":""cmr24zod001scv16zh2hhfj2q""}]",[],伪装已无必要，关系破裂。,0.9,2026-07-01T14:51:21.464+00:00,2026-07-02T07:18:14.896+00:00
cmr27198e04r4v16z8nixhubf,cmr23pgks000fv16zpwg1ms38,chenmo_interference,陈默的干扰,阿条主动联系陈默确认聚会细节，推动干扰伏笔。,chapter,pending_payoff,12,40,12,30,cmr24zocw01sav16z8wprb5vx,cmr24zoby01rsv16zxnuxclfi,,cmr35nume0c0qv16zavwu8h97,"[{""kind"":""chapter_payoff_ref"",""refId"":null,""refLabel"":""第30章《删光合照待摊牌》"",""chapterId"":""cmr24zocw01sav16z8wprb5vx"",""chapterOrder"":30,""volumeId"":null,""volumeSortOrder"":null}]","[{""summary"":""阿条发消息给陈默确认包厢号，陈默快速回复。"",""chapterOrder"":30,""chapterId"":""cmr24zocw01sav16z8wprb5vx""}]","[{""code"":""sync_stale"",""severity"":""medium"",""summary"":""本轮 AI 对账没有再次命中这条伏笔，已保留旧账本并标记为 stale，等待下一次同步确认。"",""stale"":true}]",聚会准备就绪，干扰即将兑现。,0.85,2026-07-01T14:51:21.470+00:00,2026-07-06T02:31:52.524+00:00
cmr27198m04r5v16ziah52kgb,cmr23pgks000fv16zpwg1ms38,workplace_supervision_pressure,职场上下级监控压力,王总推眼镜的动作被作为压力象征，在闲谈中建立职场监控氛围。,volume,hinted,1,40,1,1,cmr24zoaz01rhv16zmcjv20hl,cmr24zoaz01rhv16zmcjv20hl,,cmr261wze048bv16zho19qw9d,"[{""kind"":""chapter_payoff_ref"",""refId"":null,""refLabel"":""第1章《隔间心跳》"",""chapterId"":""cmr24zoaz01rhv16zmcjv20hl"",""chapterOrder"":1,""volumeId"":null,""volumeSortOrder"":null}]","[{""summary"":""同事提到王总推眼镜带来的压迫感，阿条联想自己曾被点名。"",""chapterOrder"":1,""chapterId"":""cmr24zoaz01rhv16zmcjv20hl""}]","[{""code"":""sync_stale"",""severity"":""medium"",""summary"":""本轮 AI 对账没有再次命中这条伏笔，已保留旧账本并标记为 stale，等待下一次同步确认。"",""stale"":true}]",通过同事对话和内心联想埋下监控压力的种子，后续需通过具体事件兑现。,0.82,2026-07-01T14:51:21.478+00:00,2026-07-06T02:31:52.524+00:00
cmr275p9y04tjv16zk5dccabj,cmr23pgks000fv16zpwg1ms38,trust_crisis_first_fight,第一次因隐瞒引发的信任危机与激烈争吵,阿力隐瞒真实原因导致两人首次激烈争吵，关系出现裂痕。,book,paid_off,,,1,33,cmr24zod201sdv16zyjm3gz4z,cmr24zoaz01rhv16zmcjv20hl,cmr24zod201sdv16zyjm3gz4z,cmr8ljtl10dfcv16zselcftc2,"[{""kind"":""major_payoff"",""refLabel"":""第一次因隐瞒引发的信任危机，两人首次激烈争吵，关系出现裂痕。"",""chapterOrder"":1,""volumeSortOrder"":1,""chapterId"":""cmr24zoaz01rhv16zmcjv20hl""},{""kind"":""chapter_payoff_ref"",""refLabel"":""第33章《信任碎成三个字》"",""chapterOrder"":33,""volumeSortOrder"":1,""chapterId"":""cmr24zod201sdv16zyjm3gz4z""}]","[{""summary"":""第33章阿条删除聊天记录并决定切割，信任彻底崩塌。"",""chapterOrder"":33,""chapterId"":""cmr24zod201sdv16zyjm3gz4z""}]",[],第33章已明确兑现信任崩塌与争吵。,0.95,2026-07-01T14:54:48.885+00:00,2026-07-06T02:24:37.659+00:00
cmr275pai04tpv16z25enc14p,cmr23pgks000fv16zpwg1ms38,chapter1_payoff_office_intimacy,办公室内几乎暴露的亲密瞬间,第1章开卷抓手：兑现办公室内几乎暴露的亲密瞬间，建立禁忌感与悬念。,chapter,paid_off,,,1,1,cmr24zoaz01rhv16zmcjv20hl,cmr24zoaz01rhv16zmcjv20hl,cmr24zob701rjv16zoa3pmbkg,cmr274qxw04skv16zz42ick5d,"[{""kind"":""chapter_payoff_ref"",""refLabel"":""第1章《隔间心跳》开卷抓手"",""chapterOrder"":1,""volumeSortOrder"":1,""chapterId"":""cmr24zoaz01rhv16zmcjv20hl""}]","[{""summary"":""第1章已兑现办公室内几乎暴露的亲密瞬间。"",""chapterOrder"":1,""chapterId"":""cmr24zoaz01rhv16zmcjv20hl""}]",[],已在第1章明确兑现。,1.0,2026-07-01T14:54:48.906+00:00,2026-07-01T14:54:48.880+00:00
cmr275pal04tqv16zzg8tr0yn,cmr23pgks000fv16zpwg1ms38,chapter2_payoff_tension_to_excitement,紧张转化为刺激兴奋,第2章半兑现开篇钩子‘我们不能这样’的紧张，转化为刺激兴奋。,chapter,paid_off,,,2,2,cmr24zob501riv16zlk7xxqvy,cmr24zob501riv16zlk7xxqvy,cmr24zob501riv16zlk7xxqvy,cmr274qxw04skv16zz42ick5d,"[{""kind"":""chapter_payoff_ref"",""refLabel"":""第2章《陌生演技》半兑现开篇钩子"",""chapterOrder"":2,""volumeSortOrder"":1,""chapterId"":""cmr24zob501riv16zlk7xxqvy""}]","[{""summary"":""第2章已将紧张转化为刺激兴奋。"",""chapterOrder"":2,""chapterId"":""cmr24zob501riv16zlk7xxqvy""}]",[],已在第2章明确兑现。,1.0,2026-07-01T14:54:48.909+00:00,2026-07-01T14:54:48.880+00:00
cmr275pan04trv16z6lx4juxw,cmr23pgks000fv16zpwg1ms38,chapter3_payoff_relationship_established,秘密关系正式确立,第3章兑现‘禁忌之始’的甜蜜刺激承诺，秘密关系正式确立。,chapter,paid_off,,,3,3,cmr24zob701rjv16zoa3pmbkg,cmr24zob701rjv16zoa3pmbkg,cmr24zob701rjv16zoa3pmbkg,cmr274qxw04skv16zz42ick5d,"[{""kind"":""chapter_payoff_ref"",""refLabel"":""第3章《天台夜话》秘密关系正式确立"",""chapterOrder"":3,""volumeSortOrder"":1,""chapterId"":""cmr24zob701rjv16zoa3pmbkg""}]","[{""summary"":""第3章已兑现秘密关系正式确立。"",""chapterOrder"":3,""chapterId"":""cmr24zob701rjv16zoa3pmbkg""}]",[],已在第3章明确兑现。,1.0,2026-07-01T14:54:48.911+00:00,2026-07-01T14:54:48.880+00:00
cmr275pap04tsv16zute1fj14,cmr23pgks000fv16zpwg1ms38,chapter5_payoff_coding_system,编码暗语系统建立,第5章建立编码暗语系统，包括咖啡、茶叶、打印等暗语。,chapter,paid_off,,,5,5,cmr24zobb01rlv16z1chjyonq,cmr24zobb01rlv16z1chjyonq,cmr24zobb01rlv16z1chjyonq,cmr274qxw04skv16zz42ick5d,"[{""kind"":""chapter_payoff_ref"",""refLabel"":""第5章《茶水间脱险》编码暗语系统"",""chapterOrder"":5,""volumeSortOrder"":1,""chapterId"":""cmr24zobb01rlv16z1chjyonq""}]","[{""summary"":""第5章已建立编码暗语系统。"",""chapterOrder"":5,""chapterId"":""cmr24zobb01rlv16z1chjyonq""}]",[],已在第5章明确兑现。,1.0,2026-07-01T14:54:48.913+00:00,2026-07-01T14:54:48.880+00:00
cmr275par04ttv16zmn2n0g39,cmr23pgks000fv16zpwg1ms38,chapter6_payoff_addiction_choice,禁忌游戏上瘾的第一次明确选择,第6章阿条从被动享受转为主动投喂，明确选择沉溺。,chapter,paid_off,,,6,6,cmr24zobd01rmv16z1nhh9ss5,cmr24zobd01rmv16z1nhh9ss5,cmr24zobd01rmv16z1nhh9ss5,cmr274qxw04skv16zz42ick5d,"[{""kind"":""chapter_payoff_ref"",""refLabel"":""第6章《选择沉溺》禁忌游戏上瘾的第一次明确选择"",""chapterOrder"":6,""volumeSortOrder"":1,""chapterId"":""cmr24zobd01rmv16z1nhh9ss5""}]","[{""summary"":""第6章阿条心态转变，从被动到主动，明确选择沉溺。"",""chapterOrder"":6,""chapterId"":""cmr24zobd01rmv16z1nhh9ss5""}]",[],已在第6章明确兑现。,1.0,2026-07-01T14:54:48.915+00:00,2026-07-01T14:54:48.880+00:00
cmr275pav04tuv16zdrai4dh6,cmr23pgks000fv16zpwg1ms38,chapter7_payoff_jealousy_test,第一次因第三方引发的嫉妒试探,本章阿条因小菲对阿力的主动而产生嫉妒，并通过绕开食堂、邀请李响等方式试探阿力反应，阿力以暗语“今天稳”回应，嫉妒试探完成，占有欲开始侵蚀信任。,chapter,paid_off,7,7,7,7,cmr24zobf01rnv16zemm40alv,cmr24zobf01rnv16zemm40alv,cmr24zobf01rnv16zemm40alv,cmr27cokx04w6v16z86qss28o,"[{""kind"":""chapter_payoff_ref"",""refId"":null,""refLabel"":""第7章《冷冷一瞥》"",""chapterId"":""cmr24zobf01rnv16zemm40alv"",""chapterOrder"":7,""volumeId"":null,""volumeSortOrder"":null}]","[{""summary"":""阿条刻意绕开食堂并邀请李响午餐；小菲主动示好阿力；阿条心生嫉妒，未回复阿力“今天稳”；决心团建冷处理。"",""chapterOrder"":7,""chapterId"":""cmr24zobf01rnv16zemm40alv""}]",[],本章正文完整兑现了嫉妒试探的承诺，嫉妒情绪通过具体情节展现。,0.95,2026-07-01T14:54:48.919+00:00,2026-07-01T15:00:14.678+00:00
cmr275pax04tvv16zgy9o5byg,cmr23pgks000fv16zpwg1ms38,chapter8_payoff_team_building_distance,团建距离策略与眼神暗语默契,阿条通过不同车、避组、间接协作完成距离策略，阿力以‘稳不稳’消息和攀岩回视确认默契，本章兑现该伏笔。,chapter,paid_off,8,8,7,8,cmr24zobh01rov16z0c34j46e,cmr24zobf01rnv16zemm40alv,cmr24zobh01rov16z0c34j46e,cmr27yo1p04ynv16zhjb497sh,"[{""kind"":""chapter_payoff_ref"",""refId"":null,""refLabel"":""第8章《团建夜隔席》"",""chapterId"":""cmr24zobh01rov16z0c34j46e"",""chapterOrder"":8,""volumeId"":null,""volumeSortOrder"":null}]","[{""summary"":""阿条选择与阿力不同大巴，分组刻意回避，阿力发‘稳不稳’，攀岩时回头对视。"",""chapterOrder"":8,""chapterId"":""cmr24zobh01rov16z0c34j46e""}]",[],本章完整执行了预定的距离策略与暗号默契表演。,0.95,2026-07-01T14:54:48.921+00:00,2026-07-01T15:17:20.511+00:00
cmr275pb004twv16z7zcidlew,cmr23pgks000fv16zpwg1ms38,chapter9_payoff_colleague_suspicion_growth,同事日渐增长的怀疑,李晴午休试探阿条，观察到阿力异常，并疑似私下与阿力聊天，同事怀疑从隐约转为较明确，本章兑现。,chapter,paid_off,9,9,9,9,cmr24zobj01rpv16zet3olxnq,cmr24zobh01rov16z0c34j46e,cmr24zobj01rpv16zet3olxnq,cmr284zx4051cv16zc77oi5jc,"[{""kind"":""chapter_payoff_ref"",""refId"":null,""refLabel"":""第9章《午休话锋转向她》"",""chapterId"":""cmr24zobj01rpv16zet3olxnq"",""chapterOrder"":9,""volumeId"":null,""volumeSortOrder"":null}]","[{""summary"":""李晴在食堂直接问阿条与阿力的关系，并留意阿力快速吃完离开；稍后工位上李晴与阿力微信聊天（推测），暗示她正在收集信息。"",""chapterOrder"":9,""chapterId"":""cmr24zobj01rpv16zet3olxnq""}]",[],同事怀疑在本章明确呈现，完成了从隐约到较明确的过渡。,0.9,2026-07-01T14:54:48.923+00:00,2026-07-01T15:22:15.778+00:00
cmr275pb204txv16zqwcb0v08,cmr23pgks000fv16zpwg1ms38,chapter10_payoff_alienation_begin,冷落突然降临与谎言发酵,阿力通过持续回避、拒绝邀约和切断暗语回应，促使阿条从困惑转为不安，猜疑萌芽，完成本章冷落降临与谎言发酵的推进。,chapter,paid_off,10,10,9,10,cmr24zobt01rqv16zbto61e2r,cmr24zobj01rpv16zet3olxnq,cmr24zobt01rqv16zbto61e2r,cmr28ct4i054lv16zo559rqej,"[{""kind"":""chapter_payoff_ref"",""refId"":null,""refLabel"":""第10章《冷落突然降临》"",""chapterId"":""cmr24zobt01rqv16zbto61e2r"",""chapterOrder"":10,""volumeId"":null,""volumeSortOrder"":null}]","[{""summary"":""阿力以加班为由拒绝晚上邀约。"",""chapterOrder"":10,""chapterId"":""cmr24zobt01rqv16zbto61e2r""}]",[],本章目标要求冷落实感累积并推动猜疑，已通过外部行为描写实现。,0.92,2026-07-01T14:54:48.926+00:00,2026-07-01T15:28:20.256+00:00
cmr275pb604tyv16zdlhoy2gr,cmr23pgks000fv16zpwg1ms38,foreshadow_coding_system_expansion,暗语系统扩展,暗语系统增加新词“你稳？”，扩展了暗语的应用情境。,book,hinted,,,1,1,cmr24zoaz01rhv16zmcjv20hl,cmr24zoaz01rhv16zmcjv20hl,,cmr261wze048bv16zho19qw9d,"[{""kind"":""chapter_payoff_ref"",""refId"":null,""refLabel"":""第1章《隔间心跳》"",""chapterId"":""cmr24zoaz01rhv16zmcjv20hl"",""chapterOrder"":1,""volumeId"":null,""volumeSortOrder"":null}]","[{""summary"":""阿力发送“你稳？”，阿条未回复。"",""chapterOrder"":1,""chapterId"":""cmr24zoaz01rhv16zmcjv20hl""}]","[{""code"":""sync_stale"",""severity"":""medium"",""summary"":""本轮 AI 对账没有再次命中这条伏笔，已保留旧账本并标记为 stale，等待下一次同步确认。"",""stale"":true}]",新暗语出现，暗语系统进一步融入日常沟通。,,2026-07-01T14:54:48.930+00:00,2026-07-06T02:31:52.524+00:00
cmr275pbb04tzv16zokqzj0p5,cmr23pgks000fv16zpwg1ms38,foreshadow_atiao_addiction_mindset,阿条沉溺心态,阿条在本章从享受游戏转为清醒负担，沉溺心态结束。,volume,paid_off,6,8,6,8,cmr24zobh01rov16z0c34j46e,cmr24zobd01rmv16z1nhh9ss5,cmr24zobh01rov16z0c34j46e,cmr27yo1p04ynv16zhjb497sh,"[{""kind"":""chapter_payoff_ref"",""refId"":null,""refLabel"":""第8章《团建夜隔席》"",""chapterId"":""cmr24zobh01rov16z0c34j46e"",""chapterOrder"":8,""volumeId"":null,""volumeSortOrder"":null}]","[{""summary"":""阿条感到伪装带来的巨大孤独，意识到未来漫长而疲惫。"",""chapterOrder"":8,""chapterId"":""cmr24zobh01rov16z0c34j46e""}]",[],本章阿条完成从刺激到负担的认知转折，预示的沉溺冒险倾向消退。,0.9,2026-07-01T14:54:48.935+00:00,2026-07-01T15:17:20.511+00:00
cmr275pbd04u0v16z34xoq6ku,cmr23pgks000fv16zpwg1ms38,foreshadow_exposure_foreboding,终将暴露的预感,通过团建通知，暴露预感变成即将面对的切实危机，阿条感到无路可退。,volume,pending_payoff,,,32,35,cmr24zod601sfv16zz52rk4y9,cmr24zod001scv16zh2hhfj2q,,cmr8kkw7m0d4cv16z5s67dhfm,"[{""kind"":""chapter_payoff_ref"",""refId"":null,""refLabel"":""第35章《团建通知抵达》"",""chapterId"":""cmr24zod601sfv16zz52rk4y9"",""chapterOrder"":35,""volumeId"":null,""volumeSortOrder"":null}]","[{""summary"":""阿条内心独白表明团建将摧毁现有回避策略，暴露预感达到顶点。"",""chapterOrder"":35,""chapterId"":""cmr24zod601sfv16zz52rk4y9""}]","[{""code"":""sync_stale"",""severity"":""medium"",""summary"":""本轮 AI 对账没有再次命中这条伏笔，已保留旧账本并标记为 stale，等待下一次同步确认。"",""stale"":true}]",预感被团建通知具体化，但仍未实际暴露，继续推进。,0.85,2026-07-01T14:54:48.937+00:00,2026-07-06T02:31:52.524+00:00
cmr275pbh04u1v16z7nhuhgwd,cmr23pgks000fv16zpwg1ms38,open_conflict_ali_goal_change,阿力目标转变未明确触发,阿力全面冷漠的行为作为触发事件，使其目标转变有了具体表现。,chapter,paid_off,6,15,6,15,cmr24zoc301rvv16zsof6hdh2,cmr24zobd01rmv16z1nhh9ss5,cmr24zoc301rvv16zsof6hdh2,cmr31u2u00ay9v16z0uqj1fsv,"[{""kind"":""chapter_payoff_ref"",""refId"":null,""refLabel"":""第15章《已读不回是答案》"",""chapterId"":""cmr24zoc301rvv16zsof6hdh2"",""chapterOrder"":15,""volumeId"":null,""volumeSortOrder"":null}]","[{""summary"":""同上，阿力用行为明确展示了新目标，转变触发已可识别。"",""chapterOrder"":15,""chapterId"":""cmr24zoc301rvv16zsof6hdh2""}]",[],先前未明确触发的目标转变通过本章行为获得体现，问题解决。,0.85,2026-07-01T14:54:48.941+00:00,2026-07-02T05:13:34.796+00:00
cmr275pbk04u2v16zlncgewb8,cmr23pgks000fv16zpwg1ms38,open_conflict_atiao_goal_change,阿条目标转变未明确触发,本章阿条从沉溺于游戏转向嫉妒试探和冷战决心，目标转变明确体现。,chapter,paid_off,7,7,7,7,cmr24zobf01rnv16zemm40alv,cmr24zobf01rnv16zemm40alv,cmr24zobf01rnv16zemm40alv,cmr27cokx04w6v16z86qss28o,"[{""kind"":""chapter_payoff_ref"",""refId"":null,""refLabel"":""第7章《冷冷一瞥》"",""chapterId"":""cmr24zobf01rnv16zemm40alv"",""chapterOrder"":7,""volumeId"":null,""volumeSortOrder"":null}]","[{""summary"":""阿条刻意绕开阿力、约李响、不回复消息，并决心团建冷处理。"",""chapterOrder"":7,""chapterId"":""cmr24zobf01rnv16zemm40alv""}]",[],阿条的新目标已通过行动和内心决定呈现。,0.9,2026-07-01T14:54:48.944+00:00,2026-07-01T15:00:14.678+00:00
cmr275pbm04u3v16z1vqxf6so,cmr23pgks000fv16zpwg1ms38,open_conflict_xiaofei_goal_change,小菲目标转变缺失,本章小菲从调查手链转向主动接近阿力，送水、关心进度、夸手链，目标转变完成。,chapter,paid_off,7,7,7,7,cmr24zobf01rnv16zemm40alv,cmr24zobf01rnv16zemm40alv,cmr24zobf01rnv16zemm40alv,cmr27cokx04w6v16z86qss28o,"[{""kind"":""chapter_payoff_ref"",""refId"":null,""refLabel"":""第7章《冷冷一瞥》"",""chapterId"":""cmr24zobf01rnv16zemm40alv"",""chapterOrder"":7,""volumeId"":null,""volumeSortOrder"":null}]","[{""summary"":""小菲帮阿力说话、主动提出帮忙核对数据、送矿泉水、称赞手链。"",""chapterOrder"":7,""chapterId"":""cmr24zobf01rnv16zemm40alv""}]",[],小菲的目标已从暗中观察转向公开示好。,0.9,2026-07-01T14:54:48.946+00:00,2026-07-01T15:00:14.678+00:00
cmr275pbo04u4v16zl99edbgh,cmr23pgks000fv16zpwg1ms38,open_conflict_chenmo_appearance,陈默出场缺失,本章陈默发消息约阿条聚聚，完成角色出场，问题解决。,chapter,paid_off,7,7,7,7,cmr24zobf01rnv16zemm40alv,cmr24zobf01rnv16zemm40alv,cmr24zobf01rnv16zemm40alv,cmr27cokx04w6v16z86qss28o,"[{""kind"":""chapter_payoff_ref"",""refId"":null,""refLabel"":""第7章《冷冷一瞥》"",""chapterId"":""cmr24zobf01rnv16zemm40alv"",""chapterOrder"":7,""volumeId"":null,""volumeSortOrder"":null}]","[{""summary"":""陈默发消息：“阿条，你这周有空吗？我想回杭州一趟，老同事聚聚？”阿条回复“看时间”。"",""chapterOrder"":7,""chapterId"":""cmr24zobf01rnv16zemm40alv""}]",[],陈默以消息形式出场，完成角色在本章的必须出现。,0.95,2026-07-01T14:54:48.948+00:00,2026-07-01T15:00:14.678+00:00
cmr275pbq04u5v16z3l44em5b,cmr23pgks000fv16zpwg1ms38,open_conflict_supervision_pressure,上下级监控压力缺失,同audit_issue_supervision_missing，已解决。,chapter,paid_off,7,7,7,7,cmr24zobf01rnv16zemm40alv,cmr24zobf01rnv16zemm40alv,cmr24zobf01rnv16zemm40alv,cmr27cokx04w6v16z86qss28o,"[{""kind"":""chapter_payoff_ref"",""refId"":null,""refLabel"":""第7章《冷冷一瞥》"",""chapterId"":""cmr24zobf01rnv16zemm40alv"",""chapterOrder"":7,""volumeId"":null,""volumeSortOrder"":null}]","[{""summary"":""王总批评阿力数据问题，体现监控压力。"",""chapterOrder"":7,""chapterId"":""cmr24zobf01rnv16zemm40alv""}]",[],监控压力已体现。,0.9,2026-07-01T14:54:48.950+00:00,2026-07-01T15:00:14.678+00:00
cmr275pby04u6v16zpo439bcf,cmr23pgks000fv16zpwg1ms38,audit_issue_xiaofei_goal_change,审校问题：小菲目标转变缺失,本章小菲以咖啡试探阿条，直接展现了她对阿条状态的关注，目标已从单纯的同事转为调查阿条对阿力态度的影响，该审校问题得到解决。,book,paid_off,6,6,6,16,cmr24zoc501rwv16zvt0vmmu0,cmr24zobd01rmv16z1nhh9ss5,cmr24zoc501rwv16zvt0vmmu0,cmr320isd0b1gv16zy3msz950,"[{""kind"":""chapter_payoff_ref"",""refId"":null,""refLabel"":""第16章《咖啡杯里的反问》"",""chapterId"":""cmr24zoc501rwv16zvt0vmmu0"",""chapterOrder"":16,""volumeId"":null,""volumeSortOrder"":null}]","[{""summary"":""小菲以加糖咖啡为借口接近阿条，并直接询问眼底青色，意不在关心而在确认。"",""chapterOrder"":16,""chapterId"":""cmr24zoc501rwv16zvt0vmmu0""}]",[],小菲的试探行为提供了明确证据，证明其目标已发生变化。,0.9,2026-07-01T14:54:48.958+00:00,2026-07-02T05:18:35.407+00:00
cmr275pc004u7v16zrxxh96na,cmr23pgks000fv16zpwg1ms38,audit_issue_ali_goal_change,审校问题：阿力目标转变缺失,阿力本章通过全面冷漠展现新目标，其 goal 从被动回避转变为主动封闭所有私人交流。,chapter,paid_off,6,15,6,15,cmr24zoc301rvv16zsof6hdh2,cmr24zobd01rmv16z1nhh9ss5,cmr24zoc301rvv16zsof6hdh2,cmr31u2u00ay9v16z0uqj1fsv,"[{""kind"":""chapter_payoff_ref"",""refId"":null,""refLabel"":""第15章《已读不回是答案》"",""chapterId"":""cmr24zoc301rvv16zsof6hdh2"",""chapterOrder"":15,""volumeId"":null,""volumeSortOrder"":null}]","[{""summary"":""阿力对阿条和小菲均冷漠无视，行为显示其目标已转变为彻底切断私人联系。"",""chapterOrder"":15,""chapterId"":""cmr24zoc301rvv16zsof6hdh2""}]",[],之前缺失的目标转变在本章得到实际体现，审校问题已解决。,0.85,2026-07-01T14:54:48.960+00:00,2026-07-02T05:13:34.796+00:00
cmr275pc304u8v16zfctxnq6w,cmr23pgks000fv16zpwg1ms38,audit_issue_colleague_suspicion_regressed,审校问题：同事怀疑升级消退未呈现,本章通过李晴的试探和观察，让同事怀疑从隐约转为较明确，呈现了怀疑升级，解决了该审校问题。,chapter,paid_off,9,9,9,9,cmr24zobj01rpv16zet3olxnq,cmr24zobd01rmv16z1nhh9ss5,cmr24zobj01rpv16zet3olxnq,cmr284zx4051cv16zc77oi5jc,"[{""kind"":""chapter_payoff_ref"",""refId"":null,""refLabel"":""第9章《午休话锋转向她》"",""chapterId"":""cmr24zobj01rpv16zet3olxnq"",""chapterOrder"":9,""volumeId"":null,""volumeSortOrder"":null}]","[{""summary"":""李晴直接问阿条，并私下联系阿力，怀疑浮上水面。"",""chapterOrder"":9,""chapterId"":""cmr24zobj01rpv16zet3olxnq""}]",[],审校问题解决，怀疑升级已呈现。,0.95,2026-07-01T14:54:48.963+00:00,2026-07-01T15:22:15.778+00:00
cmr275pc504u9v16z1tkntswc,cmr23pgks000fv16zpwg1ms38,audit_issue_plot_beat_missing,审校问题：表演陌生人场景缺失,本章阿条刻意绕开阿力、不回复消息、邀请李响等情节，完成了同事面前表演陌生人的推进。,chapter,paid_off,7,7,7,7,cmr24zobf01rnv16zemm40alv,cmr24zobf01rnv16zemm40alv,cmr24zobf01rnv16zemm40alv,cmr27cokx04w6v16z86qss28o,"[{""kind"":""chapter_payoff_ref"",""refId"":null,""refLabel"":""第7章《冷冷一瞥》"",""chapterId"":""cmr24zobf01rnv16zemm40alv"",""chapterOrder"":7,""volumeId"":null,""volumeSortOrder"":null}]","[{""summary"":""阿条绕开食堂、不回复阿力消息，两人在电梯中如陌生人般无交流。"",""chapterOrder"":7,""chapterId"":""cmr24zobf01rnv16zemm40alv""}]",[],表演陌生人场景已通过阿条的刻意行为呈现。,0.9,2026-07-01T14:54:48.965+00:00,2026-07-01T15:00:14.678+00:00
cmr275pc704uav16z3f3vsm39,cmr23pgks000fv16zpwg1ms38,audit_issue_supervision_missing,审校问题：上下级监控压力缺失,本章王总在会上因数据口径问题点名批评阿力，体现了上下级监控压力，问题已解决。,chapter,paid_off,7,7,7,7,cmr24zobf01rnv16zemm40alv,cmr24zobf01rnv16zemm40alv,cmr24zobf01rnv16zemm40alv,cmr27cokx04w6v16z86qss28o,"[{""kind"":""chapter_payoff_ref"",""refId"":null,""refLabel"":""第7章《冷冷一瞥》"",""chapterId"":""cmr24zobf01rnv16zemm40alv"",""chapterOrder"":7,""volumeId"":null,""volumeSortOrder"":null}]","[{""summary"":""王总因数据口径不一致批评阿力，要求其说明原因。"",""chapterOrder"":7,""chapterId"":""cmr24zobf01rnv16zemm40alv""}]",[],监控压力已通过上司批评情节体现。,0.9,2026-07-01T14:54:48.967+00:00,2026-07-01T15:00:14.678+00:00
cmr275pc904ubv16zjoygxe8w,cmr23pgks000fv16zpwg1ms38,audit_issue_plot_thin,审校问题：本章情节单薄,本章通过嫉妒试探、团建冷战决定、陈默再现等多条支线，次级事件丰富，问题已解决。,chapter,paid_off,7,7,7,7,cmr24zobf01rnv16zemm40alv,cmr24zobf01rnv16zemm40alv,cmr24zobf01rnv16zemm40alv,cmr27cokx04w6v16z86qss28o,"[{""kind"":""chapter_payoff_ref"",""refId"":null,""refLabel"":""第7章《冷冷一瞥》"",""chapterId"":""cmr24zobf01rnv16zemm40alv"",""chapterOrder"":7,""volumeId"":null,""volumeSortOrder"":null}]","[{""summary"":""本章包括王总批评、午饭邀约、小菲互动、陈默消息等多个次级事件。"",""chapterOrder"":7,""chapterId"":""cmr24zobf01rnv16zemm40alv""}]",[],情节密度提升，解决了情节单薄问题。,0.85,2026-07-01T14:54:48.969+00:00,2026-07-01T15:00:14.678+00:00
cmr27yo7z04zfv16zl4kfcldc,cmr23pgks000fv16zpwg1ms38,foreshadow_future_eye_contact_loss,预见眼神断裂,早期关于眼神断裂的预感在本章完全兑现，两人视若无物。,chapter,paid_off,10,40,10,26,cmr24zocp01s6v16z2iksh8ll,cmr24zobt01rqv16zbto61e2r,cmr24zocp01s6v16z2iksh8ll,cmr34l3df0br3v16z0yhypjym,"[{""kind"":""chapter_payoff_ref"",""refId"":null,""refLabel"":""第26章《争吵崩在周末前》"",""chapterId"":""cmr24zocp01s6v16z2iksh8ll"",""chapterOrder"":26,""volumeId"":null,""volumeSortOrder"":null}]","[{""summary"":""两人下班时已无任何目光或言语交互。"",""chapterOrder"":26,""chapterId"":""cmr24zocp01s6v16z2iksh8ll""}]",[],眼神断裂的预见在本章后完全成为现实。,0.9,2026-07-01T15:17:20.543+00:00,2026-07-02T06:30:34.456+00:00
cmr285cxo052jv16zehfb62r2,cmr23pgks000fv16zpwg1ms38,cold_treatment_setup,冷落突然降临的铺垫,本章通过具体行为完成冷落降临的铺垫，阿力拒绝互动，阿条感受到冷落。,volume,paid_off,9,10,9,10,cmr24zobt01rqv16zbto61e2r,cmr24zobj01rpv16zet3olxnq,cmr24zobt01rqv16zbto61e2r,cmr28ct4i054lv16zo559rqej,"[{""kind"":""chapter_payoff_ref"",""refId"":null,""refLabel"":""第10章《冷落突然降临》"",""chapterId"":""cmr24zobt01rqv16zbto61e2r"",""chapterOrder"":10,""volumeId"":null,""volumeSortOrder"":null}]","[{""summary"":""阿力拒绝阿条私下邀约和午餐，全程回避互动。"",""chapterOrder"":10,""chapterId"":""cmr24zobt01rqv16zbto61e2r""}]",[],铺垫成功，冷落正式降临。,0.9,2026-07-01T15:22:32.508+00:00,2026-07-01T15:28:20.256+00:00
cmr28qpk105bsv16z3qyi4lbn,cmr23pgks000fv16zpwg1ms38,colleagues_suspicion_upgrade,同事怀疑升级,李晴的怀疑从猜测升级为知情，她通过主动询问证实了阿条的秘密关系，同事怀疑部分兑现。,book,paid_off,13,18,13,15,cmr24zoc301rvv16zsof6hdh2,cmr24zoc001rtv16zdbja58rs,cmr24zoc301rvv16zsof6hdh2,cmr31u2u00ay9v16z0uqj1fsv,"[{""kind"":""chapter_payoff_ref"",""refId"":null,""refLabel"":""第15章《已读不回是答案》"",""chapterId"":""cmr24zoc301rvv16zsof6hdh2"",""chapterOrder"":15,""volumeId"":null,""volumeSortOrder"":null}]","[{""summary"":""李晴约阿条午饭，直接点破“你是说阿力”，阿条坦白部分事实。"",""chapterOrder"":15,""chapterId"":""cmr24zoc301rvv16zsof6hdh2""}]",[],李晴的怀疑已转化为对真相的部分掌握，代表同事层面的怀疑取得重大进展，伏笔实现。,0.85,2026-07-01T15:39:08.641+00:00,2026-07-02T05:13:34.796+00:00
cmr28qpk605btv16ztcudx9y5,cmr23pgks000fv16zpwg1ms38,eye_contact_break,眼神断裂加剧,从短暂对视到阿力走过工位时目不斜视，眼神联系彻底断裂。,chapter,paid_off,10,40,10,26,cmr24zocp01s6v16z2iksh8ll,cmr24zobt01rqv16zbto61e2r,cmr24zocp01s6v16z2iksh8ll,cmr34l3df0br3v16z0yhypjym,"[{""kind"":""chapter_payoff_ref"",""refId"":null,""refLabel"":""第26章《争吵崩在周末前》"",""chapterId"":""cmr24zocp01s6v16z2iksh8ll"",""chapterOrder"":26,""volumeId"":null,""volumeSortOrder"":null}]","[{""summary"":""争吵后阿力经过阿条工位时“没有转头，没有停顿，没有任何动作”。"",""chapterOrder"":26,""chapterId"":""cmr24zocp01s6v16z2iksh8ll""}]",[],本章后两人不再有任何眼神交流，断裂彻底。,0.95,2026-07-01T15:39:08.645+00:00,2026-07-02T06:30:34.456+00:00
cmr28qpke05bvv16zewj1tpn3,cmr23pgks000fv16zpwg1ms38,secret_half_exposure_crisis,秘密半公开危机,两人的激烈冲突被同事李晴和小菲在门外听到，关系破裂彻底公开化。,chapter,paid_off,13,20,13,26,cmr24zocp01s6v16z2iksh8ll,cmr24zoc001rtv16zdbja58rs,cmr24zocp01s6v16z2iksh8ll,cmr34l3df0br3v16z0yhypjym,"[{""kind"":""chapter_payoff_ref"",""refId"":null,""refLabel"":""第26章《争吵崩在周末前》"",""chapterId"":""cmr24zocp01s6v16z2iksh8ll"",""chapterOrder"":26,""volumeId"":null,""volumeSortOrder"":null}]","[{""summary"":""阿条开门时看见小菲端着咖啡、李晴抱着文件夹站在门外，明显听到争吵。"",""chapterOrder"":26,""chapterId"":""cmr24zocp01s6v16z2iksh8ll""}]",[],同事直接目击冲突，关系破裂不再是模糊异常，成为公开事实。,0.95,2026-07-01T15:39:08.654+00:00,2026-07-02T06:30:34.456+00:00
cmr28qpko05bwv16z2lrkegxk,cmr23pgks000fv16zpwg1ms38,disillusionment_and_resolution,幻灭与决断,阿条在深夜失眠中幻想破灭，终于下定决心不再期待，实现从执念到决断的转变。,book,paid_off,1,40,11,15,cmr24zoc301rvv16zsof6hdh2,cmr24zobw01rrv16zsmqcorpc,cmr24zoc301rvv16zsof6hdh2,cmr31u2u00ay9v16z0uqj1fsv,"[{""kind"":""chapter_payoff_ref"",""refId"":null,""refLabel"":""第15章《已读不回是答案》"",""chapterId"":""cmr24zoc301rvv16zsof6hdh2"",""chapterOrder"":15,""volumeId"":null,""volumeSortOrder"":null}]","[{""summary"":""阿条深夜独处时对自己说“不会再期待”，清晨练习微笑准备上班。"",""chapterOrder"":15,""chapterId"":""cmr24zoc301rvv16zsof6hdh2""}]",[],幻灭过程达到顶点，阿条做出明确决断，心理转折完成，伏笔兑现。,0.9,2026-07-01T15:39:08.664+00:00,2026-07-02T05:13:34.796+00:00
cmr28qpkr05bxv16zzpkrg4ov,cmr23pgks000fv16zpwg1ms38,secret_relationship_establishment,禁忌秘密关系确立与初期规则,阿条与阿力从暧昧到确立秘密关系，建立暗语系统和保密规则，享受禁忌刺激。,volume,paid_off,,,1,6,cmr24zobd01rmv16z1nhh9ss5,cmr24zoaz01rhv16zmcjv20hl,cmr24zob701rjv16zoa3pmbkg,cmr28ct4i054lv16zo559rqej,"[{""kind"":""chapter_payoff_ref"",""refLabel"":""第1章《隔间心跳》：办公室内几乎暴露的亲密瞬间。"",""chapterOrder"":1,""volumeSortOrder"":1,""chapterId"":""cmr24zoaz01rhv16zmcjv20hl""},{""kind"":""chapter_payoff_ref"",""refLabel"":""第3章《天台夜话》：秘密关系正式确立，兑现禁忌之始。"",""chapterOrder"":3,""volumeSortOrder"":1,""chapterId"":""cmr24zob701rjv16zoa3pmbkg""}]","[{""summary"":""第3章确立关系，第5章建立暗语系统，第6章选择沉溺。"",""chapterOrder"":6,""chapterId"":""cmr24zobd01rmv16z1nhh9ss5""}]",[],核心钩子已兑现，基础规则已建立。,1.0,2026-07-01T15:39:08.667+00:00,2026-07-01T15:39:08.618+00:00
cmr28qpkw05byv16zl0az6ecf,cmr23pgks000fv16zpwg1ms38,cold_shoulder_onset,冷落突然降临,阿力突然冷淡回避，导致阿条不安和猜疑。,volume,paid_off,,,9,10,cmr24zobt01rqv16zbto61e2r,cmr24zobj01rpv16zet3olxnq,cmr24zobt01rqv16zbto61e2r,cmr28ct4i054lv16zo559rqej,"[{""kind"":""foreshadow_state"",""refLabel"":""冷落突然降临与谎言发酵"",""chapterOrder"":10,""volumeSortOrder"":1,""chapterId"":""cmr24zobt01rqv16zbto61e2r""}]","[{""summary"":""第10章阿力持续回避，拒绝午餐邀请，眼神断裂。"",""chapterOrder"":10,""chapterId"":""cmr24zobt01rqv16zbto61e2r""}]","[{""code"":""plot_incomplete_beat"",""severity"":""medium"",""summary"":""第10章阿力回到工位的过程缺失，影响冷落降临场景的完整性。""}]",冷落事件已在本章发生，伏笔兑现。,1.0,2026-07-01T15:39:08.672+00:00,2026-07-01T15:39:08.618+00:00
cmr2y69ge06j9v16zk8ey952q,cmr23pgks000fv16zpwg1ms38,ali_attitude,阿力真实态度,阿力在证据面前承认撒谎但推卸责任。,book,pending_payoff,,,13,32,cmr24zod001scv16zh2hhfj2q,cmr24zoc001rtv16zdbja58rs,,cmr36aegt0c6sv16zguv4id1c,"[{""kind"":""chapter_payoff_ref"",""refId"":null,""refLabel"":""第32章《拆穿最后一层谎言》"",""chapterId"":""cmr24zod001scv16zh2hhfj2q"",""chapterOrder"":32,""volumeId"":null,""volumeSortOrder"":null}]","[{""summary"":""阿力说“你非要这样想我也没办法”。"",""chapterOrder"":32,""chapterId"":""cmr24zod001scv16zh2hhfj2q""}]","[{""code"":""sync_stale"",""severity"":""medium"",""summary"":""本轮 AI 对账没有再次命中这条伏笔，已保留旧账本并标记为 stale，等待下一次同步确认。"",""stale"":true}]",态度暴露但尚未完全揭示。,0.85,2026-07-02T03:31:04.670+00:00,2026-07-06T02:31:52.524+00:00
cmr2y69gt06jcv16zp7z9o58l,cmr23pgks000fv16zpwg1ms38,chap10_lip_brush_missed,第10章嘴角轻碰未兑现,第10章要求阿力在嘴角轻碰阿条，但实际未发生。,chapter,failed,,,10,10,cmr24zobt01rqv16zbto61e2r,,,cmr28ct4i054lv16zo559rqej,"[{""kind"":""audit_issue"",""refLabel"":""plot_keyevent_missed：阿力在嘴角轻碰未实际发生"",""chapterOrder"":10,""volumeSortOrder"":1,""chapterId"":""cmr24zobt01rqv16zbto61e2r""}]","[{""summary"":""描写停留在嘴唇即将碰触的刹那，随即被推开。"",""chapterOrder"":10,""chapterId"":""cmr24zobt01rqv16zbto61e2r""}]","[{""code"":""plot_keyevent_missed"",""severity"":""high"",""summary"":""必须推进的亲密接触未发生，情节缺失。""},{""code"":""sync_stale"",""severity"":""medium"",""summary"":""本轮 AI 对账没有再次命中这条伏笔，已保留旧账本并标记为 stale，等待下一次同步确认。"",""stale"":true}]",未按章节要求完成关键情节，已失败。,,2026-07-02T03:31:04.685+00:00,2026-07-06T02:31:52.524+00:00
cmr2y69gv06jdv16z4nmgw8xa,cmr23pgks000fv16zpwg1ms38,chap10_ending_hook_missing,第10章结尾钩子缺失,第10章要求呈现深夜独处、预感未来的结尾钩子，但在陈默消息处截断。,chapter,failed,,,10,10,cmr24zobt01rqv16zbto61e2r,,,cmr28ct4i054lv16zo559rqej,"[{""kind"":""audit_issue"",""refLabel"":""ending_missing：正文未出现深夜独处预感等结尾钩子"",""chapterOrder"":10,""volumeSortOrder"":1,""chapterId"":""cmr24zobt01rqv16zbto61e2r""}]","[{""summary"":""正文在陈默消息处截断，未出现要求的结尾钩子。"",""chapterOrder"":10,""chapterId"":""cmr24zobt01rqv16zbto61e2r""}]","[{""code"":""ending_missing"",""severity"":""high"",""summary"":""章节结尾钩子缺失，削弱后续悬念蓄能。""},{""code"":""sync_stale"",""severity"":""medium"",""summary"":""本轮 AI 对账没有再次命中这条伏笔，已保留旧账本并标记为 stale，等待下一次同步确认。"",""stale"":true}]",结尾钩子未兑现，已失败。,,2026-07-02T03:31:04.687+00:00,2026-07-06T02:31:52.524+00:00
cmr30u0990amzv16zla65w76u,cmr23pgks000fv16zpwg1ms38,ali_test_method,阿条测试阿力方法,阿条利用与小刘说笑测试阿力反应，阿力全程冷漠，测试成功并获得结果。,chapter,paid_off,11,11,11,12,cmr24zoby01rsv16zxnuxclfi,cmr24zobw01rrv16zsmqcorpc,cmr24zoby01rsv16zxnuxclfi,cmr314mbp0ap4v16zn1dhge8z,"[{""kind"":""chapter_payoff_ref"",""refId"":null,""refLabel"":""第12章《目光相撞即错开》"",""chapterId"":""cmr24zoby01rsv16zxnuxclfi"",""chapterOrder"":12,""volumeId"":null,""volumeSortOrder"":null}]","[{""summary"":""阿条主动走到技术部，与小刘说笑，同时观察阿力反应；阿力目光相撞后移开。"",""chapterOrder"":12,""chapterId"":""cmr24zoby01rsv16zxnuxclfi""}]",[],测试行为完成并获取结果，伏笔已兑现。,0.95,2026-07-02T04:45:31.725+00:00,2026-07-02T04:53:47.044+00:00
cmr314mhl0aq6v16zf2kt6ug8,cmr23pgks000fv16zpwg1ms38,atiao_wait_for_explanation,阿条等待阿力解释的执念,阿条放弃等待解释，执念终结。,volume,paid_off,,,10,32,cmr24zod001scv16zh2hhfj2q,cmr24zobt01rqv16zbto61e2r,cmr24zod001scv16zh2hhfj2q,cmr36aegt0c6sv16zguv4id1c,"[{""kind"":""chapter_payoff_ref"",""refId"":null,""refLabel"":""第32章《拆穿最后一层谎言》"",""chapterId"":""cmr24zod001scv16zh2hhfj2q"",""chapterOrder"":32,""volumeId"":null,""volumeSortOrder"":null}]","[{""summary"":""阿条说“我追着你问不是我不知道你在撒谎，是我希望你能自己停”。"",""chapterOrder"":32,""chapterId"":""cmr24zod001scv16zh2hhfj2q""}]",[],执念通过绝望放弃而兑现。,0.95,2026-07-02T04:53:47.097+00:00,2026-07-02T07:18:14.896+00:00
cmr314mhq0aq7v16zcx4ikpqc,cmr23pgks000fv16zpwg1ms38,ali_distancing_escalation,阿力疏远升级,阿力在被戳穿后暴怒砸物，随后彻底沉默，疏远达到顶点。,chapter,paid_off,12,40,12,26,cmr24zocp01s6v16z2iksh8ll,cmr24zoby01rsv16zxnuxclfi,cmr24zocp01s6v16z2iksh8ll,cmr34l3df0br3v16z0yhypjym,"[{""kind"":""chapter_payoff_ref"",""refId"":null,""refLabel"":""第26章《争吵崩在周末前》"",""chapterId"":""cmr24zocp01s6v16z2iksh8ll"",""chapterOrder"":26,""volumeId"":null,""volumeSortOrder"":null}]","[{""summary"":""阿力怒吼“我凭什么不能见别人”并扫飞文件，之后不再辩解。"",""chapterOrder"":26,""chapterId"":""cmr24zocp01s6v16z2iksh8ll""}]",[],阿力最后一次情绪爆发后彻底放弃沟通，进入完全疏远阶段。,0.95,2026-07-02T04:53:47.102+00:00,2026-07-02T06:30:34.456+00:00
cmr314xdg0aqjv16z15q52abm,cmr23pgks000fv16zpwg1ms38,ali_complete_estrangement,阿力彻底疏远升级,阿力通过流程要求彻底关闭私下沟通，使疏远达到极点，伏笔兑现。,book,paid_off,13,20,13,20,cmr24zocd01s0v16zaocty107,cmr24zoc001rtv16zdbja58rs,cmr24zocd01s0v16zaocty107,cmr331fes0bb5v16zv37i6ygc,"[{""kind"":""chapter_payoff_ref"",""refId"":null,""refLabel"":""第20章《项目锁死两人》"",""chapterId"":""cmr24zocd01s0v16zaocty107"",""chapterOrder"":20,""volumeId"":null,""volumeSortOrder"":null}]","[{""summary"":""阿力提出所有需求变更走邮件留底，拒绝茶水间私下沟通，并用‘避免误会’解释。"",""chapterOrder"":20,""chapterId"":""cmr24zocd01s0v16zaocty107""}]",[],阿力完全公事公办，无任何缓和迹象，疏远目标达成。,0.95,2026-07-02T04:54:01.204+00:00,2026-07-02T05:47:17.296+00:00
cmr314xdj0aqkv16zf90uvt7s,cmr23pgks000fv16zpwg1ms38,chenmo_party_interference,陈默聚会干扰,阿条通过陈默证实阿力寻找退路，聚会尚未发生但已产生关键信息，可能改变关系走向。,chapter,pending_payoff,37,39,37,38,cmr252peh0211v16zss2kflem,cmr252pef0210v16zltbhbtdh,,cmr8lamty0dcev16zjzob7599,"[{""kind"":""chapter_payoff_ref"",""refId"":null,""refLabel"":""第38章《领导点名别带情绪》"",""chapterId"":""cmr252peh0211v16zss2kflem"",""chapterOrder"":38,""volumeId"":null,""volumeSortOrder"":null}]","[{""summary"":""陈默告知阿条阿力问过上海招聘市场。"",""chapterOrder"":38,""chapterId"":""cmr252peh0211v16zss2kflem""}]","[{""code"":""sync_stale"",""severity"":""medium"",""summary"":""本轮 AI 对账没有再次命中这条伏笔，已保留旧账本并标记为 stale，等待下一次同步确认。"",""stale"":true}]",线索通过陈默传递，聚会本身仍待发生。,0.85,2026-07-02T04:54:01.207+00:00,2026-07-06T02:31:52.524+00:00
cmr31u2zo0az8v16zffq28c20,cmr23pgks000fv16zpwg1ms38,atiao_mask_defense,阿条戴上面具防御,本章阿条成功实施防御并反问小菲，心理防线彻底由被动转为主动，伏笔兑现。,book,paid_off,16,16,15,16,cmr24zoc501rwv16zvt0vmmu0,cmr24zoc301rvv16zsof6hdh2,cmr24zoc501rwv16zvt0vmmu0,cmr320isd0b1gv16zy3msz950,"[{""kind"":""chapter_payoff_ref"",""refId"":null,""refLabel"":""第16章《咖啡杯里的反问》"",""chapterId"":""cmr24zoc501rwv16zvt0vmmu0"",""chapterOrder"":16,""volumeId"":null,""volumeSortOrder"":null}]","[{""summary"":""阿条接过小菲的咖啡后，通过温度、台词等细节识破试探，并主动反问转移话题，同时决定在聚餐中与阿力保持距离。"",""chapterOrder"":16,""chapterId"":""cmr24zoc501rwv16zvt0vmmu0""}]",[],本章完成预设的防御行为，情绪弧按计划走完，目标章节达成。,0.95,2026-07-02T05:13:34.884+00:00,2026-07-02T05:18:35.407+00:00
cmr31ud2e0azfv16zssrhgm36,cmr23pgks000fv16zpwg1ms38,disillusionment_and_break,破灭觉醒,阿条说出“我从来就没信过你”，自我觉醒，彻底认清阿力谎言本质。,chapter,paid_off,24,40,24,26,cmr24zocp01s6v16z2iksh8ll,cmr24zocl01s4v16zvlgu20mm,cmr24zocp01s6v16z2iksh8ll,cmr34l3df0br3v16z0yhypjym,"[{""kind"":""chapter_payoff_ref"",""refId"":null,""refLabel"":""第26章《争吵崩在周末前》"",""chapterId"":""cmr24zocp01s6v16z2iksh8ll"",""chapterOrder"":26,""volumeId"":null,""volumeSortOrder"":null}]","[{""summary"":""阿条对阿力说：“因为从头到尾，我就没信过你。”"",""chapterOrder"":26,""chapterId"":""cmr24zocp01s6v16z2iksh8ll""}]",[],阿条亲口说出从未信任，幻觉彻底破灭，觉醒线完结。,0.95,2026-07-02T05:13:47.942+00:00,2026-07-02T06:30:34.456+00:00
cmr320ix20b20v16zmu48zn00,cmr23pgks000fv16zpwg1ms38,party_exposure_test,聚餐暴露危机,之前未完全暴露的聚餐伏笔在本章彻底兑现，裂痕在同事面前公开化。,chapter,paid_off,17,18,16,25,cmr24zocn01s5v16z4foypq0m,cmr24zoc501rwv16zvt0vmmu0,cmr24zocn01s5v16z4foypq0m,cmr34c3ko0bo9v16zv4g93jq3,"[{""kind"":""chapter_payoff_ref"",""refId"":null,""refLabel"":""第25章《拒绝配合演出》"",""chapterId"":""cmr24zocn01s5v16z4foypq0m"",""chapterOrder"":25,""volumeId"":null,""volumeSortOrder"":null}]","[{""summary"":""本次聚餐中阿条公开疏离，同事感知两人关系破裂，完成之前未竟的暴露。"",""chapterOrder"":25,""chapterId"":""cmr24zocn01s5v16z4foypq0m""}]",[],前序伏笔要求聚餐暴露，本章完成了公开化。,0.95,2026-07-02T05:18:35.462+00:00,2026-07-02T06:23:34.828+00:00
cmr3276wm0b46v16zb1lc1je9,cmr23pgks000fv16zpwg1ms38,midnight_phone_hint,深夜手机亮起,阿条在冰冷麻木中回到黑暗房间后，手机屏幕朝下扣在鞋柜上，深夜阿力来电，阿条按掉并阅读留言，伏笔兑现，同时开启新的僵局。,chapter,paid_off,18,18,17,18,cmr24zoc901ryv16zxu2sbz7r,cmr24zoc701rxv16z1uyp5r52,cmr24zoc901ryv16zxu2sbz7r,cmr32hs830b5yv16znw2frbjt,"[{""kind"":""chapter_payoff_ref"",""refId"":null,""refLabel"":""第18章《按掉深夜来电》"",""chapterId"":""cmr24zoc901ryv16zxu2sbz7r"",""chapterOrder"":18,""volumeId"":null,""volumeSortOrder"":null}]","[{""summary"":""手机震动，来电显示阿力；阿条按掉红色键，阅读留言“我想了很多”“睡了没？”，已读未回。"",""chapterOrder"":18,""chapterId"":""cmr24zoc901ryv16zxu2sbz7r""}]",[],本章中手机亮起并触发后续行为，伏笔兑现。,0.95,2026-07-02T05:23:46.486+00:00,2026-07-02T05:32:00.780+00:00
cmr32hsbi0b6bv16zmebnjhtb,cmr23pgks000fv16zpwg1ms38,daily_sync_exposure,每日同步强制暴露,本章进度对齐会议中，两人极度疏远，但工作交流仍通过王总间接进行，暴露风险未触发但持续存在。,volume,pending_payoff,19,30,19,37,cmr252pef0210v16zltbhbtdh,cmr24zocb01rzv16zba9tkamt,,cmr8l12yw0d9qv16z0tx8ms6j,"[{""kind"":""chapter_payoff_ref"",""refId"":null,""refLabel"":""第37章《已读不回碾碎追问》"",""chapterId"":""cmr252pef0210v16zltbhbtdh"",""chapterOrder"":37,""volumeId"":null,""volumeSortOrder"":null}]","[{""summary"":""会议中阿力全程无视阿条，目光不交集，对话只通过王总进行。"",""chapterOrder"":37,""chapterId"":""cmr252pef0210v16zltbhbtdh""}]","[{""code"":""sync_stale"",""severity"":""medium"",""summary"":""本轮 AI 对账没有再次命中这条伏笔，已保留旧账本并标记为 stale，等待下一次同步确认。"",""stale"":true}]",持续面临每日暴露可能，但双方以公务化方式应对。,0.85,2026-07-02T05:32:00.798+00:00,2026-07-06T02:31:52.524+00:00
cmr32i4la0b6mv16zo1uodoob,cmr23pgks000fv16zpwg1ms38,night_phone_call_payoff,深夜手机亮起,阿力来电，阿条按掉后阅读留言，伏笔兑现。,chapter,paid_off,,,18,18,cmr24zoc901ryv16zxu2sbz7r,cmr24zoc701rxv16z1uyp5r52,cmr24zoc701rxv16z1uyp5r52,cmr32hs830b5yv16znw2frbjt,"[{""kind"":""foreshadow_state"",""refLabel"":""深夜手机亮起"",""chapterOrder"":18,""volumeSortOrder"":1,""chapterId"":""cmr24zoc901ryv16zxu2sbz7r""}]","[{""summary"":""第18章阿条按掉来电并阅读留言。"",""chapterOrder"":18,""chapterId"":""cmr24zoc901ryv16zxu2sbz7r""}]",[],伏笔已兑现。,1.0,2026-07-02T05:32:16.701+00:00,2026-07-02T05:32:16.664+00:00
cmr32i4ld0b6nv16ze2q9olz0,cmr23pgks000fv16zpwg1ms38,forced_collaboration_exposure,强制合作暴露危机,团建晚间活动所有人同厅，阿条穿红裙将直接面对阿力，加剧暴露风险。,chapter,pending_payoff,36,40,36,39,cmr252pei0212v16zr43naa61,cmr252ped020zv16zhk3ez4ic,,cmr8ljtl10dfcv16zselcftc2,"[{""kind"":""chapter_payoff_ref"",""refId"":null,""refLabel"":""第39章《露背裙折入箱底》"",""chapterId"":""cmr252pei0212v16zr43naa61"",""chapterOrder"":39,""volumeId"":null,""volumeSortOrder"":null}]","[{""summary"":""阿条决定穿红裙参加团建，并将面对阿力。"",""chapterOrder"":39,""chapterId"":""cmr252pei0212v16zr43naa61""}]","[{""code"":""public_visibility"",""severity"":""high"",""summary"":""红裙可能在部门同事中引发关注，导致私人关系公开化。""},{""code"":""sync_stale"",""severity"":""medium"",""summary"":""本轮 AI 对账没有再次命中这条伏笔，已保留旧账本并标记为 stale，等待下一次同步确认。"",""stale"":true}]",团建未开始，暴露风险存在。,0.9,2026-07-02T05:32:16.705+00:00,2026-07-06T02:31:52.524+00:00
cmr32i4lh0b6ov16ztar0pmzt,cmr23pgks000fv16zpwg1ms38,ati_goal_change,阿条目标转变：从等待到切断,阿条从被动等待转为主动切断情感，专注工作。,chapter,paid_off,,,18,18,cmr24zoc901ryv16zxu2sbz7r,cmr24zoc901ryv16zxu2sbz7r,cmr24zoc901ryv16zxu2sbz7r,cmr32hs830b5yv16znw2frbjt,"[{""kind"":""open_conflict"",""refLabel"":""阿条 goal changed"",""chapterOrder"":18,""volumeSortOrder"":1,""chapterId"":""cmr24zoc901ryv16zxu2sbz7r""}]","[{""summary"":""第18章阿条按掉电话，决定专注工作。"",""chapterOrder"":18,""chapterId"":""cmr24zoc901ryv16zxu2sbz7r""}]",[],目标转变已明确触发。,0.9,2026-07-02T05:32:16.709+00:00,2026-07-02T05:32:16.664+00:00
cmr331fis0bbtv16zr6hmi7q5,cmr23pgks000fv16zpwg1ms38,ati_locked_and_determined,阿条被锁死积蓄决心,阿条积蓄的决意在本章正面摊牌中爆发，伏笔兑现。,chapter,paid_off,21,22,20,21,cmr24zocf01s1v16zorowoe4i,cmr24zocd01s0v16zaocty107,cmr24zocf01s1v16zorowoe4i,cmr33aw9p0bdmv16z8bg0bkb6,"[{""kind"":""chapter_payoff_ref"",""refId"":null,""refLabel"":""第21章《走廊拦截逼答案》"",""chapterId"":""cmr24zocf01s1v16zorowoe4i"",""chapterOrder"":21,""volumeId"":null,""volumeSortOrder"":null}]","[{""summary"":""阿条在走廊拦住阿力，逐一摆出按掉电话和回避证据，坚定逼问。"",""chapterOrder"":21,""chapterId"":""cmr24zocf01s1v16zorowoe4i""}]",[],正面冲突发生，积蓄决心的铺垫已转化为行动。,0.9,2026-07-02T05:47:17.332+00:00,2026-07-02T05:54:39.098+00:00
cmr33awf70bedv16zrdoobqs1,cmr23pgks000fv16zpwg1ms38,mysterious_phone_call,神秘紧急来电,阿条质问备用手机，阿力以‘隐私’搪塞，悬念延续。,volume,hinted,,,24,31,cmr24zocy01sbv16zja8tq08e,cmr24zocy01sbv16zja8tq08e,,cmr35y9no0c3mv16z6m7aivl0,"[{""kind"":""chapter_payoff_ref"",""refId"":null,""refLabel"":""第31章《追问撞上躲闪》"",""chapterId"":""cmr24zocy01sbv16zja8tq08e"",""chapterOrder"":31,""volumeId"":null,""volumeSortOrder"":null}]","[{""summary"":""阿力说‘那是我的隐私。’"",""chapterOrder"":31,""chapterId"":""cmr24zocy01sbv16zja8tq08e""}]","[{""code"":""unexplained_secret"",""severity"":""medium"",""summary"":""备用手机的秘密依然未解，可能关联重大隐情。""},{""code"":""sync_stale"",""severity"":""medium"",""summary"":""本轮 AI 对账没有再次命中这条伏笔，已保留旧账本并标记为 stale，等待下一次同步确认。"",""stale"":true}]",阿力仍不透露，悬念加深。,0.8,2026-07-02T05:54:39.139+00:00,2026-07-06T02:31:52.524+00:00
cmr33awfb0beev16zx2y3md3i,cmr23pgks000fv16zpwg1ms38,ati_cutting_off_resolve,阿条切割冷漠,阿条当众揭露谎言，宣布成为陌生人，完成从私下疏远到公开决裂的切割。,chapter,paid_off,24,40,24,26,cmr24zocp01s6v16z2iksh8ll,cmr24zocl01s4v16zvlgu20mm,cmr24zocp01s6v16z2iksh8ll,cmr34l3df0br3v16z0yhypjym,"[{""kind"":""chapter_payoff_ref"",""refId"":null,""refLabel"":""第26章《争吵崩在周末前》"",""chapterId"":""cmr24zocp01s6v16z2iksh8ll"",""chapterOrder"":26,""volumeId"":null,""volumeSortOrder"":null}]","[{""summary"":""阿条在会议室说“我从来就没信过你”并宣布“从下周一开始，我们是陌生人”。"",""chapterOrder"":26,""chapterId"":""cmr24zocp01s6v16z2iksh8ll""}]",[],本章是切割冷漠的高潮，公开宣布决裂，同事见证。,0.95,2026-07-02T05:54:39.143+00:00,2026-07-02T06:30:34.456+00:00
cmr33bcg50beov16zkiv0kpzb,cmr23pgks000fv16zpwg1ms38,forbidden_sweet_establishment,禁忌之始与甜蜜刺激,开卷承诺的办公室禁忌甜蜜关系已建立并兑现。,volume,paid_off,1,3,1,3,cmr24zob701rjv16zoa3pmbkg,cmr24zoaz01rhv16zmcjv20hl,cmr24zob701rjv16zoa3pmbkg,cmr33aw9p0bdmv16z8bg0bkb6,"[{""kind"":""chapter_payoff_ref"",""refLabel"":""第1章《隔间心跳》"",""chapterOrder"":1,""volumeSortOrder"":1,""chapterId"":""cmr24zoaz01rhv16zmcjv20hl""},{""kind"":""chapter_payoff_ref"",""refLabel"":""第3章《天台夜话》"",""chapterOrder"":3,""volumeSortOrder"":1,""chapterId"":""cmr24zob701rjv16zoa3pmbkg""}]","[{""summary"":""第3章天台夜话正式确立秘密关系，兑现禁忌之始。"",""chapterOrder"":3,""chapterId"":""cmr24zob701rjv16zoa3pmbkg""}]",[],第3章已明确确立秘密关系，甜蜜刺激已兑现。,1.0,2026-07-02T05:54:59.909+00:00,2026-07-02T05:54:59.850+00:00
cmr33bcg90bepv16zkbyv7rl8,cmr23pgks000fv16zpwg1ms38,ali_goal_change_21,阿力目标转变：从回避到掩盖,第21章阿力目标从'限制工作接触'变为'掩盖神秘联系，摆脱阿条'。,chapter,paid_off,,,21,21,cmr24zocf01s1v16zorowoe4i,cmr24zocf01s1v16zorowoe4i,cmr24zocf01s1v16zorowoe4i,cmr33aw9p0bdmv16z8bg0bkb6,"[{""kind"":""open_conflict"",""refLabel"":""阿力 goal changed"",""chapterOrder"":21,""volumeSortOrder"":1,""chapterId"":""cmr24zocf01s1v16zorowoe4i""}]","[{""summary"":""第21章阿力接电话后回避，目标转为掩盖。"",""chapterOrder"":21,""chapterId"":""cmr24zocf01s1v16zorowoe4i""}]","[{""code"":""character_goal_shift"",""severity"":""medium"",""summary"":""目标转变需明确触发点。""}]",第21章已显示目标转变，但触发点不够明确。,0.8,2026-07-02T05:54:59.913+00:00,2026-07-02T05:54:59.850+00:00
cmr33bcgc0beqv16z20hwc6s0,cmr23pgks000fv16zpwg1ms38,atiao_goal_change_21,阿条目标转变：从追问到冷漠切割,第21章阿条目标从'逼问真相'变为'冷漠切割，准备参加陈默聚会'。,chapter,paid_off,,,21,21,cmr24zocf01s1v16zorowoe4i,cmr24zocf01s1v16zorowoe4i,cmr24zocf01s1v16zorowoe4i,cmr33aw9p0bdmv16z8bg0bkb6,"[{""kind"":""open_conflict"",""refLabel"":""阿条 goal changed"",""chapterOrder"":21,""volumeSortOrder"":1,""chapterId"":""cmr24zocf01s1v16zorowoe4i""}]","[{""summary"":""第21章阿条决定不再追问，转为冷漠切割。"",""chapterOrder"":21,""chapterId"":""cmr24zocf01s1v16zorowoe4i""}]","[{""code"":""character_goal_shift"",""severity"":""medium"",""summary"":""目标转变需明确触发点。""}]",第21章已显示目标转变，但触发点不够明确。,0.8,2026-07-02T05:54:59.916+00:00,2026-07-02T05:54:59.850+00:00
cmr34uhz70bu8v16zd4y6o7vx,cmr23pgks000fv16zpwg1ms38,red_rope_break_payoff,红绳断裂象征终结,红绳在26章断裂，本章阿条确认未捡，左手腕为空，象征情感彻底终结。,chapter,paid_off,26,27,26,27,cmr24zocr01s7v16zu5ywg96j,cmr24zocp01s6v16z2iksh8ll,cmr24zocr01s7v16zu5ywg96j,cmr34uhv40btnv16zsw7onktd,"[{""kind"":""chapter_payoff_ref"",""refId"":null,""refLabel"":""第27章《大巴座位分两端》"",""chapterId"":""cmr24zocr01s7v16zu5ywg96j"",""chapterOrder"":27,""volumeId"":null,""volumeSortOrder"":null}]","[{""summary"":""阿条左手腕空，红绳断裂后未捡，并丢弃草莓糖纸。"",""chapterOrder"":27,""chapterId"":""cmr24zocr01s7v16zu5ywg96j""}]",[],红绳断裂在本章确认未捡，象征意义完全兑现。,0.95,2026-07-02T06:37:53.155+00:00,2026-07-02T06:37:53.141+00:00
cmr34uhze0bu9v16zfuw7h9mv,cmr23pgks000fv16zpwg1ms38,ali_demo_data_issue,阿力演示数据危机,王总警告阿力别再出数据口径问题，埋伏后续工作失误可能。,chapter,hinted,,,24,24,cmr24zocl01s4v16zvlgu20mm,cmr24zocl01s4v16zvlgu20mm,,cmr34uhv40btnv16zsw7onktd,"[{""kind"":""foreshadow_state"",""refLabel"":""阿力演示数据危机"",""chapterOrder"":24,""volumeSortOrder"":1,""chapterId"":""cmr24zocl01s4v16zvlgu20mm""}]","[{""summary"":""第24章王总警告阿力数据口径问题。"",""chapterOrder"":24,""chapterId"":""cmr24zocl01s4v16zvlgu20mm""}]","[{""code"":""sync_stale"",""severity"":""medium"",""summary"":""本轮 AI 对账没有再次命中这条伏笔，已保留旧账本并标记为 stale，等待下一次同步确认。"",""stale"":true}]",已铺垫但未进入兑现窗口。,0.7,2026-07-02T06:37:53.162+00:00,2026-07-06T02:31:52.524+00:00
cmr34uu3o0bujv16zehioxisk,cmr23pgks000fv16zpwg1ms38,red_string_break,红绳断裂终结,红绳断裂且未捡，象征阿条情感终结。,chapter,paid_off,,,29,29,cmr24zocv01s9v16zuaz9jx84,cmr24zocv01s9v16zuaz9jx84,cmr24zocv01s9v16zuaz9jx84,cmr34uhv40btnv16zsw7onktd,"[{""kind"":""foreshadow_state"",""refLabel"":""红绳断裂终结"",""chapterOrder"":29,""volumeSortOrder"":1,""chapterId"":""cmr24zocv01s9v16zuaz9jx84""}]","[{""summary"":""第29章木栈道撕破脸，红绳断裂未捡。"",""chapterOrder"":29,""chapterId"":""cmr24zocv01s9v16zuaz9jx84""}]",[],红绳断裂且未捡，象征终结。,1.0,2026-07-02T06:38:08.868+00:00,2026-07-02T06:38:08.834+00:00
cmr35aytv0bylv16zhdxep0nl,cmr23pgks000fv16zpwg1ms38,ruoruo_contacts_atiao,若若主动联系阿条,若若发送消息约见面，伏笔从被动接收转为双向联系，推进。,volume,pending_payoff,,,29,31,cmr24zocy01sbv16zja8tq08e,cmr24zocv01s9v16zuaz9jx84,,cmr35y9no0c3mv16z6m7aivl0,"[{""kind"":""chapter_payoff_ref"",""refId"":null,""refLabel"":""第31章《追问撞上躲闪》"",""chapterId"":""cmr24zocy01sbv16zja8tq08e"",""chapterOrder"":31,""volumeId"":null,""volumeSortOrder"":null}]","[{""summary"":""若若消息：‘明天下午三点可以吗？我想当面聊。’"",""chapterOrder"":31,""chapterId"":""cmr24zocy01sbv16zja8tq08e""}]","[{""code"":""sync_stale"",""severity"":""medium"",""summary"":""本轮 AI 对账没有再次命中这条伏笔，已保留旧账本并标记为 stale，等待下一次同步确认。"",""stale"":true}]",双方已建立直接联系，等待见面。,0.85,2026-07-02T06:50:41.491+00:00,2026-07-06T02:31:52.524+00:00
cmr35nusn0c1dv16zqh9z1y7l,cmr23pgks000fv16zpwg1ms38,atiao_final_message_to_ruoruo,阿条向若若发出摊牌消息,第30章发出的消息，本章若若回复并定好时间地点，伏笔推进。,chapter,pending_payoff,,,30,31,cmr24zocy01sbv16zja8tq08e,cmr24zocw01sav16z8wprb5vx,,cmr35y9no0c3mv16z6m7aivl0,"[{""kind"":""chapter_payoff_ref"",""refId"":null,""refLabel"":""第31章《追问撞上躲闪》"",""chapterId"":""cmr24zocy01sbv16zja8tq08e"",""chapterOrder"":31,""volumeId"":null,""volumeSortOrder"":null}]","[{""summary"":""若若回复‘明天下午三点可以吗？我想当面聊。’"",""chapterOrder"":31,""chapterId"":""cmr24zocy01sbv16zja8tq08e""}]","[{""code"":""sync_stale"",""severity"":""medium"",""summary"":""本轮 AI 对账没有再次命中这条伏笔，已保留旧账本并标记为 stale，等待下一次同步确认。"",""stale"":true}]",若若已响应，但实际见面尚未发生。,0.9,2026-07-02T07:00:42.791+00:00,2026-07-06T02:31:52.524+00:00
cmr35o7h40c1nv16z43vf1rgz,cmr23pgks000fv16zpwg1ms38,atao_confront_ruoruo,阿条向若若摊牌,本章阿条定下与若若见面的具体时间和地点，伏笔推进到待兑现。,chapter,pending_payoff,,,30,31,cmr24zocy01sbv16zja8tq08e,cmr24zocw01sav16z8wprb5vx,,cmr35y9no0c3mv16z6m7aivl0,"[{""kind"":""chapter_payoff_ref"",""refId"":null,""refLabel"":""第31章《追问撞上躲闪》"",""chapterId"":""cmr24zocy01sbv16zja8tq08e"",""chapterOrder"":31,""volumeId"":null,""volumeSortOrder"":null}]","[{""summary"":""阿条回复若若‘好’，并另发地点：湖滨银泰一楼咖啡店靠窗第三卡座，下午三点。"",""chapterOrder"":31,""chapterId"":""cmr24zocy01sbv16zja8tq08e""}]","[{""code"":""sync_stale"",""severity"":""medium"",""summary"":""本轮 AI 对账没有再次命中这条伏笔，已保留旧账本并标记为 stale，等待下一次同步确认。"",""stale"":true}]",见面已定，但尚未发生，处于即将兑现阶段。,0.9,2026-07-02T07:00:59.224+00:00,2026-07-06T02:31:52.524+00:00
cmr35o7hg0c1pv16zf098kbe2,cmr23pgks000fv16zpwg1ms38,atao_goal_shift,阿条目标转变：从切割到迫使摊牌,阿条在天台完成当面质问，摊牌行动已执行，目标兑现。,chapter,paid_off,,,30,31,cmr24zocy01sbv16zja8tq08e,cmr24zocw01sav16z8wprb5vx,cmr24zocy01sbv16zja8tq08e,cmr35y9no0c3mv16z6m7aivl0,"[{""kind"":""chapter_payoff_ref"",""refId"":null,""refLabel"":""第31章《追问撞上躲闪》"",""chapterId"":""cmr24zocy01sbv16zja8tq08e"",""chapterOrder"":31,""volumeId"":null,""volumeSortOrder"":null}]","[{""summary"":""阿条在天台当面质问若若和备用手机，并宣告不再私下交流。"",""chapterOrder"":31,""chapterId"":""cmr24zocy01sbv16zja8tq08e""}]",[],摊牌行为已发生，目标达成。,0.95,2026-07-02T07:00:59.236+00:00,2026-07-02T07:08:48.786+00:00
cmr36gq2o0cacv16zhu6ajckl,cmr23pgks000fv16zpwg1ms38,emotional_collapse_and_awakening,最终发现对方可能从未真正投入，内心彻底崩溃，在幻灭中清醒决断,阿条完成心理切割，信任彻底死亡，以空洞而冷硬的决心迎接明日办公室。,book,paid_off,,,1,33,cmr24zod201sdv16zyjm3gz4z,cmr24zoaz01rhv16zmcjv20hl,cmr24zod201sdv16zyjm3gz4z,cmr36ggif0c9hv16zzkjv2nfi,"[{""kind"":""major_payoff"",""refLabel"":""最终发现对方可能从未真正投入，内心彻底崩溃，在幻灭中清醒决断。"",""chapterOrder"":1,""volumeSortOrder"":1,""chapterId"":""cmr24zoaz01rhv16zmcjv20hl""},{""kind"":""foreshadow_state"",""refLabel"":""信任危机与隐瞒真相"",""chapterOrder"":33,""volumeSortOrder"":1,""chapterId"":""cmr24zod201sdv16zyjm3gz4z""}]","[{""summary"":""第33章阿条完成心理切割，信任彻底死亡。"",""chapterOrder"":33,""chapterId"":""cmr24zod201sdv16zyjm3gz4z""}]",[],第33章明确兑现心理切割与清醒决断。,1.0,2026-07-02T07:23:09.696+00:00,2026-07-02T07:23:09.673+00:00
cmr4d1egl0cb1v16zs3051ut4,cmr23pgks000fv16zpwg1ms38,book_first_trust_crisis,第一次因隐瞒引发的信任危机,阿条发现阿力隐瞒与前女友的联系，两人爆发激烈争吵，信任破碎，阿条心理切割。,book,paid_off,1,40,6,33,cmr24zod201sdv16zyjm3gz4z,cmr24zobd01rmv16z1nhh9ss5,cmr24zod201sdv16zyjm3gz4z,cmr36ggif0c9hv16zzkjv2nfi,"[{""kind"":""major_payoff"",""refLabel"":""第一次因隐瞒引发的信任危机"",""chapterOrder"":0,""volumeSortOrder"":1,""chapterId"":null},{""kind"":""foreshadow_state"",""refLabel"":""信任危机与隐瞒真相（已兑现）"",""chapterOrder"":33,""volumeSortOrder"":1,""chapterId"":""cmr24zod201sdv16zyjm3gz4z""}]","[{""summary"":""第33章阿条发送绝情短信并删除记录，信任彻底死亡。"",""chapterOrder"":33,""chapterId"":""cmr24zod201sdv16zyjm3gz4z""}]",[],已明确兑现，信任彻底破碎，无需后续动作。,1.0,2026-07-03T03:14:58.293+00:00,2026-07-03T03:14:58.275+00:00
cmr4d1eh80cb3v16z9hi1jdqw,cmr23pgks000fv16zpwg1ms38,book_real_feelings,对方从未真正投入,阿条发现阿力在关系紧张期间已在寻找职场退路，更确信对方从未投入真感情，推进最终认清。,book,pending_payoff,30,40,30,38,cmr252peh0211v16zss2kflem,cmr24zocw01sav16z8wprb5vx,,cmr8lamty0dcev16zjzob7599,"[{""kind"":""chapter_payoff_ref"",""refId"":null,""refLabel"":""第38章《领导点名别带情绪》"",""chapterId"":""cmr252peh0211v16zss2kflem"",""chapterOrder"":38,""volumeId"":null,""volumeSortOrder"":null}]","[{""summary"":""阿条发现阿力可能先于自己找退路，关系不对等加重。"",""chapterOrder"":38,""chapterId"":""cmr252peh0211v16zss2kflem""}]","[{""code"":""sync_stale"",""severity"":""medium"",""summary"":""本轮 AI 对账没有再次命中这条伏笔，已保留旧账本并标记为 stale，等待下一次同步确认。"",""stale"":true}]",线索推进，距离认清更近。,0.85,2026-07-03T03:14:58.316+00:00,2026-07-06T02:31:52.524+00:00
cmr4d1ehc0cb5v16z859wtked,cmr23pgks000fv16zpwg1ms38,volume_ali_true_attitude,阿力真实态度,阿力通过单人间彻底切割公务之外的接触可能，其回避态度更加强硬。,volume,pending_payoff,1,40,1,40,cmr252pek0213v16zuwcfd0ck,cmr24zoaz01rhv16zmcjv20hl,,cmr8lt4hp0dinv16ztw5fne9q,"[{""kind"":""chapter_payoff_ref"",""refId"":null,""refLabel"":""第40章《行政名单暗藏杀机》"",""chapterId"":""cmr252pek0213v16zuwcfd0ck"",""chapterOrder"":40,""volumeId"":null,""volumeSortOrder"":null}]","[{""summary"":""阿力当众宣布“我一个人住，昨晚已经跟行政部确认过了”。"",""chapterOrder"":40,""chapterId"":""cmr252pek0213v16zuwcfd0ck""}]","[{""code"":""sync_stale"",""severity"":""medium"",""summary"":""本轮 AI 对账没有再次命中这条伏笔，已保留旧账本并标记为 stale，等待下一次同步确认。"",""stale"":true}]",本章强化了他拒绝任何私下交流的立场。,0.88,2026-07-03T03:14:58.320+00:00,2026-07-06T02:31:52.524+00:00
cmr4d1ehl0cb7v16zb1nxb04r,cmr23pgks000fv16zpwg1ms38,ch1_intimate_kiss_missing,第1章茶水间亲密瞬间缺失的轻吻,第1章要求阿力在嘴角轻碰以建立禁忌感，实际只靠近未触碰，削弱了冲击力。,chapter,failed,1,1,1,1,cmr24zoaz01rhv16zmcjv20hl,cmr24zoaz01rhv16zmcjv20hl,,cmr36ggif0c9hv16zzkjv2nfi,"[{""kind"":""audit_issue"",""refLabel"":""plot_point_missing: 阿力在嘴角轻碰未实现"",""chapterOrder"":1,""volumeSortOrder"":1,""chapterId"":""cmr24zoaz01rhv16zmcjv20hl""}]","[{""summary"":""第1章正文中接近亲吻但未触碰，未满足剧情要求。"",""chapterOrder"":1,""chapterId"":""cmr24zoaz01rhv16zmcjv20hl""}]","[{""code"":""plot_point_missing"",""severity"":""medium"",""summary"":""关键情节缺失，已经无法在原位补回，可考虑在后续回忆或类似场景中弥补。""},{""code"":""sync_stale"",""severity"":""medium"",""summary"":""本轮 AI 对账没有再次命中这条伏笔，已保留旧账本并标记为 stale，等待下一次同步确认。"",""stale"":true}]",已过章节窗口，无法直接修复，标记为失败，但可在后续提及或重新演绎。,1.0,2026-07-03T03:14:58.329+00:00,2026-07-06T02:31:52.524+00:00
cmr4d1eho0cb8v16z6xbziauo,cmr23pgks000fv16zpwg1ms38,ch1_missing_characters,第1章缺失角色王总、陈默出场,系统要求王总、陈默出场但未出现，连续性缺口。,chapter,failed,1,1,1,1,cmr24zoaz01rhv16zmcjv20hl,cmr24zoaz01rhv16zmcjv20hl,,cmr36ggif0c9hv16zzkjv2nfi,"[{""kind"":""audit_issue"",""refLabel"":""continuity_missing_characters: 王总、陈默未出场"",""chapterOrder"":1,""volumeSortOrder"":1,""chapterId"":""cmr24zoaz01rhv16zmcjv20hl""}]","[{""summary"":""正文仅阿条和阿力，其他人未出现。"",""chapterOrder"":1,""chapterId"":""cmr24zoaz01rhv16zmcjv20hl""}]","[{""code"":""missing_required_characters"",""severity"":""medium"",""summary"":""结构义务角色缺失，影响世界观完整性，可在后续章节加强这些角色的存在感。""},{""code"":""sync_stale"",""severity"":""medium"",""summary"":""本轮 AI 对账没有再次命中这条伏笔，已保留旧账本并标记为 stale，等待下一次同步确认。"",""stale"":true}]",无法补回，但不必过于纠结，后续章节应确保按需求引入角色。,1.0,2026-07-03T03:14:58.332+00:00,2026-07-06T02:31:52.524+00:00
cmr8ku9ad0d7pv16zw6srfu49,cmr23pgks000fv16zpwg1ms38,ali_goal_change_36,阿力目标转变：公务化隔离,阿力通过便签、邮件和委托王总进行工作交接，将互动彻底公务化。,chapter,paid_off,36,36,36,36,cmr252ped020zv16zhk3ez4ic,cmr252ped020zv16zhk3ez4ic,cmr252ped020zv16zhk3ez4ic,cmr8ktubn0d6qv16zm30pynbs,"[{""kind"":""open_conflict"",""refLabel"":""阿力 goal changed"",""chapterOrder"":36,""volumeSortOrder"":1,""chapterId"":""cmr252ped020zv16zhk3ez4ic""}]","[{""summary"":""第36章阿力用便签、邮件和委托王总进行工作交接。"",""chapterOrder"":36,""chapterId"":""cmr252ped020zv16zhk3ez4ic""}]",[],目标转变已在本章明确执行。,0.95,2026-07-06T02:04:26.629+00:00,2026-07-06T02:04:26.574+00:00
cmr8ku9aj0d7qv16zjtnjoal3,cmr23pgks000fv16zpwg1ms38,atiao_goal_change_36,阿条目标转变：超量工作麻痹,阿条以超量工作麻痹自己，接受纯粹工作关系。,chapter,paid_off,36,36,36,36,cmr252ped020zv16zhk3ez4ic,cmr252ped020zv16zhk3ez4ic,cmr252ped020zv16zhk3ez4ic,cmr8ktubn0d6qv16zm30pynbs,"[{""kind"":""open_conflict"",""refLabel"":""阿条 goal changed"",""chapterOrder"":36,""volumeSortOrder"":1,""chapterId"":""cmr252ped020zv16zhk3ez4ic""}]","[{""summary"":""第36章阿条以超量工作麻痹自己，避免情感波动。"",""chapterOrder"":36,""chapterId"":""cmr252ped020zv16zhk3ez4ic""}]",[],目标转变已在本章明确执行。,0.95,2026-07-06T02:04:26.635+00:00,2026-07-06T02:04:26.574+00:00
cmr8ljtpv0dg3v16zeldh3m4w,cmr23pgks000fv16zpwg1ms38,atiao_red_dress_test,阿条红裙试探,阿条取出从未穿过的红裙，试穿后折入行李箱，决心在团建晚会穿着，作为试探阿力态度的工具。,chapter,pending_payoff,39,40,38,39,cmr252pei0212v16zr43naa61,cmr252peh0211v16zss2kflem,,cmr8ljtl10dfcv16zselcftc2,"[{""kind"":""chapter_payoff_ref"",""refId"":null,""refLabel"":""第39章《露背裙折入箱底》"",""chapterId"":""cmr252pei0212v16zr43naa61"",""chapterOrder"":39,""volumeId"":null,""volumeSortOrder"":null}]","[{""summary"":""阿条取出红裙，试穿，叠好放入行李箱夹层，并决定穿它参加团建。"",""chapterOrder"":39,""chapterId"":""cmr252pei0212v16zr43naa61""}]","[{""code"":""sync_stale"",""severity"":""medium"",""summary"":""本轮 AI 对账没有再次命中这条伏笔，已保留旧账本并标记为 stale，等待下一次同步确认。"",""stale"":true}]",阿条完成实物准备，明日团建兑现。,0.9,2026-07-06T02:24:19.507+00:00,2026-07-06T02:31:52.524+00:00
cmr8lk7qw0dgfv16z52jbba58,cmr23pgks000fv16zpwg1ms38,red_dress_test,红裙试探计划,阿条按计划携带红裙，但由于单人间和拼房冲击，试探行为被延后，物品保留。,volume,pending_payoff,40,40,39,40,cmr252pek0213v16zuwcfd0ck,cmr252pek0213v16zuwcfd0ck,cmr252pek0213v16zuwcfd0ck,cmr8lt4hp0dinv16ztw5fne9q,"[{""kind"":""chapter_payoff_ref"",""refId"":null,""refLabel"":""第40章《行政名单暗藏杀机》"",""chapterId"":""cmr252pek0213v16zuwcfd0ck"",""chapterOrder"":40,""volumeId"":null,""volumeSortOrder"":null}]","[{""summary"":""阿条在房间调整后意识到红裙仍在箱底，未取用。"",""chapterOrder"":40,""chapterId"":""cmr252pek0213v16zuwcfd0ck""}]","[{""code"":""sync_stale"",""severity"":""medium"",""summary"":""本轮 AI 对账没有再次命中这条伏笔，已保留旧账本并标记为 stale，等待下一次同步确认。"",""stale"":true}]",试探行动因环境突变而搁置，但资源随时可用。,0.85,2026-07-06T02:24:37.688+00:00,2026-07-06T02:31:52.524+00:00
cmr8lk7r10dggv16zd6pitek9,cmr23pgks000fv16zpwg1ms38,team_building_exposure_crisis,团队建设暴露危机,阿条房间紧邻阿力，拼房即将揭晓，私密空间压迫增强。,chapter,pending_payoff,40,40,40,40,cmr252pek0213v16zuwcfd0ck,cmr252pek0213v16zuwcfd0ck,cmr252pek0213v16zuwcfd0ck,cmr8lt4hp0dinv16ztw5fne9q,"[{""kind"":""foreshadow_state"",""refLabel"":""团队建设暴露危机"",""chapterOrder"":40,""volumeSortOrder"":1,""chapterId"":""cmr252pek0213v16zuwcfd0ck""}]","[{""summary"":""第40章阿条房间紧邻阿力，拼房即将揭晓。"",""chapterOrder"":40,""chapterId"":""cmr252pek0213v16zuwcfd0ck""}]",[],房间相邻已确认，暴露风险极高。,0.95,2026-07-06T02:24:37.693+00:00,2026-07-06T02:31:52.524+00:00
cmr8lt4m50djav16z0h79z5o9,cmr23pgks000fv16zpwg1ms38,ali_single_room_mystery,阿力单人间之谜,阿力以特殊原因申请单人间，原因未说明。,chapter,hinted,,,40,40,cmr252pek0213v16zuwcfd0ck,cmr252pek0213v16zuwcfd0ck,,cmr8lt4hp0dinv16ztw5fne9q,"[{""kind"":""foreshadow_state"",""refLabel"":""阿力单人间之谜"",""chapterOrder"":40,""volumeSortOrder"":1,""chapterId"":""cmr252pek0213v16zuwcfd0ck""}]","[{""summary"":""第40章阿力以特殊原因申请单人间，原因未说明。"",""chapterOrder"":40,""chapterId"":""cmr252pek0213v16zuwcfd0ck""}]",[],已铺垫但未揭示原因。,0.9,2026-07-06T02:31:33.533+00:00,2026-07-06T02:31:52.524+00:00
cmr8ltjas0djnv16z8cki6pce,cmr23pgks000fv16zpwg1ms38,red_dress_plan,红裙试探,阿条已携红裙到达基地，但因冲击试探行动延后。,chapter,pending_payoff,40,40,39,40,cmr252pek0213v16zuwcfd0ck,cmr252pei0212v16zr43naa61,,cmr8lt4hp0dinv16ztw5fne9q,"[{""kind"":""foreshadow_state"",""refLabel"":""红裙试探"",""chapterOrder"":40,""volumeSortOrder"":1,""chapterId"":""cmr252pek0213v16zuwcfd0ck""}]","[{""summary"":""第40章红裙已携带但未使用。"",""chapterOrder"":40,""chapterId"":""cmr252pek0213v16zuwcfd0ck""}]","[{""code"":""payoff_missing_progress"",""severity"":""medium"",""summary"":""红裙试探计划搁置，需后续推进。""}]",已携带但未使用。,0.9,2026-07-06T02:31:52.564+00:00,2026-07-06T02:31:52.524+00:00
cmr8ltjaw0djov16z4w07nrfq,cmr23pgks000fv16zpwg1ms38,secret_communication_system,秘密通信与暗语系统,暗语系统被便签替代，但未提及废弃或回忆。,book,failed,,,5,36,cmr252ped020zv16zhk3ez4ic,cmr24zobb01rlv16z1chjyonq,,cmr8lt4hp0dinv16ztw5fne9q,"[{""kind"":""chapter_payoff_ref"",""refLabel"":""第5章茶水间脱险：编码暗语系统"",""chapterOrder"":5,""volumeSortOrder"":1,""chapterId"":""cmr24zobb01rlv16z1chjyonq""},{""kind"":""open_conflict"",""refLabel"":""payoff_missing_progress: 秘密通信与暗语系统"",""chapterOrder"":40,""volumeSortOrder"":1,""chapterId"":""cmr252pek0213v16zuwcfd0ck""}]","[{""summary"":""第36章便签替代暗语，系统被废弃。"",""chapterOrder"":36,""chapterId"":""cmr252ped020zv16zhk3ez4ic""}]",[],暗语系统被便签替代，已失效。,0.9,2026-07-06T02:31:52.568+00:00,2026-07-06T02:31:52.524+00:00
